{
"type": "FeatureCollection",
"name": "india",
"crs": { "type": "name", "properties": { "name": "urn:ogc:def:crs:OGC:1.3:CRS84" } },
"xy_coordinate_resolution": 1e-05,
"features": [
{ "type": "Feature", "properties": { "source": "https://simplemaps.com", "id": "INAN", "name": "Andaman and Nicobar Islands" }, "geometry": { "type": "MultiPolygon", "coordinates": [ [ [ [ 93.84805, 7.24028 ], [ 93.8425, 7.22861 ], [ 93.85139, 7.21389 ], [ 93.87028, 7.21583 ], [ 93.88364, 7.18845 ], [ 93.88, 7.17472 ], [ 93.88789, 7.15115 ], [ 93.89139, 7.12111 ], [ 93.88778, 7.08639 ], [ 93.90166, 7.0775 ], [ 93.91666, 7.0484 ], [ 93.92206, 7.00986 ], [ 93.9139, 7.0 ], [ 93.92944, 6.98389 ], [ 93.93657, 6.96236 ], [ 93.91722, 6.94452 ], [ 93.91028, 6.92333 ], [ 93.91648, 6.91292 ], [ 93.89722, 6.90216 ], [ 93.9016, 6.88108 ], [ 93.89361, 6.86694 ], [ 93.89361, 6.84694 ], [ 93.90875, 6.83821 ], [ 93.89623, 6.80486 ], [ 93.88513, 6.795 ], [ 93.86828, 6.81504 ], [ 93.8532, 6.81539 ], [ 93.84611, 6.80056 ], [ 93.84728, 6.7798 ], [ 93.82832, 6.75426 ], [ 93.80666, 6.76252 ], [ 93.81333, 6.80778 ], [ 93.80111, 6.81361 ], [ 93.78571, 6.83585 ], [ 93.79444, 6.8489 ], [ 93.77375, 6.8641 ], [ 93.77972, 6.88153 ], [ 93.76278, 6.90778 ], [ 93.75076, 6.90812 ], [ 93.74194, 6.925 ], [ 93.75222, 6.93889 ], [ 93.74528, 6.96195 ], [ 93.73117, 6.96956 ], [ 93.72301, 6.99194 ], [ 93.70747, 6.98979 ], [ 93.6993, 7.01153 ], [ 93.68584, 7.01833 ], [ 93.67028, 7.01305 ], [ 93.66528, 7.04194 ], [ 93.67028, 7.08111 ], [ 93.66028, 7.08639 ], [ 93.65583, 7.12639 ], [ 93.67583, 7.13993 ], [ 93.6749, 7.1765 ], [ 93.68611, 7.19 ], [ 93.71306, 7.19222 ], [ 93.73361, 7.18722 ], [ 93.755, 7.21139 ], [ 93.80771, 7.21486 ], [ 93.80832, 7.22889 ], [ 93.82611, 7.23805 ], [ 93.84805, 7.24028 ] ] ], [ [ [ 93.71306, 7.44361 ], [ 93.72222, 7.42111 ], [ 93.72472, 7.39722 ], [ 93.75646, 7.37437 ], [ 93.75472, 7.35889 ], [ 93.74277, 7.3475 ], [ 93.725, 7.31 ], [ 93.7061, 7.30306 ], [ 93.67944, 7.28472 ], [ 93.66972, 7.25972 ], [ 93.64861, 7.2425 ], [ 93.62876, 7.26855 ], [ 93.63333, 7.29 ], [ 93.62639, 7.30583 ], [ 93.63611, 7.32139 ], [ 93.63111, 7.36167 ], [ 93.66194, 7.38083 ], [ 93.7075, 7.39389 ], [ 93.70695, 7.43778 ], [ 93.71306, 7.44361 ] ] ], [ [ [ 93.38, 8.02472 ], [ 93.40965, 8.00708 ], [ 93.40278, 7.97445 ], [ 93.42083, 7.95917 ], [ 93.43, 7.96778 ], [ 93.46139, 7.93583 ], [ 93.47417, 7.89583 ], [ 93.46167, 7.87222 ], [ 93.4414, 7.89889 ], [ 93.41639, 7.90667 ], [ 93.3975, 7.90195 ], [ 93.37722, 7.88167 ], [ 93.35639, 7.88889 ], [ 93.34444, 7.90167 ], [ 93.34778, 7.92556 ], [ 93.31805, 7.94306 ], [ 93.31055, 7.96195 ], [ 93.32417, 7.97694 ], [ 93.3225, 7.99306 ], [ 93.33639, 8.01222 ], [ 93.35472, 8.00778 ], [ 93.38, 8.02472 ] ] ], [ [ [ 93.54729, 8.02805 ], [ 93.56361, 8.02472 ], [ 93.58277, 7.99167 ], [ 93.57944, 7.93361 ], [ 93.57389, 7.92889 ], [ 93.50723, 7.98528 ], [ 93.5425, 8.015 ], [ 93.54729, 8.02805 ] ] ], [ [ [ 93.57861, 8.12528 ], [ 93.58874, 8.10935 ], [ 93.59139, 8.06583 ], [ 93.60111, 8.04417 ], [ 93.5925, 8.03778 ], [ 93.57166, 8.06722 ], [ 93.58028, 8.08083 ], [ 93.57, 8.09111 ], [ 93.56139, 8.11861 ], [ 93.57861, 8.12528 ] ] ], [ [ [ 93.52649, 8.23127 ], [ 93.54417, 8.225 ], [ 93.54472, 8.19611 ], [ 93.52528, 8.17139 ], [ 93.50972, 8.16583 ], [ 93.50436, 8.1443 ], [ 93.52583, 8.11944 ], [ 93.53167, 8.09972 ], [ 93.54833, 8.08833 ], [ 93.55305, 8.06639 ], [ 93.54166, 8.0375 ], [ 93.50888, 8.03402 ], [ 93.50667, 8.00167 ], [ 93.49194, 8.0 ], [ 93.48639, 8.03667 ], [ 93.52583, 8.05528 ], [ 93.52722, 8.07639 ], [ 93.51583, 8.08389 ], [ 93.48473, 8.0525 ], [ 93.48333, 8.0775 ], [ 93.45889, 8.12444 ], [ 93.455, 8.17556 ], [ 93.47706, 8.18516 ], [ 93.49055, 8.19889 ], [ 93.49465, 8.22277 ], [ 93.52649, 8.23127 ] ] ], [ [ [ 93.23528, 8.26556 ], [ 93.25195, 8.22889 ], [ 93.23889, 8.22083 ], [ 93.22012, 8.24506 ], [ 93.23528, 8.26556 ] ] ], [ [ [ 93.12627, 8.35586 ], [ 93.1434, 8.3465 ], [ 93.13111, 8.30977 ], [ 93.12611, 8.27722 ], [ 93.1543, 8.24304 ], [ 93.19431, 8.22499 ], [ 93.20556, 8.21306 ], [ 93.19556, 8.19306 ], [ 93.16639, 8.19972 ], [ 93.12334, 8.22083 ], [ 93.10111, 8.24611 ], [ 93.08528, 8.27389 ], [ 93.08528, 8.30787 ], [ 93.09528, 8.34028 ], [ 93.12627, 8.35586 ] ] ], [ [ [ 93.04389, 8.47333 ], [ 93.05583, 8.46222 ], [ 93.05139, 8.43833 ], [ 93.03445, 8.45111 ], [ 93.04389, 8.47333 ] ] ], [ [ [ 93.616, 8.57363 ], [ 93.62305, 8.52944 ], [ 93.63472, 8.52444 ], [ 93.64243, 8.46743 ], [ 93.62666, 8.46722 ], [ 93.62493, 8.51515 ], [ 93.61014, 8.54433 ], [ 93.616, 8.57363 ] ] ], [ [ [ 92.78778, 9.24417 ], [ 92.81389, 9.22028 ], [ 92.82553, 9.19213 ], [ 92.83187, 9.16341 ], [ 92.82414, 9.13835 ], [ 92.81111, 9.12389 ], [ 92.7887, 9.11896 ], [ 92.76891, 9.12762 ], [ 92.73167, 9.12438 ], [ 92.71973, 9.14607 ], [ 92.72083, 9.21361 ], [ 92.76527, 9.21472 ], [ 92.78778, 9.24417 ] ] ], [ [ [ 92.51583, 10.89764 ], [ 92.55833, 10.86333 ], [ 92.56139, 10.81194 ], [ 92.58771, 10.78695 ], [ 92.58278, 10.7425 ], [ 92.59737, 10.70631 ], [ 92.59762, 10.6831 ], [ 92.5759, 10.67081 ], [ 92.57893, 10.6582 ], [ 92.55271, 10.63785 ], [ 92.54028, 10.61361 ], [ 92.54444, 10.59333 ], [ 92.56416, 10.58667 ], [ 92.56834, 10.57611 ], [ 92.53368, 10.52806 ], [ 92.53136, 10.51844 ], [ 92.49903, 10.51118 ], [ 92.48139, 10.51833 ], [ 92.46222, 10.53611 ], [ 92.43472, 10.54833 ], [ 92.41862, 10.54721 ], [ 92.40166, 10.53139 ], [ 92.38416, 10.54389 ], [ 92.40972, 10.58333 ], [ 92.42056, 10.61472 ], [ 92.40833, 10.64861 ], [ 92.395, 10.66639 ], [ 92.38097, 10.66648 ], [ 92.3825, 10.71972 ], [ 92.37771, 10.74007 ], [ 92.37611, 10.78167 ], [ 92.39452, 10.77962 ], [ 92.41306, 10.78889 ], [ 92.43107, 10.82176 ], [ 92.45741, 10.83999 ], [ 92.45861, 10.86306 ], [ 92.47945, 10.87139 ], [ 92.4925, 10.88917 ], [ 92.51583, 10.89764 ] ] ], [ [ [ 92.64146, 11.51014 ], [ 92.66817, 11.4904 ], [ 92.68507, 11.43326 ], [ 92.66415, 11.39499 ], [ 92.69239, 11.38793 ], [ 92.69061, 11.36991 ], [ 92.63843, 11.34652 ], [ 92.59937, 11.34676 ], [ 92.58121, 11.36667 ], [ 92.59246, 11.38058 ], [ 92.58785, 11.40125 ], [ 92.62246, 11.40454 ], [ 92.62359, 11.44078 ], [ 92.61107, 11.45863 ], [ 92.61628, 11.48514 ], [ 92.63199, 11.51449 ], [ 92.64146, 11.51014 ] ] ], [ [ [ 92.61102, 11.58826 ], [ 92.61726, 11.56645 ], [ 92.6006, 11.56809 ], [ 92.61102, 11.58826 ] ] ], [ [ [ 92.21893, 11.59232 ], [ 92.2415, 11.59207 ], [ 92.26991, 11.58494 ], [ 92.26889, 11.55519 ], [ 92.27464, 11.53492 ], [ 92.26041, 11.51754 ], [ 92.25031, 11.5258 ], [ 92.21685, 11.52883 ], [ 92.2081, 11.54775 ], [ 92.21893, 11.59232 ] ] ], [ [ [ 92.53976, 11.60332 ], [ 92.54533, 11.59434 ], [ 92.5667, 11.59213 ], [ 92.56499, 11.57518 ], [ 92.55344, 11.56172 ], [ 92.53751, 11.56122 ], [ 92.53195, 11.59507 ], [ 92.53976, 11.60332 ] ] ], [ [ [ 93.02084, 11.84333 ], [ 93.0325, 11.83667 ], [ 93.06332, 11.84476 ], [ 93.07222, 11.83556 ], [ 93.04999, 11.81222 ], [ 93.01733, 11.83074 ], [ 93.02084, 11.84333 ] ] ], [ [ [ 92.59611, 11.97611 ], [ 92.60722, 11.94472 ], [ 92.59611, 11.93806 ], [ 92.59611, 11.97611 ] ] ], [ [ [ 92.96954, 12.03368 ], [ 92.98277, 12.04338 ], [ 93.00333, 12.02917 ], [ 93.00833, 11.99806 ], [ 93.03744, 11.94745 ], [ 93.05384, 11.89616 ], [ 93.04598, 11.88401 ], [ 93.02525, 11.88822 ], [ 93.02246, 11.90085 ], [ 92.98844, 11.94996 ], [ 92.97337, 11.94917 ], [ 92.96079, 11.97973 ], [ 92.93387, 11.98499 ], [ 92.93085, 12.00556 ], [ 92.95065, 12.01312 ], [ 92.96954, 12.03368 ] ] ], [ [ [ 92.99136, 12.10893 ], [ 93.00333, 12.105 ], [ 92.99859, 12.04639 ], [ 92.99042, 12.04434 ], [ 92.96182, 12.0722 ], [ 92.95973, 12.10719 ], [ 92.99136, 12.10893 ] ] ], [ [ [ 93.02778, 12.15694 ], [ 93.02611, 12.13889 ], [ 93.03528, 12.12528 ], [ 93.03555, 12.09777 ], [ 93.05361, 12.07556 ], [ 93.05334, 12.06056 ], [ 93.04156, 12.04572 ], [ 93.025, 12.07 ], [ 93.00702, 12.07578 ], [ 93.0061, 12.10805 ], [ 92.97671, 12.11327 ], [ 92.96231, 12.1228 ], [ 92.9556, 12.14219 ], [ 92.9633, 12.15079 ], [ 92.9933, 12.14083 ], [ 93.02778, 12.15694 ] ] ], [ [ [ 93.0686, 12.21133 ], [ 93.08546, 12.19522 ], [ 93.09404, 12.14838 ], [ 93.08865, 12.13081 ], [ 93.09222, 12.10691 ], [ 93.08487, 12.08914 ], [ 93.07004, 12.08717 ], [ 93.03744, 12.1345 ], [ 93.05636, 12.19136 ], [ 93.0686, 12.21133 ] ] ], [ [ [ 92.70087, 12.23561 ], [ 92.70634, 12.22841 ], [ 92.71552, 12.16832 ], [ 92.73666, 12.18222 ], [ 92.75723, 12.17555 ], [ 92.75551, 12.15431 ], [ 92.73754, 12.11133 ], [ 92.73528, 12.08884 ], [ 92.75159, 12.07101 ], [ 92.77569, 12.0309 ], [ 92.76167, 12.02055 ], [ 92.74076, 12.03425 ], [ 92.75717, 11.98837 ], [ 92.72586, 11.97422 ], [ 92.71597, 11.95082 ], [ 92.73172, 11.89915 ], [ 92.74664, 11.93211 ], [ 92.77712, 11.93844 ], [ 92.78768, 11.92556 ], [ 92.77895, 11.89214 ], [ 92.78694, 11.87173 ], [ 92.7549, 11.71744 ], [ 92.74225, 11.70898 ], [ 92.7182, 11.70599 ], [ 92.70198, 11.692 ], [ 92.69866, 11.66569 ], [ 92.68387, 11.65098 ], [ 92.66641, 11.65411 ], [ 92.66869, 11.63322 ], [ 92.69054, 11.63184 ], [ 92.71614, 11.66588 ], [ 92.7449, 11.67554 ], [ 92.75625, 11.66572 ], [ 92.75285, 11.60962 ], [ 92.73014, 11.55784 ], [ 92.72366, 11.52723 ], [ 92.72794, 11.51759 ], [ 92.70914, 11.48833 ], [ 92.69827, 11.50705 ], [ 92.66393, 11.50664 ], [ 92.64616, 11.52362 ], [ 92.65063, 11.55182 ], [ 92.62763, 11.57063 ], [ 92.60738, 11.59478 ], [ 92.60811, 11.63451 ], [ 92.59518, 11.66516 ], [ 92.5992, 11.68989 ], [ 92.58737, 11.71733 ], [ 92.57414, 11.7149 ], [ 92.56261, 11.69339 ], [ 92.5523, 11.72127 ], [ 92.55605, 11.77269 ], [ 92.5456, 11.82798 ], [ 92.52473, 11.82606 ], [ 92.51352, 11.848 ], [ 92.52494, 11.8717 ], [ 92.52642, 11.89502 ], [ 92.53774, 11.9036 ], [ 92.5426, 11.9232 ], [ 92.56538, 11.94322 ], [ 92.57841, 11.92718 ], [ 92.58614, 11.88848 ], [ 92.61105, 11.87126 ], [ 92.606, 11.92341 ], [ 92.6115, 11.94036 ], [ 92.61306, 12.0066 ], [ 92.62556, 12.06194 ], [ 92.61953, 12.07078 ], [ 92.62361, 12.10278 ], [ 92.63154, 12.12281 ], [ 92.64573, 12.17916 ], [ 92.68939, 12.23535 ], [ 92.70087, 12.23561 ] ] ], [ [ [ 92.73061, 12.24245 ], [ 92.73897, 12.23327 ], [ 92.7623, 12.22937 ], [ 92.76811, 12.20137 ], [ 92.76368, 12.18218 ], [ 92.72344, 12.18884 ], [ 92.72234, 12.22828 ], [ 92.73061, 12.24245 ] ] ], [ [ [ 92.90167, 12.25585 ], [ 92.91444, 12.23044 ], [ 92.86974, 12.23807 ], [ 92.90167, 12.25585 ] ] ], [ [ [ 93.07777, 12.26194 ], [ 93.08667, 12.23722 ], [ 93.08417, 12.22222 ], [ 93.06555, 12.22723 ], [ 93.07056, 12.25778 ], [ 93.07777, 12.26194 ] ] ], [ [ [ 92.71142, 12.29607 ], [ 92.72344, 12.29513 ], [ 92.71255, 12.24667 ], [ 92.70148, 12.26737 ], [ 92.71142, 12.29607 ] ] ], [ [ [ 92.9414, 12.2808 ], [ 92.92273, 12.25953 ], [ 92.90159, 12.28076 ], [ 92.91383, 12.29261 ], [ 92.92673, 12.28058 ], [ 92.9414, 12.2808 ] ] ], [ [ [ 92.77657, 12.31028 ], [ 92.79262, 12.30448 ], [ 92.80948, 12.31283 ], [ 92.82996, 12.30037 ], [ 92.85787, 12.30543 ], [ 92.86972, 12.30083 ], [ 92.88765, 12.2588 ], [ 92.85944, 12.24694 ], [ 92.87189, 12.22667 ], [ 92.87511, 12.19312 ], [ 92.85344, 12.20382 ], [ 92.84871, 12.16244 ], [ 92.8365, 12.16719 ], [ 92.79859, 12.10856 ], [ 92.79298, 12.08282 ], [ 92.765, 12.06333 ], [ 92.73929, 12.08464 ], [ 92.73948, 12.09895 ], [ 92.76539, 12.17652 ], [ 92.76915, 12.20222 ], [ 92.76842, 12.22772 ], [ 92.75143, 12.23254 ], [ 92.74229, 12.24554 ], [ 92.75197, 12.27465 ], [ 92.76389, 12.264 ], [ 92.78172, 12.28508 ], [ 92.77657, 12.31028 ] ] ], [ [ [ 93.8397, 12.32082 ], [ 93.85775, 12.29313 ], [ 93.87805, 12.28167 ], [ 93.87244, 12.26778 ], [ 93.8807, 12.23664 ], [ 93.84054, 12.23692 ], [ 93.82668, 12.24486 ], [ 93.81479, 12.28527 ], [ 93.82415, 12.30748 ], [ 93.8397, 12.32082 ] ] ], [ [ [ 92.85291, 12.40883 ], [ 92.87303, 12.4055 ], [ 92.88989, 12.39133 ], [ 92.86688, 12.37783 ], [ 92.84843, 12.39433 ], [ 92.85291, 12.40883 ] ] ], [ [ [ 92.95536, 12.41469 ], [ 92.94286, 12.40049 ], [ 92.94301, 12.38461 ], [ 92.93234, 12.35945 ], [ 92.9189, 12.36502 ], [ 92.92775, 12.387 ], [ 92.93291, 12.41897 ], [ 92.94969, 12.42959 ], [ 92.95536, 12.41469 ] ] ], [ [ [ 92.71097, 12.82903 ], [ 92.71339, 12.77348 ], [ 92.69452, 12.79754 ], [ 92.71097, 12.82903 ] ] ], [ [ [ 92.89889, 12.91583 ], [ 92.91041, 12.90864 ], [ 92.90904, 12.88309 ], [ 92.92828, 12.88334 ], [ 92.94419, 12.82673 ], [ 92.95406, 12.80746 ], [ 92.93454, 12.78156 ], [ 92.93905, 12.76781 ], [ 92.96006, 12.75498 ], [ 92.96445, 12.72907 ], [ 92.97689, 12.71817 ], [ 92.96313, 12.69847 ], [ 92.96521, 12.68097 ], [ 92.95811, 12.64287 ], [ 92.95614, 12.60808 ], [ 92.9616, 12.57784 ], [ 92.97551, 12.5419 ], [ 92.95905, 12.48669 ], [ 92.94528, 12.49734 ], [ 92.93318, 12.48159 ], [ 92.94973, 12.46441 ], [ 92.94218, 12.44999 ], [ 92.92358, 12.43595 ], [ 92.91532, 12.41206 ], [ 92.89668, 12.42984 ], [ 92.878, 12.4177 ], [ 92.82944, 12.42861 ], [ 92.83806, 12.39806 ], [ 92.87405, 12.35335 ], [ 92.88651, 12.32329 ], [ 92.87813, 12.31318 ], [ 92.85739, 12.31434 ], [ 92.83243, 12.30256 ], [ 92.80914, 12.31492 ], [ 92.79545, 12.30618 ], [ 92.7719, 12.31807 ], [ 92.74795, 12.29998 ], [ 92.71914, 12.3009 ], [ 92.70084, 12.33676 ], [ 92.69809, 12.42099 ], [ 92.70654, 12.45201 ], [ 92.701, 12.47033 ], [ 92.7083, 12.49157 ], [ 92.69427, 12.51476 ], [ 92.69901, 12.53974 ], [ 92.70889, 12.55674 ], [ 92.70695, 12.59306 ], [ 92.69508, 12.60728 ], [ 92.70961, 12.61603 ], [ 92.71523, 12.63643 ], [ 92.73606, 12.64052 ], [ 92.73311, 12.65332 ], [ 92.74452, 12.67117 ], [ 92.72947, 12.69745 ], [ 92.74111, 12.70028 ], [ 92.74148, 12.72448 ], [ 92.7312, 12.74317 ], [ 92.72112, 12.78814 ], [ 92.72438, 12.82797 ], [ 92.73811, 12.82949 ], [ 92.77142, 12.86347 ], [ 92.79317, 12.86297 ], [ 92.79218, 12.89009 ], [ 92.82435, 12.89534 ], [ 92.82786, 12.88605 ], [ 92.8341, 12.88552 ], [ 92.8397, 12.89129 ], [ 92.84306, 12.88599 ], [ 92.84019, 12.87827 ], [ 92.84173, 12.87561 ], [ 92.84479, 12.87506 ], [ 92.87468, 12.88193 ], [ 92.89177, 12.89538 ], [ 92.89889, 12.91583 ] ] ], [ [ [ 92.69566, 12.99196 ], [ 92.71928, 12.97941 ], [ 92.7215, 12.88834 ], [ 92.71453, 12.8628 ], [ 92.68983, 12.83449 ], [ 92.68901, 12.81673 ], [ 92.67178, 12.79416 ], [ 92.65368, 12.83783 ], [ 92.64926, 12.8606 ], [ 92.66454, 12.8806 ], [ 92.66817, 12.91863 ], [ 92.67979, 12.94111 ], [ 92.6701, 12.95167 ], [ 92.6851, 12.98774 ], [ 92.69566, 12.99196 ] ] ], [ [ [ 93.00674, 12.9969 ], [ 92.99279, 12.98579 ], [ 92.97285, 12.95476 ], [ 92.95977, 12.95529 ], [ 92.96114, 12.98974 ], [ 92.97918, 12.97974 ], [ 93.00674, 12.9969 ] ] ], [ [ [ 92.92639, 13.02417 ], [ 92.93694, 13.02611 ], [ 92.94418, 12.99697 ], [ 92.92083, 13.00111 ], [ 92.92639, 13.02417 ] ] ], [ [ [ 94.27333, 13.46444 ], [ 94.27556, 13.44194 ], [ 94.25575, 13.43026 ], [ 94.24973, 13.44639 ], [ 94.27333, 13.46444 ] ] ], [ [ [ 93.02944, 13.57333 ], [ 93.03972, 13.54722 ], [ 93.04361, 13.50528 ], [ 93.03582, 13.48456 ], [ 93.03324, 13.4576 ], [ 93.03667, 13.41945 ], [ 93.05083, 13.40556 ], [ 93.06277, 13.36083 ], [ 93.07917, 13.34139 ], [ 93.07195, 13.32277 ], [ 93.05527, 13.3289 ], [ 93.04028, 13.32222 ], [ 93.04, 13.35056 ], [ 93.0275, 13.34514 ], [ 93.00333, 13.35333 ], [ 92.97945, 13.33556 ], [ 92.96379, 13.35905 ], [ 92.95505, 13.34448 ], [ 92.95973, 13.3275 ], [ 92.9772, 13.32434 ], [ 93.01334, 13.30694 ], [ 93.04611, 13.25917 ], [ 93.06, 13.26139 ], [ 93.05611, 13.23278 ], [ 93.03222, 13.17806 ], [ 93.03741, 13.13887 ], [ 93.03139, 13.12972 ], [ 93.03596, 13.09116 ], [ 93.03056, 13.06889 ], [ 93.00634, 13.03081 ], [ 92.98896, 13.0256 ], [ 92.97114, 13.02947 ], [ 92.9606, 13.01484 ], [ 92.93696, 13.03903 ], [ 92.9295, 13.06245 ], [ 92.91629, 13.05415 ], [ 92.90361, 13.02194 ], [ 92.90862, 13.00054 ], [ 92.93859, 12.97602 ], [ 92.92694, 12.95756 ], [ 92.90968, 12.96197 ], [ 92.90749, 12.98393 ], [ 92.88271, 12.98304 ], [ 92.87505, 12.96397 ], [ 92.8772, 12.94614 ], [ 92.85716, 12.93431 ], [ 92.85919, 12.90315 ], [ 92.8736, 12.90248 ], [ 92.87212, 12.88254 ], [ 92.85755, 12.87871 ], [ 92.85106, 12.87861 ], [ 92.84297, 12.8763 ], [ 92.84126, 12.87718 ], [ 92.84389, 12.88556 ], [ 92.84347, 12.89099 ], [ 92.80148, 12.90075 ], [ 92.7942, 12.91438 ], [ 92.80108, 12.93587 ], [ 92.79266, 12.95229 ], [ 92.79295, 12.97998 ], [ 92.81399, 12.98337 ], [ 92.81889, 13.00056 ], [ 92.79083, 13.01222 ], [ 92.79583, 13.04917 ], [ 92.79667, 13.08944 ], [ 92.82, 13.10111 ], [ 92.81111, 13.12722 ], [ 92.84194, 13.14611 ], [ 92.80972, 13.15306 ], [ 92.83167, 13.21389 ], [ 92.82777, 13.23667 ], [ 92.84972, 13.23917 ], [ 92.85445, 13.25778 ], [ 92.83889, 13.25889 ], [ 92.8225, 13.27722 ], [ 92.84194, 13.30111 ], [ 92.82667, 13.30667 ], [ 92.82667, 13.32861 ], [ 92.83472, 13.33805 ], [ 92.8364, 13.36694 ], [ 92.85278, 13.38694 ], [ 92.84528, 13.40861 ], [ 92.87222, 13.41556 ], [ 92.88416, 13.42972 ], [ 92.87361, 13.44639 ], [ 92.87666, 13.475 ], [ 92.90056, 13.47778 ], [ 92.9037, 13.49725 ], [ 92.92944, 13.50167 ], [ 92.91389, 13.53111 ], [ 92.91861, 13.53694 ], [ 92.96472, 13.54444 ], [ 92.97639, 13.52778 ], [ 92.99223, 13.53611 ], [ 92.98084, 13.55278 ], [ 92.99306, 13.56611 ], [ 93.01552, 13.54987 ], [ 93.01917, 13.57361 ], [ 93.02944, 13.57333 ] ] ], [ [ [ 93.01583, 13.67611 ], [ 93.02556, 13.66083 ], [ 93.01472, 13.64389 ], [ 92.98639, 13.64278 ], [ 92.98167, 13.66528 ], [ 93.01583, 13.67611 ] ] ], [ [ [ 93.36625, 14.15638 ], [ 93.37805, 14.12083 ], [ 93.37465, 14.09222 ], [ 93.36639, 14.06889 ], [ 93.35472, 14.0725 ], [ 93.36389, 14.0975 ], [ 93.35374, 14.14951 ], [ 93.36625, 14.15638 ] ] ], [ [ [ 93.64139, 14.9025 ], [ 93.63333, 14.87389 ], [ 93.61292, 14.87366 ], [ 93.62527, 14.89806 ], [ 93.64139, 14.9025 ] ] ] ] } },
{ "type": "Feature", "properties": { "source": "https://simplemaps.com", "id": "INTG", "name": "Telangana" }, "geometry": { "type": "MultiPolygon", "coordinates": [ [ [ [ 81.08548, 17.80148 ], [ 81.10432, 17.77367 ], [ 81.05343, 17.73606 ], [ 81.03905, 17.74934 ], [ 81.02025, 17.74934 ], [ 81.01914, 17.74159 ], [ 80.98817, 17.75265 ], [ 80.9749, 17.7792 ], [ 80.96384, 17.78031 ], [ 80.94614, 17.7615 ], [ 80.92954, 17.7615 ], [ 80.91406, 17.74934 ], [ 80.89194, 17.74823 ], [ 80.89304, 17.69182 ], [ 80.90853, 17.67633 ], [ 80.90189, 17.66527 ], [ 80.91074, 17.65421 ], [ 80.90632, 17.64314 ], [ 80.8853, 17.63429 ], [ 80.85986, 17.6354 ], [ 80.85101, 17.62213 ], [ 80.85986, 17.6 ], [ 80.89525, 17.60111 ], [ 80.96826, 17.5989 ], [ 80.98596, 17.57899 ], [ 81.00145, 17.55465 ], [ 81.01472, 17.52257 ], [ 81.07777, 17.51594 ], [ 81.09547, 17.50598 ], [ 81.12534, 17.527 ], [ 81.14525, 17.50487 ], [ 81.14303, 17.4916 ], [ 81.16073, 17.48386 ], [ 81.15299, 17.46505 ], [ 81.1729, 17.46505 ], [ 81.17401, 17.45288 ], [ 81.19945, 17.4374 ], [ 81.20608, 17.45067 ], [ 81.21936, 17.44293 ], [ 81.26029, 17.42191 ], [ 81.31117, 17.41085 ], [ 81.32096, 17.38681 ], [ 81.28917, 17.33755 ], [ 81.26717, 17.32 ], [ 81.21875, 17.32174 ], [ 81.19031, 17.32737 ], [ 81.17196, 17.30545 ], [ 81.17114, 17.26666 ], [ 81.18056, 17.2546 ], [ 81.16279, 17.23258 ], [ 81.14555, 17.23166 ], [ 81.0845, 17.21364 ], [ 81.06221, 17.2041 ], [ 81.04386, 17.20454 ], [ 81.02618, 17.18667 ], [ 80.98516, 17.17939 ], [ 80.95599, 17.18821 ], [ 80.93065, 17.20503 ], [ 80.90535, 17.20129 ], [ 80.91487, 17.16984 ], [ 80.91331, 17.14595 ], [ 80.88886, 17.14105 ], [ 80.87031, 17.1463 ], [ 80.8668, 17.12462 ], [ 80.85505, 17.11141 ], [ 80.86421, 17.09582 ], [ 80.85646, 17.06852 ], [ 80.85885, 17.05085 ], [ 80.83247, 17.02571 ], [ 80.82323, 17.03778 ], [ 80.7466, 17.05492 ], [ 80.72573, 17.06461 ], [ 80.684, 17.06874 ], [ 80.64919, 17.05458 ], [ 80.63776, 17.07194 ], [ 80.65541, 17.08397 ], [ 80.62975, 17.11002 ], [ 80.59511, 17.11956 ], [ 80.56017, 17.13803 ], [ 80.54907, 17.12362 ], [ 80.49654, 17.10129 ], [ 80.48679, 17.0829 ], [ 80.48466, 17.05631 ], [ 80.47175, 17.0381 ], [ 80.45289, 17.03704 ], [ 80.44624, 17.01702 ], [ 80.42054, 17.02486 ], [ 80.40087, 17.05419 ], [ 80.39509, 17.07757 ], [ 80.367, 17.05657 ], [ 80.38872, 17.01406 ], [ 80.37119, 16.99584 ], [ 80.36042, 16.9705 ], [ 80.39762, 16.95701 ], [ 80.44254, 16.94494 ], [ 80.47688, 16.92117 ], [ 80.4913, 16.94818 ], [ 80.52069, 16.9364 ], [ 80.53174, 16.95018 ], [ 80.56949, 16.92689 ], [ 80.58419, 16.92652 ], [ 80.58212, 16.9031 ], [ 80.58675, 16.87394 ], [ 80.56497, 16.86904 ], [ 80.56243, 16.83632 ], [ 80.55458, 16.82479 ], [ 80.58585, 16.80666 ], [ 80.59752, 16.78509 ], [ 80.56281, 16.76283 ], [ 80.48953, 16.77586 ], [ 80.4564, 16.79003 ], [ 80.45261, 16.81529 ], [ 80.42284, 16.82931 ], [ 80.41867, 16.84232 ], [ 80.39971, 16.84974 ], [ 80.39915, 16.83158 ], [ 80.37293, 16.8111 ], [ 80.35863, 16.85491 ], [ 80.33495, 16.85574 ], [ 80.31922, 16.87094 ], [ 80.31329, 16.912 ], [ 80.30138, 16.95586 ], [ 80.26218, 17.01063 ], [ 80.24115, 17.00281 ], [ 80.21784, 17.01962 ], [ 80.19555, 17.01804 ], [ 80.19427, 17.04251 ], [ 80.18213, 17.04494 ], [ 80.16718, 17.02362 ], [ 80.14247, 17.00148 ], [ 80.13386, 16.98536 ], [ 80.10579, 16.98132 ], [ 80.08769, 16.98744 ], [ 80.08424, 16.96319 ], [ 80.04588, 16.9653 ], [ 80.03706, 16.93647 ], [ 80.00955, 16.90726 ], [ 79.99168, 16.86325 ], [ 80.01383, 16.85294 ], [ 80.0331, 16.85245 ], [ 80.04184, 16.82606 ], [ 80.06967, 16.81361 ], [ 80.05159, 16.77129 ], [ 80.0479, 16.74515 ], [ 80.01668, 16.71183 ], [ 79.99152, 16.69255 ], [ 79.97302, 16.65952 ], [ 79.94257, 16.63263 ], [ 79.92367, 16.63074 ], [ 79.90208, 16.63785 ], [ 79.89092, 16.64956 ], [ 79.87331, 16.6887 ], [ 79.86184, 16.69822 ], [ 79.81026, 16.69049 ], [ 79.78338, 16.72484 ], [ 79.7749, 16.72952 ], [ 79.75048, 16.72012 ], [ 79.72274, 16.69261 ], [ 79.68304, 16.69038 ], [ 79.6555, 16.67409 ], [ 79.64803, 16.662 ], [ 79.59991, 16.66327 ], [ 79.57402, 16.64359 ], [ 79.53671, 16.63156 ], [ 79.49718, 16.63051 ], [ 79.45059, 16.60915 ], [ 79.44315, 16.5937 ], [ 79.42659, 16.58252 ], [ 79.34553, 16.57956 ], [ 79.31978, 16.57587 ], [ 79.26611, 16.56147 ], [ 79.26077, 16.54642 ], [ 79.23045, 16.51929 ], [ 79.22411, 16.49214 ], [ 79.23618, 16.45854 ], [ 79.21906, 16.43817 ], [ 79.21147, 16.36281 ], [ 79.22785, 16.33681 ], [ 79.22982, 16.30022 ], [ 79.22506, 16.25007 ], [ 79.20751, 16.23067 ], [ 79.17658, 16.21713 ], [ 79.12301, 16.23791 ], [ 79.0686, 16.23814 ], [ 79.04253, 16.24495 ], [ 79.02014, 16.24427 ], [ 78.99243, 16.2283 ], [ 78.95901, 16.21722 ], [ 78.90808, 16.19104 ], [ 78.90559, 16.16492 ], [ 78.92187, 16.12187 ], [ 78.90118, 16.09762 ], [ 78.87267, 16.11017 ], [ 78.86633, 16.14386 ], [ 78.85645, 16.1586 ], [ 78.83213, 16.15177 ], [ 78.8365, 16.08738 ], [ 78.808, 16.04619 ], [ 78.77505, 16.02361 ], [ 78.73898, 16.02114 ], [ 78.71367, 16.02666 ], [ 78.68656, 16.04038 ], [ 78.66837, 16.0558 ], [ 78.63649, 16.09145 ], [ 78.6035, 16.09644 ], [ 78.55913, 16.05637 ], [ 78.4956, 16.07309 ], [ 78.45101, 16.08103 ], [ 78.40566, 16.08095 ], [ 78.37003, 16.05984 ], [ 78.34042, 16.05277 ], [ 78.31621, 16.02915 ], [ 78.29218, 16.02849 ], [ 78.26816, 16.03476 ], [ 78.25138, 16.02568 ], [ 78.25974, 15.99473 ], [ 78.24836, 15.96831 ], [ 78.24287, 15.93705 ], [ 78.22787, 15.92348 ], [ 78.2054, 15.91706 ], [ 78.18003, 15.90045 ], [ 78.18149, 15.88765 ], [ 78.16467, 15.84899 ], [ 78.12583, 15.84893 ], [ 78.12688, 15.83492 ], [ 78.10114, 15.82792 ], [ 78.06367, 15.84456 ], [ 78.04887, 15.87075 ], [ 78.03982, 15.8981 ], [ 78.01697, 15.89515 ], [ 78.00187, 15.85923 ], [ 77.97288, 15.87412 ], [ 77.9283, 15.87651 ], [ 77.88768, 15.89592 ], [ 77.86694, 15.89239 ], [ 77.85565, 15.87576 ], [ 77.83385, 15.87551 ], [ 77.79919, 15.86532 ], [ 77.71612, 15.88657 ], [ 77.68353, 15.87389 ], [ 77.6396, 15.88313 ], [ 77.60638, 15.91173 ], [ 77.58842, 15.90699 ], [ 77.50945, 15.92086 ], [ 77.51488, 15.96315 ], [ 77.50552, 15.97267 ], [ 77.51011, 16.00225 ], [ 77.50169, 16.00554 ], [ 77.49072, 16.03063 ], [ 77.50294, 16.07323 ], [ 77.49789, 16.09722 ], [ 77.48667, 16.11576 ], [ 77.48363, 16.15855 ], [ 77.49492, 16.18712 ], [ 77.49532, 16.213 ], [ 77.48756, 16.24982 ], [ 77.50123, 16.26781 ], [ 77.52442, 16.26978 ], [ 77.54321, 16.28706 ], [ 77.56499, 16.29771 ], [ 77.58068, 16.28606 ], [ 77.59084, 16.31198 ], [ 77.58439, 16.32804 ], [ 77.53516, 16.35294 ], [ 77.51886, 16.37011 ], [ 77.48138, 16.37777 ], [ 77.43811, 16.37443 ], [ 77.41174, 16.36268 ], [ 77.3732, 16.37992 ], [ 77.35254, 16.37661 ], [ 77.33273, 16.3883 ], [ 77.28466, 16.403 ], [ 77.26439, 16.43005 ], [ 77.25151, 16.4679 ], [ 77.292, 16.47364 ], [ 77.29665, 16.49147 ], [ 77.32441, 16.48093 ], [ 77.36629, 16.48411 ], [ 77.36909, 16.50211 ], [ 77.38116, 16.51154 ], [ 77.41532, 16.51783 ], [ 77.41566, 16.544 ], [ 77.40157, 16.54678 ], [ 77.39144, 16.5652 ], [ 77.42096, 16.56517 ], [ 77.43673, 16.58121 ], [ 77.45639, 16.581 ], [ 77.45388, 16.60742 ], [ 77.47134, 16.64353 ], [ 77.46142, 16.64883 ], [ 77.43294, 16.63764 ], [ 77.41657, 16.66281 ], [ 77.46504, 16.67828 ], [ 77.46877, 16.70871 ], [ 77.42342, 16.71453 ], [ 77.43721, 16.76313 ], [ 77.43528, 16.77762 ], [ 77.46734, 16.7766 ], [ 77.47176, 16.79629 ], [ 77.45663, 16.82375 ], [ 77.4604, 16.84411 ], [ 77.4534, 16.90903 ], [ 77.46774, 16.91711 ], [ 77.46407, 16.95269 ], [ 77.47919, 16.96803 ], [ 77.47837, 16.99025 ], [ 77.49939, 17.00732 ], [ 77.49323, 17.03299 ], [ 77.47806, 17.06099 ], [ 77.47692, 17.07623 ], [ 77.46031, 17.09284 ], [ 77.46264, 17.10407 ], [ 77.40373, 17.12321 ], [ 77.37633, 17.13789 ], [ 77.35999, 17.16162 ], [ 77.37075, 17.19007 ], [ 77.39149, 17.19237 ], [ 77.39319, 17.21148 ], [ 77.38036, 17.21977 ], [ 77.45451, 17.27589 ], [ 77.43402, 17.28826 ], [ 77.44964, 17.3149 ], [ 77.45635, 17.34499 ], [ 77.4516, 17.37049 ], [ 77.47534, 17.36815 ], [ 77.48261, 17.35446 ], [ 77.52081, 17.36205 ], [ 77.52133, 17.38633 ], [ 77.53358, 17.39885 ], [ 77.51069, 17.41254 ], [ 77.51015, 17.42726 ], [ 77.53347, 17.44095 ], [ 77.57256, 17.42952 ], [ 77.5732, 17.4542 ], [ 77.5959, 17.44268 ], [ 77.61061, 17.44423 ], [ 77.61095, 17.46994 ], [ 77.63403, 17.47223 ], [ 77.64809, 17.48118 ], [ 77.68401, 17.47285 ], [ 77.688, 17.49854 ], [ 77.65662, 17.52134 ], [ 77.62122, 17.52225 ], [ 77.59173, 17.53268 ], [ 77.58539, 17.55836 ], [ 77.54839, 17.54946 ], [ 77.52742, 17.57322 ], [ 77.50162, 17.54088 ], [ 77.49, 17.56627 ], [ 77.47408, 17.56511 ], [ 77.46122, 17.57703 ], [ 77.43993, 17.58147 ], [ 77.44051, 17.60409 ], [ 77.45081, 17.63236 ], [ 77.44565, 17.65746 ], [ 77.45786, 17.69896 ], [ 77.48933, 17.7068 ], [ 77.49428, 17.71604 ], [ 77.52756, 17.72712 ], [ 77.53936, 17.72542 ], [ 77.56203, 17.74711 ], [ 77.55445, 17.76126 ], [ 77.52304, 17.77962 ], [ 77.50449, 17.78259 ], [ 77.51088, 17.80144 ], [ 77.52608, 17.81169 ], [ 77.526, 17.82682 ], [ 77.55432, 17.83049 ], [ 77.56347, 17.842 ], [ 77.56744, 17.86614 ], [ 77.59249, 17.8795 ], [ 77.58517, 17.90823 ], [ 77.61658, 17.90287 ], [ 77.62001, 17.94446 ], [ 77.64399, 17.94637 ], [ 77.6534, 17.96935 ], [ 77.64618, 17.9932 ], [ 77.6288, 17.99252 ], [ 77.60667, 18.01801 ], [ 77.55312, 18.03467 ], [ 77.54575, 18.05376 ], [ 77.56734, 18.07629 ], [ 77.59746, 18.08429 ], [ 77.60056, 18.0994 ], [ 77.59351, 18.12786 ], [ 77.59777, 18.15184 ], [ 77.57936, 18.16212 ], [ 77.57002, 18.18916 ], [ 77.58496, 18.21674 ], [ 77.57253, 18.24056 ], [ 77.60302, 18.278 ], [ 77.57066, 18.29047 ], [ 77.54996, 18.29135 ], [ 77.57023, 18.30818 ], [ 77.55336, 18.33122 ], [ 77.52733, 18.3394 ], [ 77.5214, 18.36465 ], [ 77.5493, 18.38772 ], [ 77.55521, 18.41785 ], [ 77.52594, 18.42735 ], [ 77.52848, 18.44048 ], [ 77.56017, 18.43505 ], [ 77.58264, 18.44307 ], [ 77.57063, 18.46686 ], [ 77.57652, 18.48378 ], [ 77.60107, 18.47421 ], [ 77.60284, 18.49138 ], [ 77.58627, 18.50292 ], [ 77.59727, 18.54754 ], [ 77.64048, 18.55393 ], [ 77.64529, 18.5363 ], [ 77.65757, 18.5272 ], [ 77.71236, 18.55444 ], [ 77.72794, 18.55154 ], [ 77.74716, 18.58908 ], [ 77.74299, 18.6214 ], [ 77.72972, 18.64273 ], [ 77.73286, 18.676 ], [ 77.7495, 18.68978 ], [ 77.78651, 18.69432 ], [ 77.80222, 18.71612 ], [ 77.80272, 18.72925 ], [ 77.82318, 18.7685 ], [ 77.83746, 18.80746 ], [ 77.90759, 18.82952 ], [ 77.94255, 18.82229 ], [ 77.94414, 18.84229 ], [ 77.92534, 18.85921 ], [ 77.8992, 18.86793 ], [ 77.88767, 18.88512 ], [ 77.88158, 18.90853 ], [ 77.85664, 18.90607 ], [ 77.8405, 18.9113 ], [ 77.85373, 18.95228 ], [ 77.81269, 18.94946 ], [ 77.81714, 18.98237 ], [ 77.76736, 18.98142 ], [ 77.76427, 19.01962 ], [ 77.75739, 19.02855 ], [ 77.76169, 19.06204 ], [ 77.79718, 19.05131 ], [ 77.79353, 19.07121 ], [ 77.80025, 19.09887 ], [ 77.81517, 19.10366 ], [ 77.82861, 19.08494 ], [ 77.84219, 19.08677 ], [ 77.84519, 19.11421 ], [ 77.83393, 19.13274 ], [ 77.84924, 19.15528 ], [ 77.85302, 19.17682 ], [ 77.84454, 19.18819 ], [ 77.86808, 19.24611 ], [ 77.88463, 19.26023 ], [ 77.90039, 19.25612 ], [ 77.90067, 19.27713 ], [ 77.86192, 19.2841 ], [ 77.86088, 19.30213 ], [ 77.91228, 19.31795 ], [ 77.92632, 19.33191 ], [ 77.94892, 19.34128 ], [ 77.97691, 19.32105 ], [ 77.9855, 19.30899 ], [ 78.01161, 19.30111 ], [ 78.02728, 19.27868 ], [ 78.04575, 19.27086 ], [ 78.04805, 19.24751 ], [ 78.05756, 19.23975 ], [ 78.08225, 19.25477 ], [ 78.09939, 19.24548 ], [ 78.12671, 19.2464 ], [ 78.14974, 19.23005 ], [ 78.18332, 19.24154 ], [ 78.18315, 19.27896 ], [ 78.19318, 19.30294 ], [ 78.19715, 19.33173 ], [ 78.1796, 19.35301 ], [ 78.18757, 19.39562 ], [ 78.22427, 19.43403 ], [ 78.252, 19.43005 ], [ 78.27322, 19.45384 ], [ 78.29733, 19.44883 ], [ 78.31196, 19.4659 ], [ 78.31001, 19.48643 ], [ 78.29943, 19.50413 ], [ 78.29651, 19.55838 ], [ 78.31115, 19.57177 ], [ 78.31099, 19.60418 ], [ 78.28756, 19.65446 ], [ 78.26972, 19.66313 ], [ 78.28581, 19.68967 ], [ 78.31606, 19.69055 ], [ 78.32269, 19.70365 ], [ 78.34528, 19.71357 ], [ 78.34541, 19.73442 ], [ 78.3608, 19.75398 ], [ 78.36774, 19.78108 ], [ 78.36049, 19.80574 ], [ 78.33921, 19.81351 ], [ 78.339, 19.83918 ], [ 78.29413, 19.84955 ], [ 78.3102, 19.91274 ], [ 78.33625, 19.88319 ], [ 78.38415, 19.87922 ], [ 78.38593, 19.8527 ], [ 78.39766, 19.8364 ], [ 78.42867, 19.82311 ], [ 78.47619, 19.81636 ], [ 78.49392, 19.79315 ], [ 78.52627, 19.82166 ], [ 78.58499, 19.81169 ], [ 78.60365, 19.8175 ], [ 78.61934, 19.80871 ], [ 78.70179, 19.78558 ], [ 78.71645, 19.7668 ], [ 78.73835, 19.77943 ], [ 78.76323, 19.77563 ], [ 78.78487, 19.77875 ], [ 78.80761, 19.75799 ], [ 78.84563, 19.75835 ], [ 78.85692, 19.7313 ], [ 78.86348, 19.69677 ], [ 78.8588, 19.65631 ], [ 78.89098, 19.65526 ], [ 78.91591, 19.66773 ], [ 78.9436, 19.66514 ], [ 78.96896, 19.64923 ], [ 78.96286, 19.61732 ], [ 78.9783, 19.59041 ], [ 78.97785, 19.57994 ], [ 78.95446, 19.56272 ], [ 78.95455, 19.55183 ], [ 78.97848, 19.55092 ], [ 78.99286, 19.56204 ], [ 79.01836, 19.53997 ], [ 79.05152, 19.54527 ], [ 79.06339, 19.53125 ], [ 79.10287, 19.52795 ], [ 79.10474, 19.51274 ], [ 79.14027, 19.50111 ], [ 79.1691, 19.46777 ], [ 79.18904, 19.4587 ], [ 79.21871, 19.4645 ], [ 79.20878, 19.4848 ], [ 79.21571, 19.51058 ], [ 79.23663, 19.5268 ], [ 79.23977, 19.55948 ], [ 79.25011, 19.57768 ], [ 79.23709, 19.60949 ], [ 79.25523, 19.61121 ], [ 79.30484, 19.59015 ], [ 79.31426, 19.56552 ], [ 79.34089, 19.57377 ], [ 79.36903, 19.57123 ], [ 79.37119, 19.56155 ], [ 79.41361, 19.53348 ], [ 79.44126, 19.53351 ], [ 79.45818, 19.51896 ], [ 79.47042, 19.49745 ], [ 79.5134, 19.51806 ], [ 79.51499, 19.54195 ], [ 79.54266, 19.54852 ], [ 79.5477, 19.52608 ], [ 79.5656, 19.5109 ], [ 79.59135, 19.50173 ], [ 79.60085, 19.50795 ], [ 79.60722, 19.53946 ], [ 79.62139, 19.5651 ], [ 79.63972, 19.575 ], [ 79.67802, 19.57656 ], [ 79.71293, 19.58333 ], [ 79.74033, 19.60314 ], [ 79.77755, 19.59768 ], [ 79.7933, 19.58009 ], [ 79.8166, 19.56901 ], [ 79.82822, 19.53701 ], [ 79.87823, 19.5007 ], [ 79.91103, 19.49234 ], [ 79.945, 19.45882 ], [ 79.94577, 19.44078 ], [ 79.97305, 19.40102 ], [ 79.96452, 19.35068 ], [ 79.95715, 19.33457 ], [ 79.96178, 19.29749 ], [ 79.94518, 19.28412 ], [ 79.92017, 19.22641 ], [ 79.92251, 19.20341 ], [ 79.94244, 19.17588 ], [ 79.90597, 19.14179 ], [ 79.87121, 19.1227 ], [ 79.85805, 19.10411 ], [ 79.8611, 19.05995 ], [ 79.85701, 19.0422 ], [ 79.87103, 19.03554 ], [ 79.89085, 19.04545 ], [ 79.92598, 19.04249 ], [ 79.93449, 19.0217 ], [ 79.93134, 18.97479 ], [ 79.94094, 18.93766 ], [ 79.939, 18.85889 ], [ 79.92551, 18.83754 ], [ 79.89401, 18.83084 ], [ 79.91627, 18.79734 ], [ 79.93199, 18.78443 ], [ 80.01235, 18.76676 ], [ 80.01871, 18.75101 ], [ 80.03286, 18.74644 ], [ 80.04636, 18.72092 ], [ 80.08212, 18.70245 ], [ 80.10656, 18.67753 ], [ 80.15808, 18.69594 ], [ 80.1674, 18.68007 ], [ 80.18896, 18.67558 ], [ 80.20191, 18.69744 ], [ 80.24667, 18.70132 ], [ 80.26754, 18.71797 ], [ 80.29631, 18.68564 ], [ 80.31931, 18.62173 ], [ 80.34184, 18.58644 ], [ 80.36695, 18.60465 ], [ 80.38156, 18.5936 ], [ 80.40209, 18.60718 ], [ 80.4502, 18.62635 ], [ 80.48839, 18.62672 ], [ 80.51071, 18.61567 ], [ 80.532, 18.58606 ], [ 80.60098, 18.54503 ], [ 80.61385, 18.52605 ], [ 80.63268, 18.51884 ], [ 80.63682, 18.49395 ], [ 80.65078, 18.47228 ], [ 80.68052, 18.45355 ], [ 80.69526, 18.43457 ], [ 80.69101, 18.41935 ], [ 80.71303, 18.40573 ], [ 80.72276, 18.36131 ], [ 80.74444, 18.31686 ], [ 80.74462, 18.30218 ], [ 80.76638, 18.27823 ], [ 80.78429, 18.24327 ], [ 80.73327, 18.21879 ], [ 80.73456, 18.17171 ], [ 80.7624, 18.16297 ], [ 80.79793, 18.1663 ], [ 80.81875, 18.19202 ], [ 80.81719, 18.22521 ], [ 80.8242, 18.23358 ], [ 80.8591, 18.226 ], [ 80.86749, 18.20726 ], [ 80.84916, 18.20021 ], [ 80.85577, 18.14293 ], [ 80.86202, 18.13267 ], [ 80.90073, 18.13467 ], [ 80.94423, 18.15709 ], [ 80.95419, 18.16698 ], [ 80.97368, 18.16815 ], [ 80.97263, 18.14355 ], [ 80.94936, 18.12318 ], [ 80.94836, 18.09127 ], [ 80.96596, 18.04347 ], [ 80.96227, 18.03153 ], [ 80.97264, 17.99318 ], [ 80.98465, 17.9229 ], [ 80.99434, 17.91423 ], [ 81.00435, 17.83835 ], [ 81.01257, 17.81667 ], [ 81.03245, 17.78973 ], [ 81.05598, 17.78283 ], [ 81.0736, 17.78629 ], [ 81.08548, 17.80148 ] ] ] ] } },
{ "type": "Feature", "properties": { "source": "https://simplemaps.com", "id": "INAP", "name": "Andhra Pradesh" }, "geometry": { "type": "MultiPolygon", "coordinates": [ [ [ [ 81.31117, 17.41085 ], [ 81.26029, 17.42191 ], [ 81.21936, 17.44293 ], [ 81.20608, 17.45067 ], [ 81.19945, 17.4374 ], [ 81.17401, 17.45288 ], [ 81.1729, 17.46505 ], [ 81.15299, 17.46505 ], [ 81.16073, 17.48386 ], [ 81.14303, 17.4916 ], [ 81.14525, 17.50487 ], [ 81.12534, 17.527 ], [ 81.09547, 17.50598 ], [ 81.07777, 17.51594 ], [ 81.01472, 17.52257 ], [ 81.00145, 17.55465 ], [ 80.98596, 17.57899 ], [ 80.96826, 17.5989 ], [ 80.89525, 17.60111 ], [ 80.85986, 17.6 ], [ 80.85101, 17.62213 ], [ 80.85986, 17.6354 ], [ 80.8853, 17.63429 ], [ 80.90632, 17.64314 ], [ 80.91074, 17.65421 ], [ 80.90189, 17.66527 ], [ 80.90853, 17.67633 ], [ 80.89304, 17.69182 ], [ 80.89194, 17.74823 ], [ 80.91406, 17.74934 ], [ 80.92954, 17.7615 ], [ 80.94614, 17.7615 ], [ 80.96384, 17.78031 ], [ 80.9749, 17.7792 ], [ 80.98817, 17.75265 ], [ 81.01914, 17.74159 ], [ 81.02025, 17.74934 ], [ 81.03905, 17.74934 ], [ 81.05343, 17.73606 ], [ 81.10432, 17.77367 ], [ 81.08548, 17.80148 ], [ 81.0977, 17.8171 ], [ 81.15957, 17.85263 ], [ 81.19196, 17.8471 ], [ 81.25404, 17.81213 ], [ 81.31506, 17.81234 ], [ 81.38497, 17.80659 ], [ 81.40926, 17.80484 ], [ 81.42593, 17.82128 ], [ 81.43757, 17.81529 ], [ 81.47012, 17.82318 ], [ 81.48118, 17.80286 ], [ 81.55394, 17.81637 ], [ 81.57487, 17.82734 ], [ 81.61115, 17.81536 ], [ 81.64279, 17.83928 ], [ 81.64602, 17.85627 ], [ 81.66306, 17.87693 ], [ 81.68829, 17.8848 ], [ 81.70317, 17.86113 ], [ 81.75829, 17.89336 ], [ 81.78601, 17.91361 ], [ 81.80104, 17.93608 ], [ 81.83334, 17.95103 ], [ 81.84682, 17.9508 ], [ 81.89928, 17.96855 ], [ 81.9137, 17.97989 ], [ 81.9361, 17.98409 ], [ 82.00169, 18.02366 ], [ 82.00158, 18.04481 ], [ 82.02466, 18.05788 ], [ 82.04517, 18.04559 ], [ 82.05972, 18.04512 ], [ 82.07221, 18.06564 ], [ 82.09236, 18.05276 ], [ 82.12924, 18.04867 ], [ 82.13237, 18.03562 ], [ 82.16375, 18.04162 ], [ 82.17741, 18.01057 ], [ 82.19692, 18.00869 ], [ 82.21818, 17.99419 ], [ 82.23699, 17.99201 ], [ 82.24171, 17.97976 ], [ 82.26725, 17.98644 ], [ 82.27081, 18.01067 ], [ 82.25816, 18.03487 ], [ 82.26695, 18.04827 ], [ 82.28777, 18.06056 ], [ 82.30441, 18.03962 ], [ 82.32182, 18.05018 ], [ 82.33635, 18.04726 ], [ 82.34316, 18.08248 ], [ 82.33216, 18.09412 ], [ 82.33337, 18.14238 ], [ 82.35757, 18.1251 ], [ 82.36516, 18.13967 ], [ 82.34873, 18.16183 ], [ 82.3103, 18.1746 ], [ 82.3061, 18.19566 ], [ 82.33282, 18.21579 ], [ 82.33022, 18.23134 ], [ 82.3369, 18.26624 ], [ 82.36706, 18.27094 ], [ 82.38224, 18.28429 ], [ 82.39301, 18.30644 ], [ 82.38437, 18.3187 ], [ 82.34542, 18.32182 ], [ 82.36014, 18.3437 ], [ 82.37635, 18.35327 ], [ 82.38444, 18.37241 ], [ 82.36129, 18.40991 ], [ 82.3776, 18.42199 ], [ 82.39738, 18.4516 ], [ 82.42687, 18.47699 ], [ 82.43713, 18.4973 ], [ 82.47401, 18.53683 ], [ 82.48145, 18.51506 ], [ 82.49821, 18.50604 ], [ 82.52313, 18.50393 ], [ 82.52751, 18.46822 ], [ 82.51614, 18.45588 ], [ 82.52938, 18.44294 ], [ 82.55377, 18.43765 ], [ 82.53591, 18.40832 ], [ 82.53516, 18.38956 ], [ 82.55603, 18.38851 ], [ 82.60088, 18.36605 ], [ 82.58967, 18.31948 ], [ 82.58559, 18.28096 ], [ 82.5892, 18.25673 ], [ 82.60948, 18.24925 ], [ 82.63165, 18.22853 ], [ 82.64758, 18.24473 ], [ 82.64486, 18.25708 ], [ 82.66494, 18.29062 ], [ 82.6981, 18.29627 ], [ 82.70255, 18.30847 ], [ 82.73433, 18.31325 ], [ 82.75104, 18.32833 ], [ 82.76705, 18.33108 ], [ 82.78422, 18.35415 ], [ 82.77791, 18.37092 ], [ 82.78748, 18.39021 ], [ 82.77622, 18.41969 ], [ 82.79917, 18.4394 ], [ 82.81875, 18.43337 ], [ 82.87001, 18.4062 ], [ 82.88461, 18.41276 ], [ 82.89095, 18.39222 ], [ 82.8849, 18.37862 ], [ 82.90275, 18.35591 ], [ 82.92761, 18.36099 ], [ 82.93269, 18.35137 ], [ 82.95979, 18.35724 ], [ 82.97645, 18.35491 ], [ 82.99197, 18.375 ], [ 83.01161, 18.37821 ], [ 83.03952, 18.37008 ], [ 83.0562, 18.37726 ], [ 83.0665, 18.39226 ], [ 83.04261, 18.41829 ], [ 83.03732, 18.43483 ], [ 83.01645, 18.44768 ], [ 83.0518, 18.47749 ], [ 83.07316, 18.51474 ], [ 83.08851, 18.53276 ], [ 83.07148, 18.54249 ], [ 83.05118, 18.53491 ], [ 83.03248, 18.54789 ], [ 83.02546, 18.5643 ], [ 83.03651, 18.57757 ], [ 83.00804, 18.58842 ], [ 83.0203, 18.60541 ], [ 83.01154, 18.63903 ], [ 83.05097, 18.65416 ], [ 83.07788, 18.70534 ], [ 83.08807, 18.7124 ], [ 83.13296, 18.77245 ], [ 83.15083, 18.75869 ], [ 83.16855, 18.75907 ], [ 83.18537, 18.74414 ], [ 83.22301, 18.74798 ], [ 83.23956, 18.75878 ], [ 83.2661, 18.75701 ], [ 83.2795, 18.7896 ], [ 83.30422, 18.79887 ], [ 83.32302, 18.79828 ], [ 83.35999, 18.80735 ], [ 83.37283, 18.82121 ], [ 83.39871, 18.83353 ], [ 83.39694, 18.84921 ], [ 83.41134, 18.85934 ], [ 83.38781, 18.87103 ], [ 83.34769, 18.92099 ], [ 83.36276, 18.93007 ], [ 83.36107, 18.9534 ], [ 83.32692, 18.95734 ], [ 83.31335, 18.96663 ], [ 83.30784, 18.99095 ], [ 83.32918, 18.98818 ], [ 83.33498, 19.00672 ], [ 83.35498, 19.00939 ], [ 83.36233, 18.99473 ], [ 83.38876, 19.00002 ], [ 83.40885, 18.99619 ], [ 83.41484, 18.97787 ], [ 83.44267, 18.94774 ], [ 83.46227, 18.95922 ], [ 83.45023, 18.98242 ], [ 83.44852, 18.99963 ], [ 83.4746, 19.00031 ], [ 83.47736, 19.02552 ], [ 83.46544, 19.03619 ], [ 83.4594, 19.06967 ], [ 83.47699, 19.07533 ], [ 83.49249, 19.05495 ], [ 83.50539, 19.06477 ], [ 83.51367, 19.02478 ], [ 83.49355, 19.0268 ], [ 83.4954, 19.01109 ], [ 83.53139, 19.00542 ], [ 83.53483, 19.02862 ], [ 83.55148, 19.05038 ], [ 83.57877, 19.04979 ], [ 83.5822, 19.07564 ], [ 83.6044, 19.09287 ], [ 83.5943, 19.12033 ], [ 83.61913, 19.14188 ], [ 83.64473, 19.11329 ], [ 83.65749, 19.08777 ], [ 83.65685, 19.07494 ], [ 83.68439, 19.04393 ], [ 83.69984, 19.01503 ], [ 83.70574, 18.98524 ], [ 83.7263, 18.97556 ], [ 83.74583, 18.91817 ], [ 83.77127, 18.9013 ], [ 83.77715, 18.91907 ], [ 83.76148, 18.9446 ], [ 83.75037, 18.94437 ], [ 83.74108, 18.98389 ], [ 83.78831, 19.00781 ], [ 83.81606, 18.94866 ], [ 83.81341, 18.93358 ], [ 83.83488, 18.9093 ], [ 83.84232, 18.88824 ], [ 83.83669, 18.87272 ], [ 83.84367, 18.8514 ], [ 83.86434, 18.83904 ], [ 83.87018, 18.81843 ], [ 83.90775, 18.81639 ], [ 83.93359, 18.80686 ], [ 83.98232, 18.80001 ], [ 84.00739, 18.80421 ], [ 84.04794, 18.78348 ], [ 84.06577, 18.7517 ], [ 84.09164, 18.74524 ], [ 84.13498, 18.76679 ], [ 84.15935, 18.77504 ], [ 84.17982, 18.76897 ], [ 84.21671, 18.78728 ], [ 84.24603, 18.77341 ], [ 84.25889, 18.77483 ], [ 84.28392, 18.79082 ], [ 84.30037, 18.78174 ], [ 84.33222, 18.79202 ], [ 84.32932, 18.809 ], [ 84.3441, 18.81194 ], [ 84.33443, 18.86385 ], [ 84.36241, 18.85106 ], [ 84.38609, 18.88303 ], [ 84.40981, 18.89063 ], [ 84.42939, 18.91368 ], [ 84.4156, 18.93804 ], [ 84.44064, 18.96693 ], [ 84.43472, 18.97683 ], [ 84.42641, 18.98397 ], [ 84.42555, 18.98915 ], [ 84.42526, 18.99534 ], [ 84.41465, 19.01236 ], [ 84.42002, 19.01252 ], [ 84.42219, 19.00853 ], [ 84.43739, 18.99746 ], [ 84.47166, 18.98122 ], [ 84.47569, 18.99174 ], [ 84.47783, 19.00789 ], [ 84.48939, 19.02095 ], [ 84.49778, 19.02488 ], [ 84.50992, 19.03746 ], [ 84.54772, 19.04609 ], [ 84.55972, 19.05956 ], [ 84.56797, 19.06347 ], [ 84.5706, 19.06041 ], [ 84.57812, 19.06213 ], [ 84.57365, 19.03511 ], [ 84.58769, 19.01299 ], [ 84.60049, 19.03293 ], [ 84.60947, 19.04674 ], [ 84.61236, 19.04974 ], [ 84.62329, 19.05566 ], [ 84.62541, 19.05278 ], [ 84.63006, 19.04959 ], [ 84.63438, 19.05554 ], [ 84.64773, 19.05609 ], [ 84.65453, 19.05231 ], [ 84.6632, 19.06445 ], [ 84.64461, 19.08445 ], [ 84.63361, 19.07464 ], [ 84.62444, 19.07442 ], [ 84.61678, 19.09 ], [ 84.60556, 19.09263 ], [ 84.59577, 19.11521 ], [ 84.62932, 19.1207 ], [ 84.64729, 19.12037 ], [ 84.66117, 19.12186 ], [ 84.6659, 19.13527 ], [ 84.66502, 19.15673 ], [ 84.68141, 19.14975 ], [ 84.69756, 19.15029 ], [ 84.70209, 19.15115 ], [ 84.69732, 19.12513 ], [ 84.69392, 19.12155 ], [ 84.69833, 19.11031 ], [ 84.69755, 19.10882 ], [ 84.71903, 19.09584 ], [ 84.73022, 19.08931 ], [ 84.76102, 19.07131 ], [ 84.68819, 18.97319 ], [ 84.66458, 18.96569 ], [ 84.6693, 18.95153 ], [ 84.61459, 18.90236 ], [ 84.58903, 18.87263 ], [ 84.57653, 18.83709 ], [ 84.55708, 18.81736 ], [ 84.55458, 18.79597 ], [ 84.53152, 18.77208 ], [ 84.49014, 18.73931 ], [ 84.44097, 18.68015 ], [ 84.4407, 18.66403 ], [ 84.36292, 18.58847 ], [ 84.35625, 18.5568 ], [ 84.28597, 18.50153 ], [ 84.21902, 18.4418 ], [ 84.1532, 18.37653 ], [ 84.12542, 18.32819 ], [ 84.12959, 18.31431 ], [ 84.06958, 18.27597 ], [ 84.01125, 18.24986 ], [ 83.95069, 18.21681 ], [ 83.88625, 18.19542 ], [ 83.86264, 18.1757 ], [ 83.78458, 18.14737 ], [ 83.71347, 18.11069 ], [ 83.66959, 18.08403 ], [ 83.64236, 18.06181 ], [ 83.57042, 18.01431 ], [ 83.5593, 17.99903 ], [ 83.55903, 17.98347 ], [ 83.52959, 17.94931 ], [ 83.48792, 17.92569 ], [ 83.45153, 17.90014 ], [ 83.45458, 17.88764 ], [ 83.44375, 17.87236 ], [ 83.41875, 17.85681 ], [ 83.41014, 17.81042 ], [ 83.39125, 17.79375 ], [ 83.38597, 17.77903 ], [ 83.35431, 17.75709 ], [ 83.3418, 17.72292 ], [ 83.31541, 17.7093 ], [ 83.29846, 17.69431 ], [ 83.29542, 17.67514 ], [ 83.26014, 17.64403 ], [ 83.23986, 17.63319 ], [ 83.23486, 17.6107 ], [ 83.21569, 17.59403 ], [ 83.1757, 17.57542 ], [ 83.16097, 17.56069 ], [ 83.10431, 17.54403 ], [ 83.08097, 17.53181 ], [ 83.03291, 17.51347 ], [ 83.00681, 17.49819 ], [ 82.98514, 17.46986 ], [ 82.95403, 17.45986 ], [ 82.92625, 17.44347 ], [ 82.88486, 17.42708 ], [ 82.86931, 17.41542 ], [ 82.83958, 17.40625 ], [ 82.75792, 17.37014 ], [ 82.70348, 17.34376 ], [ 82.62319, 17.29931 ], [ 82.53236, 17.24347 ], [ 82.49014, 17.21403 ], [ 82.43903, 17.17264 ], [ 82.33153, 17.07236 ], [ 82.30264, 17.0407 ], [ 82.2782, 16.99208 ], [ 82.28375, 16.97708 ], [ 82.2693, 16.95597 ], [ 82.27153, 16.94042 ], [ 82.25097, 16.93486 ], [ 82.25069, 16.90597 ], [ 82.26986, 16.87569 ], [ 82.28181, 16.87764 ], [ 82.31154, 16.85486 ], [ 82.33764, 16.85653 ], [ 82.35902, 16.84875 ], [ 82.35181, 16.82181 ], [ 82.3557, 16.81208 ], [ 82.34125, 16.75347 ], [ 82.34152, 16.73597 ], [ 82.31792, 16.73347 ], [ 82.29951, 16.71433 ], [ 82.2807, 16.72275 ], [ 82.22042, 16.71831 ], [ 82.19678, 16.73647 ], [ 82.17908, 16.7163 ], [ 82.19358, 16.70845 ], [ 82.21544, 16.70976 ], [ 82.24654, 16.69144 ], [ 82.25764, 16.69011 ], [ 82.26125, 16.66653 ], [ 82.25375, 16.65264 ], [ 82.2782, 16.63625 ], [ 82.29958, 16.59181 ], [ 82.28958, 16.57125 ], [ 82.27875, 16.57153 ], [ 82.26041, 16.55069 ], [ 82.22153, 16.53653 ], [ 82.07347, 16.46347 ], [ 82.02986, 16.43847 ], [ 81.94458, 16.39542 ], [ 81.89153, 16.38625 ], [ 81.84236, 16.36986 ], [ 81.77402, 16.33403 ], [ 81.71875, 16.31154 ], [ 81.68653, 16.33208 ], [ 81.64792, 16.3343 ], [ 81.56097, 16.34542 ], [ 81.54292, 16.35819 ], [ 81.50875, 16.35236 ], [ 81.47014, 16.3532 ], [ 81.39264, 16.34208 ], [ 81.31875, 16.31319 ], [ 81.2832, 16.29097 ], [ 81.24264, 16.24986 ], [ 81.21819, 16.20986 ], [ 81.20514, 16.17598 ], [ 81.20236, 16.1468 ], [ 81.18931, 16.10347 ], [ 81.14098, 16.01819 ], [ 81.13958, 15.99764 ], [ 81.14569, 15.97375 ], [ 81.12846, 15.96347 ], [ 81.08847, 15.93042 ], [ 81.04903, 15.88458 ], [ 81.02042, 15.85681 ], [ 80.99792, 15.82958 ], [ 80.99486, 15.80347 ], [ 81.00597, 15.78097 ], [ 81.00625, 15.75792 ], [ 80.99847, 15.75014 ], [ 80.93792, 15.71819 ], [ 80.91681, 15.72014 ], [ 80.83791, 15.70903 ], [ 80.82208, 15.71292 ], [ 80.80292, 15.74403 ], [ 80.81181, 15.76042 ], [ 80.79403, 15.80847 ], [ 80.81069, 15.81569 ], [ 80.81208, 15.83153 ], [ 80.78597, 15.86014 ], [ 80.71181, 15.88014 ], [ 80.68569, 15.88153 ], [ 80.64402, 15.87764 ], [ 80.5668, 15.8607 ], [ 80.50875, 15.84014 ], [ 80.45042, 15.81487 ], [ 80.38403, 15.77764 ], [ 80.33958, 15.74736 ], [ 80.31181, 15.72097 ], [ 80.27042, 15.6732 ], [ 80.23736, 15.60097 ], [ 80.22598, 15.55319 ], [ 80.22764, 15.54208 ], [ 80.2157, 15.51653 ], [ 80.20069, 15.46542 ], [ 80.12708, 15.37569 ], [ 80.11014, 15.34625 ], [ 80.09708, 15.31347 ], [ 80.08292, 15.26236 ], [ 80.08847, 15.21931 ], [ 80.08347, 15.19458 ], [ 80.06625, 15.15681 ], [ 80.04792, 15.08875 ], [ 80.0507, 15.02792 ], [ 80.06875, 14.92708 ], [ 80.08292, 14.88875 ], [ 80.08681, 14.82181 ], [ 80.10181, 14.76736 ], [ 80.11153, 14.74403 ], [ 80.14375, 14.70069 ], [ 80.16625, 14.62181 ], [ 80.17319, 14.60903 ], [ 80.19736, 14.59319 ], [ 80.19764, 14.57958 ], [ 80.18236, 14.53042 ], [ 80.17319, 14.4257 ], [ 80.16986, 14.36069 ], [ 80.14709, 14.30014 ], [ 80.13847, 14.27014 ], [ 80.12875, 14.21319 ], [ 80.12681, 14.16625 ], [ 80.13264, 14.10042 ], [ 80.14792, 14.02792 ], [ 80.15764, 14.00014 ], [ 80.17181, 13.98403 ], [ 80.19542, 13.92457 ], [ 80.22014, 13.87681 ], [ 80.23542, 13.8318 ], [ 80.24486, 13.81958 ], [ 80.25236, 13.78292 ], [ 80.23625, 13.7132 ], [ 80.23264, 13.66958 ], [ 80.24319, 13.61375 ], [ 80.27125, 13.55736 ], [ 80.30097, 13.47264 ], [ 80.31514, 13.44458 ], [ 80.29292, 13.44708 ], [ 80.28181, 13.49986 ], [ 80.27264, 13.51653 ], [ 80.26431, 13.56125 ], [ 80.22542, 13.60903 ], [ 80.21403, 13.62736 ], [ 80.18764, 13.64819 ], [ 80.18708, 13.67014 ], [ 80.15403, 13.70319 ], [ 80.14153, 13.69403 ], [ 80.14709, 13.66181 ], [ 80.13875, 13.61347 ], [ 80.12624, 13.61153 ], [ 80.10347, 13.65431 ], [ 80.08903, 13.65375 ], [ 80.07153, 13.63486 ], [ 80.07208, 13.60819 ], [ 80.05347, 13.58292 ], [ 80.07291, 13.55819 ], [ 80.08625, 13.55208 ], [ 80.10902, 13.51931 ], [ 80.13818, 13.51237 ], [ 80.16153, 13.48958 ], [ 80.17709, 13.49486 ], [ 80.23708, 13.48403 ], [ 80.26209, 13.47292 ], [ 80.27374, 13.44458 ], [ 80.29487, 13.42736 ], [ 80.313, 13.42792 ], [ 80.31537, 13.37145 ], [ 80.27597, 13.38914 ], [ 80.27789, 13.40753 ], [ 80.268, 13.41434 ], [ 80.25989, 13.44736 ], [ 80.2464, 13.46538 ], [ 80.21625, 13.48183 ], [ 80.19406, 13.47623 ], [ 80.16315, 13.47755 ], [ 80.1565, 13.47889 ], [ 80.1521, 13.47888 ], [ 80.15066, 13.47998 ], [ 80.14465, 13.48469 ], [ 80.13546, 13.49218 ], [ 80.13271, 13.49592 ], [ 80.12081, 13.50236 ], [ 80.10036, 13.5052 ], [ 80.09566, 13.50984 ], [ 80.08867, 13.52553 ], [ 80.07944, 13.52936 ], [ 80.07582, 13.52676 ], [ 80.06944, 13.53759 ], [ 80.04542, 13.52198 ], [ 80.01755, 13.52513 ], [ 80.00771, 13.53237 ], [ 79.98968, 13.52676 ], [ 80.01909, 13.50166 ], [ 80.03698, 13.49935 ], [ 80.03604, 13.48448 ], [ 80.0059, 13.48777 ], [ 79.99538, 13.45945 ], [ 79.96186, 13.45128 ], [ 79.96323, 13.41791 ], [ 79.93248, 13.40437 ], [ 79.93562, 13.38485 ], [ 79.95358, 13.37411 ], [ 79.92551, 13.33594 ], [ 79.90386, 13.33327 ], [ 79.85117, 13.30343 ], [ 79.80029, 13.30432 ], [ 79.7798, 13.28207 ], [ 79.75406, 13.30279 ], [ 79.74615, 13.28 ], [ 79.72178, 13.26573 ], [ 79.75278, 13.24376 ], [ 79.78326, 13.22816 ], [ 79.74438, 13.19491 ], [ 79.73253, 13.21496 ], [ 79.71571, 13.2144 ], [ 79.69964, 13.20268 ], [ 79.69575, 13.22376 ], [ 79.67111, 13.23584 ], [ 79.6843, 13.25668 ], [ 79.66853, 13.28193 ], [ 79.63251, 13.27354 ], [ 79.62076, 13.25895 ], [ 79.60114, 13.26773 ], [ 79.58542, 13.2471 ], [ 79.56538, 13.2494 ], [ 79.54144, 13.27893 ], [ 79.53578, 13.31107 ], [ 79.49781, 13.31482 ], [ 79.45464, 13.32432 ], [ 79.41732, 13.32196 ], [ 79.3746, 13.30304 ], [ 79.40543, 13.28541 ], [ 79.42178, 13.28666 ], [ 79.41902, 13.26634 ], [ 79.40734, 13.23766 ], [ 79.41084, 13.21216 ], [ 79.4361, 13.22983 ], [ 79.4455, 13.21677 ], [ 79.42163, 13.20853 ], [ 79.42059, 13.18446 ], [ 79.38438, 13.18472 ], [ 79.369, 13.17626 ], [ 79.36121, 13.15604 ], [ 79.34777, 13.16302 ], [ 79.3501, 13.12545 ], [ 79.29877, 13.11483 ], [ 79.27385, 13.1209 ], [ 79.27129, 13.13806 ], [ 79.22636, 13.13461 ], [ 79.21429, 13.09684 ], [ 79.19332, 13.08969 ], [ 79.16943, 13.05301 ], [ 79.17654, 13.03827 ], [ 79.17059, 13.01568 ], [ 79.1527, 13.00729 ], [ 79.11927, 13.02257 ], [ 79.10438, 13.02422 ], [ 79.08279, 13.01247 ], [ 79.06907, 13.01415 ], [ 79.05327, 13.03799 ], [ 79.00037, 13.05788 ], [ 78.98174, 13.0762 ], [ 78.94585, 13.06351 ], [ 78.91438, 13.06776 ], [ 78.88192, 13.01976 ], [ 78.88041, 13.0696 ], [ 78.83227, 13.06959 ], [ 78.80087, 13.07553 ], [ 78.77753, 13.05316 ], [ 78.73952, 13.04549 ], [ 78.70245, 13.05615 ], [ 78.69376, 13.00439 ], [ 78.65111, 13.01793 ], [ 78.64172, 13.00161 ], [ 78.6205, 12.98252 ], [ 78.62025, 12.97391 ], [ 78.64671, 12.91902 ], [ 78.62477, 12.91418 ], [ 78.60597, 12.8737 ], [ 78.60443, 12.85744 ], [ 78.59157, 12.83855 ], [ 78.59767, 12.81108 ], [ 78.5882, 12.80478 ], [ 78.58007, 12.76724 ], [ 78.55811, 12.75165 ], [ 78.54565, 12.72861 ], [ 78.55225, 12.69709 ], [ 78.52437, 12.67969 ], [ 78.51598, 12.70352 ], [ 78.49432, 12.73037 ], [ 78.49345, 12.66959 ], [ 78.47406, 12.65918 ], [ 78.45766, 12.66225 ], [ 78.45962, 12.61741 ], [ 78.36834, 12.61184 ], [ 78.30877, 12.65 ], [ 78.29046, 12.65292 ], [ 78.26443, 12.69184 ], [ 78.22745, 12.68928 ], [ 78.22808, 12.67385 ], [ 78.20011, 12.67564 ], [ 78.19473, 12.69527 ], [ 78.22033, 12.70329 ], [ 78.22887, 12.7202 ], [ 78.22065, 12.75259 ], [ 78.2295, 12.76201 ], [ 78.24187, 12.81233 ], [ 78.2411, 12.84742 ], [ 78.26263, 12.85659 ], [ 78.27569, 12.84916 ], [ 78.3031, 12.8472 ], [ 78.30409, 12.86576 ], [ 78.31646, 12.89261 ], [ 78.32719, 12.88923 ], [ 78.34543, 12.92806 ], [ 78.37834, 12.89519 ], [ 78.3884, 12.90552 ], [ 78.40292, 12.89132 ], [ 78.41734, 12.88903 ], [ 78.43583, 12.90067 ], [ 78.43849, 12.87974 ], [ 78.45695, 12.86606 ], [ 78.45613, 12.89275 ], [ 78.42136, 12.92353 ], [ 78.42265, 12.9686 ], [ 78.4579, 12.96324 ], [ 78.46143, 12.97912 ], [ 78.45036, 13.01487 ], [ 78.45158, 13.03153 ], [ 78.46705, 13.04137 ], [ 78.50458, 13.05276 ], [ 78.49857, 13.06979 ], [ 78.51381, 13.08468 ], [ 78.5162, 13.10082 ], [ 78.50875, 13.11959 ], [ 78.53545, 13.13074 ], [ 78.53878, 13.15157 ], [ 78.56908, 13.15648 ], [ 78.55326, 13.18924 ], [ 78.55989, 13.23337 ], [ 78.57747, 13.26205 ], [ 78.56717, 13.27177 ], [ 78.52876, 13.27586 ], [ 78.5208, 13.25559 ], [ 78.50116, 13.27721 ], [ 78.47018, 13.2939 ], [ 78.4664, 13.31012 ], [ 78.43598, 13.29835 ], [ 78.42907, 13.31711 ], [ 78.41526, 13.31713 ], [ 78.39125, 13.30371 ], [ 78.39738, 13.33233 ], [ 78.35516, 13.35507 ], [ 78.37128, 13.391 ], [ 78.36256, 13.45207 ], [ 78.36729, 13.49517 ], [ 78.38547, 13.53167 ], [ 78.39776, 13.56619 ], [ 78.38032, 13.58131 ], [ 78.34367, 13.57778 ], [ 78.31248, 13.5835 ], [ 78.24968, 13.5743 ], [ 78.22769, 13.58722 ], [ 78.2085, 13.58188 ], [ 78.189, 13.55638 ], [ 78.17947, 13.57894 ], [ 78.19374, 13.5949 ], [ 78.19394, 13.61616 ], [ 78.16054, 13.62343 ], [ 78.159, 13.64517 ], [ 78.14617, 13.64966 ], [ 78.10736, 13.64709 ], [ 78.08073, 13.63534 ], [ 78.07999, 13.65039 ], [ 78.06586, 13.66449 ], [ 78.06406, 13.68818 ], [ 78.08515, 13.68063 ], [ 78.10538, 13.6844 ], [ 78.10938, 13.71023 ], [ 78.08492, 13.73349 ], [ 78.11101, 13.76175 ], [ 78.11823, 13.7769 ], [ 78.10766, 13.8036 ], [ 78.11726, 13.82177 ], [ 78.10604, 13.85354 ], [ 78.07491, 13.85492 ], [ 78.07092, 13.87196 ], [ 78.04115, 13.88673 ], [ 78.03783, 13.85285 ], [ 77.98516, 13.86167 ], [ 77.96578, 13.82016 ], [ 77.94814, 13.8248 ], [ 77.94184, 13.87105 ], [ 77.94952, 13.88447 ], [ 77.97803, 13.89335 ], [ 77.97351, 13.92423 ], [ 77.97858, 13.94765 ], [ 77.96127, 13.94997 ], [ 77.95076, 13.92792 ], [ 77.91161, 13.89724 ], [ 77.88969, 13.91135 ], [ 77.88699, 13.93118 ], [ 77.86243, 13.9268 ], [ 77.81423, 13.931 ], [ 77.80635, 13.91755 ], [ 77.81108, 13.8947 ], [ 77.82099, 13.88923 ], [ 77.82772, 13.86062 ], [ 77.80278, 13.84067 ], [ 77.7741, 13.83173 ], [ 77.76921, 13.80854 ], [ 77.72842, 13.80174 ], [ 77.71286, 13.79052 ], [ 77.71101, 13.73771 ], [ 77.69553, 13.76143 ], [ 77.6685, 13.75228 ], [ 77.67023, 13.7775 ], [ 77.64909, 13.77584 ], [ 77.61435, 13.76031 ], [ 77.61565, 13.72836 ], [ 77.5956, 13.74358 ], [ 77.58154, 13.73057 ], [ 77.54814, 13.72041 ], [ 77.53951, 13.74372 ], [ 77.51967, 13.74385 ], [ 77.52784, 13.70703 ], [ 77.52152, 13.68787 ], [ 77.50797, 13.6888 ], [ 77.50277, 13.70441 ], [ 77.47972, 13.70321 ], [ 77.48514, 13.68669 ], [ 77.47649, 13.6776 ], [ 77.44975, 13.67579 ], [ 77.44482, 13.69576 ], [ 77.45685, 13.71264 ], [ 77.46262, 13.74358 ], [ 77.45079, 13.78553 ], [ 77.44057, 13.80229 ], [ 77.42866, 13.78799 ], [ 77.40866, 13.79925 ], [ 77.42472, 13.82669 ], [ 77.37286, 13.83129 ], [ 77.3522, 13.84438 ], [ 77.32001, 13.82575 ], [ 77.30693, 13.85724 ], [ 77.28552, 13.84603 ], [ 77.25044, 13.83947 ], [ 77.2401, 13.89408 ], [ 77.22548, 13.89547 ], [ 77.19271, 13.85622 ], [ 77.17513, 13.8614 ], [ 77.18221, 13.9013 ], [ 77.17703, 13.9174 ], [ 77.15594, 13.89981 ], [ 77.16492, 13.86622 ], [ 77.13939, 13.85904 ], [ 77.12527, 13.84301 ], [ 77.14577, 13.83494 ], [ 77.16194, 13.81546 ], [ 77.1541, 13.80056 ], [ 77.17134, 13.77205 ], [ 77.16658, 13.75467 ], [ 77.12352, 13.75089 ], [ 77.09527, 13.76088 ], [ 77.08036, 13.75342 ], [ 77.08059, 13.73739 ], [ 77.06004, 13.73886 ], [ 77.03519, 13.76928 ], [ 77.01987, 13.76986 ], [ 77.01142, 13.73272 ], [ 76.99259, 13.74255 ], [ 76.98123, 13.7858 ], [ 76.98372, 13.80419 ], [ 76.96883, 13.81024 ], [ 77.00599, 13.85009 ], [ 77.01728, 13.89337 ], [ 77.04128, 13.8974 ], [ 77.03584, 13.92559 ], [ 77.0081, 13.94737 ], [ 76.989, 13.95669 ], [ 76.99438, 13.98149 ], [ 76.97518, 13.99659 ], [ 76.94857, 14.00678 ], [ 76.9311, 14.02273 ], [ 76.93797, 14.0476 ], [ 76.97153, 14.05239 ], [ 76.96809, 14.07974 ], [ 76.95143, 14.08537 ], [ 76.94292, 14.1119 ], [ 76.92242, 14.12904 ], [ 76.91251, 14.12211 ], [ 76.88368, 14.13103 ], [ 76.89143, 14.159 ], [ 76.91718, 14.15767 ], [ 76.93698, 14.16589 ], [ 76.94164, 14.18931 ], [ 76.9585, 14.17551 ], [ 77.01983, 14.1727 ], [ 77.0138, 14.1274 ], [ 77.01659, 14.10609 ], [ 77.01044, 14.09205 ], [ 77.02399, 14.08337 ], [ 77.0237, 14.05326 ], [ 77.06903, 14.04719 ], [ 77.09076, 14.03826 ], [ 77.1211, 14.04218 ], [ 77.13435, 13.99813 ], [ 77.15444, 13.99061 ], [ 77.17139, 14.0086 ], [ 77.19456, 14.00286 ], [ 77.21885, 14.00791 ], [ 77.24257, 14.00631 ], [ 77.27151, 14.0281 ], [ 77.27851, 14.0069 ], [ 77.30356, 14.02673 ], [ 77.31349, 14.02482 ], [ 77.33347, 13.98805 ], [ 77.35378, 13.98232 ], [ 77.34374, 13.95089 ], [ 77.36261, 13.9423 ], [ 77.34261, 13.91224 ], [ 77.34834, 13.89654 ], [ 77.39042, 13.89769 ], [ 77.39706, 13.88054 ], [ 77.41897, 13.89491 ], [ 77.40771, 13.9361 ], [ 77.4287, 13.94334 ], [ 77.43064, 13.96878 ], [ 77.4205, 13.97687 ], [ 77.38651, 13.974 ], [ 77.37321, 13.98171 ], [ 77.38336, 14.00736 ], [ 77.36233, 14.01599 ], [ 77.32619, 14.02294 ], [ 77.33797, 14.05383 ], [ 77.35012, 14.05338 ], [ 77.37238, 14.07185 ], [ 77.37966, 14.09039 ], [ 77.39545, 14.10344 ], [ 77.38974, 14.11857 ], [ 77.35246, 14.10535 ], [ 77.34773, 14.12434 ], [ 77.37669, 14.1296 ], [ 77.38972, 14.16526 ], [ 77.46333, 14.16423 ], [ 77.50044, 14.15096 ], [ 77.51035, 14.17202 ], [ 77.49008, 14.22763 ], [ 77.49937, 14.26051 ], [ 77.47913, 14.28374 ], [ 77.4547, 14.27219 ], [ 77.44363, 14.27755 ], [ 77.44234, 14.30975 ], [ 77.42587, 14.32081 ], [ 77.39489, 14.32916 ], [ 77.37882, 14.31708 ], [ 77.37501, 14.29519 ], [ 77.38987, 14.26139 ], [ 77.40102, 14.26041 ], [ 77.41488, 14.20322 ], [ 77.38379, 14.19182 ], [ 77.37662, 14.21671 ], [ 77.35541, 14.23004 ], [ 77.35926, 14.26933 ], [ 77.27959, 14.27609 ], [ 77.28114, 14.33111 ], [ 77.25785, 14.3257 ], [ 77.24509, 14.31453 ], [ 77.19636, 14.3143 ], [ 77.15215, 14.33774 ], [ 77.13192, 14.33059 ], [ 77.12577, 14.30153 ], [ 77.11192, 14.28753 ], [ 77.10693, 14.26176 ], [ 77.11552, 14.25682 ], [ 77.10995, 14.22148 ], [ 77.09522, 14.20948 ], [ 77.07534, 14.20935 ], [ 77.04963, 14.23954 ], [ 77.03304, 14.24049 ], [ 77.00412, 14.23157 ], [ 76.98248, 14.23815 ], [ 76.95139, 14.23415 ], [ 76.93784, 14.24012 ], [ 76.92486, 14.27218 ], [ 76.94376, 14.28168 ], [ 76.94294, 14.30538 ], [ 76.89897, 14.31924 ], [ 76.87862, 14.35139 ], [ 76.88314, 14.39029 ], [ 76.89664, 14.39448 ], [ 76.9131, 14.41355 ], [ 76.94157, 14.39954 ], [ 76.94379, 14.4451 ], [ 76.95859, 14.44539 ], [ 76.9734, 14.47828 ], [ 76.90652, 14.48416 ], [ 76.8803, 14.47053 ], [ 76.86381, 14.47467 ], [ 76.84393, 14.50915 ], [ 76.79973, 14.52773 ], [ 76.78617, 14.55306 ], [ 76.77815, 14.57933 ], [ 76.76091, 14.59628 ], [ 76.77128, 14.67384 ], [ 76.79807, 14.73459 ], [ 76.78035, 14.77926 ], [ 76.83377, 14.78491 ], [ 76.84009, 14.83004 ], [ 76.84939, 14.8387 ], [ 76.85168, 14.86252 ], [ 76.84614, 14.89033 ], [ 76.86031, 14.89119 ], [ 76.86548, 14.9376 ], [ 76.86446, 14.96402 ], [ 76.84116, 14.96117 ], [ 76.8279, 14.95101 ], [ 76.81545, 14.96381 ], [ 76.79688, 14.96292 ], [ 76.76377, 14.96987 ], [ 76.75699, 14.98297 ], [ 76.78458, 15.01667 ], [ 76.77113, 15.05409 ], [ 76.77256, 15.06512 ], [ 76.79694, 15.09076 ], [ 76.82127, 15.07485 ], [ 76.83741, 15.07247 ], [ 76.86057, 15.05671 ], [ 76.8767, 15.02868 ], [ 76.91352, 15.03095 ], [ 76.95067, 15.02443 ], [ 76.9668, 15.01317 ], [ 77.00068, 15.02959 ], [ 77.04688, 15.02921 ], [ 77.04101, 15.00548 ], [ 77.07882, 15.00001 ], [ 77.08207, 15.02229 ], [ 77.10957, 15.02857 ], [ 77.12553, 15.06821 ], [ 77.12761, 15.09364 ], [ 77.14771, 15.10733 ], [ 77.15276, 15.13162 ], [ 77.13536, 15.13601 ], [ 77.13697, 15.14925 ], [ 77.15771, 15.14895 ], [ 77.16448, 15.16847 ], [ 77.15816, 15.19382 ], [ 77.14138, 15.21813 ], [ 77.1209, 15.22124 ], [ 77.14025, 15.25155 ], [ 77.16525, 15.25097 ], [ 77.14803, 15.27095 ], [ 77.14791, 15.28567 ], [ 77.11542, 15.28985 ], [ 77.10969, 15.32728 ], [ 77.06909, 15.31947 ], [ 77.0629, 15.33791 ], [ 77.03803, 15.35878 ], [ 77.04382, 15.38374 ], [ 77.02854, 15.4013 ], [ 77.0274, 15.43518 ], [ 77.0061, 15.44823 ], [ 76.996, 15.46746 ], [ 76.97039, 15.49092 ], [ 76.97189, 15.50633 ], [ 76.99603, 15.49973 ], [ 77.0266, 15.49999 ], [ 77.02886, 15.52512 ], [ 77.02371, 15.57638 ], [ 77.02889, 15.59826 ], [ 77.02711, 15.62935 ], [ 77.06887, 15.64091 ], [ 77.08144, 15.65284 ], [ 77.1162, 15.62511 ], [ 77.12498, 15.65905 ], [ 77.10084, 15.67888 ], [ 77.07593, 15.69088 ], [ 77.08437, 15.70896 ], [ 77.07627, 15.72141 ], [ 77.04709, 15.72501 ], [ 77.04669, 15.75133 ], [ 77.06248, 15.77839 ], [ 77.06389, 15.82317 ], [ 77.02815, 15.82559 ], [ 77.03319, 15.85308 ], [ 77.0768, 15.90974 ], [ 77.10461, 15.92453 ], [ 77.12994, 15.93039 ], [ 77.14343, 15.9406 ], [ 77.18063, 15.95006 ], [ 77.23609, 15.95271 ], [ 77.24892, 15.95774 ], [ 77.28245, 15.94736 ], [ 77.35361, 15.9437 ], [ 77.37622, 15.93325 ], [ 77.40763, 15.93565 ], [ 77.42642, 15.94228 ], [ 77.46698, 15.92758 ], [ 77.50945, 15.92086 ], [ 77.58842, 15.90699 ], [ 77.60638, 15.91173 ], [ 77.6396, 15.88313 ], [ 77.68353, 15.87389 ], [ 77.71612, 15.88657 ], [ 77.79919, 15.86532 ], [ 77.83385, 15.87551 ], [ 77.85565, 15.87576 ], [ 77.86694, 15.89239 ], [ 77.88768, 15.89592 ], [ 77.9283, 15.87651 ], [ 77.97288, 15.87412 ], [ 78.00187, 15.85923 ], [ 78.01697, 15.89515 ], [ 78.03982, 15.8981 ], [ 78.04887, 15.87075 ], [ 78.06367, 15.84456 ], [ 78.10114, 15.82792 ], [ 78.12688, 15.83492 ], [ 78.12583, 15.84893 ], [ 78.16467, 15.84899 ], [ 78.18149, 15.88765 ], [ 78.18003, 15.90045 ], [ 78.2054, 15.91706 ], [ 78.22787, 15.92348 ], [ 78.24287, 15.93705 ], [ 78.24836, 15.96831 ], [ 78.25974, 15.99473 ], [ 78.25138, 16.02568 ], [ 78.26816, 16.03476 ], [ 78.29218, 16.02849 ], [ 78.31621, 16.02915 ], [ 78.34042, 16.05277 ], [ 78.37003, 16.05984 ], [ 78.40566, 16.08095 ], [ 78.45101, 16.08103 ], [ 78.4956, 16.07309 ], [ 78.55913, 16.05637 ], [ 78.6035, 16.09644 ], [ 78.63649, 16.09145 ], [ 78.66837, 16.0558 ], [ 78.68656, 16.04038 ], [ 78.71367, 16.02666 ], [ 78.73898, 16.02114 ], [ 78.77505, 16.02361 ], [ 78.808, 16.04619 ], [ 78.8365, 16.08738 ], [ 78.83213, 16.15177 ], [ 78.85645, 16.1586 ], [ 78.86633, 16.14386 ], [ 78.87267, 16.11017 ], [ 78.90118, 16.09762 ], [ 78.92187, 16.12187 ], [ 78.90559, 16.16492 ], [ 78.90808, 16.19104 ], [ 78.95901, 16.21722 ], [ 78.99243, 16.2283 ], [ 79.02014, 16.24427 ], [ 79.04253, 16.24495 ], [ 79.0686, 16.23814 ], [ 79.12301, 16.23791 ], [ 79.17658, 16.21713 ], [ 79.20751, 16.23067 ], [ 79.22506, 16.25007 ], [ 79.22982, 16.30022 ], [ 79.22785, 16.33681 ], [ 79.21147, 16.36281 ], [ 79.21906, 16.43817 ], [ 79.23618, 16.45854 ], [ 79.22411, 16.49214 ], [ 79.23045, 16.51929 ], [ 79.26077, 16.54642 ], [ 79.26611, 16.56147 ], [ 79.31978, 16.57587 ], [ 79.34553, 16.57956 ], [ 79.42659, 16.58252 ], [ 79.44315, 16.5937 ], [ 79.45059, 16.60915 ], [ 79.49718, 16.63051 ], [ 79.53671, 16.63156 ], [ 79.57402, 16.64359 ], [ 79.59991, 16.66327 ], [ 79.64803, 16.662 ], [ 79.6555, 16.67409 ], [ 79.68304, 16.69038 ], [ 79.72274, 16.69261 ], [ 79.75048, 16.72012 ], [ 79.7749, 16.72952 ], [ 79.78338, 16.72484 ], [ 79.81026, 16.69049 ], [ 79.86184, 16.69822 ], [ 79.87331, 16.6887 ], [ 79.89092, 16.64956 ], [ 79.90208, 16.63785 ], [ 79.92367, 16.63074 ], [ 79.94257, 16.63263 ], [ 79.97302, 16.65952 ], [ 79.99152, 16.69255 ], [ 80.01668, 16.71183 ], [ 80.0479, 16.74515 ], [ 80.05159, 16.77129 ], [ 80.06967, 16.81361 ], [ 80.04184, 16.82606 ], [ 80.0331, 16.85245 ], [ 80.01383, 16.85294 ], [ 79.99168, 16.86325 ], [ 80.00955, 16.90726 ], [ 80.03706, 16.93647 ], [ 80.04588, 16.9653 ], [ 80.08424, 16.96319 ], [ 80.08769, 16.98744 ], [ 80.10579, 16.98132 ], [ 80.13386, 16.98536 ], [ 80.14247, 17.00148 ], [ 80.16718, 17.02362 ], [ 80.18213, 17.04494 ], [ 80.19427, 17.04251 ], [ 80.19555, 17.01804 ], [ 80.21784, 17.01962 ], [ 80.24115, 17.00281 ], [ 80.26218, 17.01063 ], [ 80.30138, 16.95586 ], [ 80.31329, 16.912 ], [ 80.31922, 16.87094 ], [ 80.33495, 16.85574 ], [ 80.35863, 16.85491 ], [ 80.37293, 16.8111 ], [ 80.39915, 16.83158 ], [ 80.39971, 16.84974 ], [ 80.41867, 16.84232 ], [ 80.42284, 16.82931 ], [ 80.45261, 16.81529 ], [ 80.4564, 16.79003 ], [ 80.48953, 16.77586 ], [ 80.56281, 16.76283 ], [ 80.59752, 16.78509 ], [ 80.58585, 16.80666 ], [ 80.55458, 16.82479 ], [ 80.56243, 16.83632 ], [ 80.56497, 16.86904 ], [ 80.58675, 16.87394 ], [ 80.58212, 16.9031 ], [ 80.58419, 16.92652 ], [ 80.56949, 16.92689 ], [ 80.53174, 16.95018 ], [ 80.52069, 16.9364 ], [ 80.4913, 16.94818 ], [ 80.47688, 16.92117 ], [ 80.44254, 16.94494 ], [ 80.39762, 16.95701 ], [ 80.36042, 16.9705 ], [ 80.37119, 16.99584 ], [ 80.38872, 17.01406 ], [ 80.367, 17.05657 ], [ 80.39509, 17.07757 ], [ 80.40087, 17.05419 ], [ 80.42054, 17.02486 ], [ 80.44624, 17.01702 ], [ 80.45289, 17.03704 ], [ 80.47175, 17.0381 ], [ 80.48466, 17.05631 ], [ 80.48679, 17.0829 ], [ 80.49654, 17.10129 ], [ 80.54907, 17.12362 ], [ 80.56017, 17.13803 ], [ 80.59511, 17.11956 ], [ 80.62975, 17.11002 ], [ 80.65541, 17.08397 ], [ 80.63776, 17.07194 ], [ 80.64919, 17.05458 ], [ 80.684, 17.06874 ], [ 80.72573, 17.06461 ], [ 80.7466, 17.05492 ], [ 80.82323, 17.03778 ], [ 80.83247, 17.02571 ], [ 80.85885, 17.05085 ], [ 80.85646, 17.06852 ], [ 80.86421, 17.09582 ], [ 80.85505, 17.11141 ], [ 80.8668, 17.12462 ], [ 80.87031, 17.1463 ], [ 80.88886, 17.14105 ], [ 80.91331, 17.14595 ], [ 80.91487, 17.16984 ], [ 80.90535, 17.20129 ], [ 80.93065, 17.20503 ], [ 80.95599, 17.18821 ], [ 80.98516, 17.17939 ], [ 81.02618, 17.18667 ], [ 81.04386, 17.20454 ], [ 81.06221, 17.2041 ], [ 81.0845, 17.21364 ], [ 81.14555, 17.23166 ], [ 81.16279, 17.23258 ], [ 81.18056, 17.2546 ], [ 81.17114, 17.26666 ], [ 81.17196, 17.30545 ], [ 81.19031, 17.32737 ], [ 81.21875, 17.32174 ], [ 81.26717, 17.32 ], [ 81.28917, 17.33755 ], [ 81.32096, 17.38681 ], [ 81.31117, 17.41085 ] ] ], [ [ [ 80.16764, 13.58986 ], [ 80.15125, 13.55125 ], [ 80.12791, 13.57846 ], [ 80.13319, 13.59986 ], [ 80.14902, 13.61847 ], [ 80.16764, 13.58986 ] ] ], [ [ [ 82.28539, 16.69764 ], [ 82.31653, 16.70458 ], [ 82.33208, 16.72486 ], [ 82.34125, 16.70431 ], [ 82.3393, 16.68542 ], [ 82.31875, 16.65236 ], [ 82.31875, 16.61681 ], [ 82.29736, 16.61292 ], [ 82.28236, 16.64235 ], [ 82.25597, 16.65375 ], [ 82.26598, 16.67153 ], [ 82.25875, 16.69011 ], [ 82.28539, 16.69764 ] ] ] ] } },
{ "type": "Feature", "properties": { "source": "https://simplemaps.com", "id": "INAR", "name": "Arunachal Pradesh" }, "geometry": { "type": "MultiPolygon", "coordinates": [ [ [ [ 95.23763, 26.68629 ], [ 95.23611, 26.71221 ], [ 95.21614, 26.73532 ], [ 95.21926, 26.75555 ], [ 95.24254, 26.78451 ], [ 95.21512, 26.79838 ], [ 95.19904, 26.83993 ], [ 95.1845, 26.86483 ], [ 95.21285, 26.8856 ], [ 95.22993, 26.88567 ], [ 95.23396, 26.9206 ], [ 95.21706, 26.9342 ], [ 95.20676, 26.96259 ], [ 95.21504, 26.97037 ], [ 95.1952, 26.98999 ], [ 95.20008, 27.00623 ], [ 95.19552, 27.04295 ], [ 95.21381, 27.03348 ], [ 95.23788, 27.04322 ], [ 95.24823, 27.03025 ], [ 95.27763, 27.04977 ], [ 95.27783, 27.05677 ], [ 95.30968, 27.08113 ], [ 95.36647, 27.11285 ], [ 95.40631, 27.11832 ], [ 95.42027, 27.13078 ], [ 95.45779, 27.13564 ], [ 95.46585, 27.1548 ], [ 95.46864, 27.1905 ], [ 95.4589, 27.20957 ], [ 95.48723, 27.24603 ], [ 95.53481, 27.27062 ], [ 95.57446, 27.25106 ], [ 95.59009, 27.22952 ], [ 95.637, 27.23691 ], [ 95.68442, 27.25741 ], [ 95.72549, 27.25923 ], [ 95.73188, 27.26654 ], [ 95.78468, 27.27913 ], [ 95.8102, 27.28092 ], [ 95.86047, 27.29421 ], [ 95.87238, 27.26691 ], [ 95.89811, 27.26431 ], [ 95.90643, 27.29188 ], [ 95.96322, 27.31707 ], [ 95.97002, 27.33698 ], [ 95.99368, 27.35144 ], [ 96.01495, 27.37546 ], [ 96.00101, 27.40347 ], [ 95.9733, 27.43675 ], [ 95.93327, 27.44669 ], [ 95.91117, 27.43996 ], [ 95.9001, 27.41133 ], [ 95.88259, 27.44408 ], [ 95.86491, 27.42901 ], [ 95.84934, 27.43032 ], [ 95.85946, 27.46261 ], [ 95.87626, 27.47111 ], [ 95.88046, 27.5011 ], [ 95.88133, 27.55323 ], [ 95.86236, 27.5526 ], [ 95.82124, 27.58172 ], [ 95.8242, 27.60301 ], [ 95.79803, 27.60783 ], [ 95.78735, 27.6323 ], [ 95.80145, 27.64901 ], [ 95.77922, 27.66054 ], [ 95.78045, 27.67919 ], [ 95.79313, 27.69227 ], [ 95.77267, 27.69995 ], [ 95.77039, 27.72003 ], [ 95.75822, 27.73111 ], [ 95.78777, 27.74205 ], [ 95.78053, 27.75822 ], [ 95.80095, 27.77686 ], [ 95.82313, 27.80925 ], [ 95.8521, 27.83411 ], [ 95.87657, 27.84177 ], [ 95.92262, 27.88618 ], [ 95.9553, 27.92682 ], [ 95.95232, 27.94184 ], [ 95.97746, 27.9685 ], [ 95.82588, 27.97737 ], [ 95.60674, 27.95777 ], [ 95.58866, 27.94163 ], [ 95.57121, 27.94238 ], [ 95.56505, 27.92252 ], [ 95.5438, 27.91346 ], [ 95.51595, 27.88179 ], [ 95.38434, 27.84202 ], [ 95.31656, 27.87113 ], [ 95.23654, 27.84835 ], [ 95.05183, 27.79023 ], [ 95.03876, 27.77773 ], [ 94.98704, 27.77085 ], [ 94.93003, 27.75673 ], [ 94.88394, 27.74206 ], [ 94.86086, 27.73948 ], [ 94.84879, 27.71068 ], [ 94.82127, 27.69622 ], [ 94.79535, 27.69808 ], [ 94.74267, 27.66342 ], [ 94.7207, 27.66999 ], [ 94.69808, 27.6671 ], [ 94.64842, 27.64207 ], [ 94.63979, 27.63096 ], [ 94.59147, 27.62281 ], [ 94.57353, 27.60697 ], [ 94.52628, 27.59577 ], [ 94.50023, 27.57731 ], [ 94.45347, 27.57094 ], [ 94.42093, 27.60134 ], [ 94.40318, 27.58719 ], [ 94.3876, 27.58928 ], [ 94.36749, 27.57675 ], [ 94.31241, 27.58965 ], [ 94.28766, 27.59179 ], [ 94.25409, 27.6137 ], [ 94.26279, 27.63602 ], [ 94.23508, 27.63251 ], [ 94.21351, 27.60442 ], [ 94.22292, 27.60074 ], [ 94.22648, 27.57563 ], [ 94.2565, 27.55743 ], [ 94.25906, 27.5226 ], [ 94.19523, 27.49746 ], [ 94.15721, 27.47805 ], [ 94.1602, 27.46647 ], [ 94.08635, 27.40456 ], [ 94.06093, 27.36356 ], [ 94.00001, 27.33471 ], [ 93.95652, 27.29476 ], [ 93.93891, 27.27328 ], [ 93.90105, 27.24154 ], [ 93.86745, 27.19884 ], [ 93.83988, 27.17346 ], [ 93.82666, 27.16937 ], [ 93.8073, 27.15014 ], [ 93.80581, 27.13475 ], [ 93.82549, 27.11934 ], [ 93.82664, 27.09938 ], [ 93.83675, 27.07821 ], [ 93.81019, 27.06814 ], [ 93.76848, 27.04329 ], [ 93.71893, 27.01922 ], [ 93.67578, 26.97107 ], [ 93.6245, 26.96421 ], [ 93.58422, 26.95265 ], [ 93.52584, 26.94863 ], [ 93.48936, 26.93853 ], [ 93.46811, 26.93889 ], [ 93.44787, 26.95415 ], [ 93.34794, 26.96324 ], [ 93.26685, 26.956 ], [ 93.22239, 26.94914 ], [ 93.18428, 26.93874 ], [ 93.10896, 26.92728 ], [ 93.09187, 26.91554 ], [ 93.06884, 26.92421 ], [ 93.01937, 26.91683 ], [ 92.99744, 26.93035 ], [ 92.91777, 26.96424 ], [ 92.91668, 26.98465 ], [ 92.87244, 27.0077 ], [ 92.83659, 27.01355 ], [ 92.7691, 27.03304 ], [ 92.71368, 27.02609 ], [ 92.65893, 27.03852 ], [ 92.64463, 27.01004 ], [ 92.64546, 26.98745 ], [ 92.58521, 26.96186 ], [ 92.55361, 26.95907 ], [ 92.50502, 26.96677 ], [ 92.44617, 26.96064 ], [ 92.42577, 26.94347 ], [ 92.41189, 26.94419 ], [ 92.39976, 26.92627 ], [ 92.35305, 26.93557 ], [ 92.30286, 26.92421 ], [ 92.30375, 26.90954 ], [ 92.27639, 26.90247 ], [ 92.25456, 26.91223 ], [ 92.19485, 26.891 ], [ 92.12037, 26.8903 ], [ 92.10789, 26.89382 ], [ 92.11707, 26.93242 ], [ 92.11324, 26.97573 ], [ 92.10213, 26.983 ], [ 92.10329, 27.00775 ], [ 92.0798, 27.02061 ], [ 92.07664, 27.03985 ], [ 92.06396, 27.05221 ], [ 92.04491, 27.05197 ], [ 92.02778, 27.07858 ], [ 92.0222, 27.11492 ], [ 92.03648, 27.13844 ], [ 92.0243, 27.15423 ], [ 92.02522, 27.17176 ], [ 92.05624, 27.18959 ], [ 92.06965, 27.22364 ], [ 92.06578, 27.24496 ], [ 92.03992, 27.2618 ], [ 92.07002, 27.27736 ], [ 92.10162, 27.26911 ], [ 92.11903, 27.27589 ], [ 92.11734, 27.29283 ], [ 92.07799, 27.31029 ], [ 92.05879, 27.3272 ], [ 92.0602, 27.34529 ], [ 92.04839, 27.35829 ], [ 92.04606, 27.37926 ], [ 92.05447, 27.40012 ], [ 92.04208, 27.41284 ], [ 92.03876, 27.43651 ], [ 92.02392, 27.44159 ], [ 92.01675, 27.45804 ], [ 92.01876, 27.47975 ], [ 91.93938, 27.46063 ], [ 91.92274, 27.47135 ], [ 91.89851, 27.46827 ], [ 91.84914, 27.48255 ], [ 91.82848, 27.46898 ], [ 91.80941, 27.4726 ], [ 91.77381, 27.46452 ], [ 91.75659, 27.47331 ], [ 91.71383, 27.47363 ], [ 91.71064, 27.49125 ], [ 91.69009, 27.50275 ], [ 91.65324, 27.48298 ], [ 91.6441, 27.49899 ], [ 91.62052, 27.5133 ], [ 91.60925, 27.54163 ], [ 91.59442, 27.53955 ], [ 91.562, 27.58421 ], [ 91.57681, 27.59956 ], [ 91.55774, 27.63347 ], [ 91.56683, 27.65247 ], [ 91.58973, 27.67182 ], [ 91.5918, 27.68323 ], [ 91.62374, 27.70597 ], [ 91.62962, 27.74699 ], [ 91.64002, 27.75799 ], [ 91.63114, 27.77157 ], [ 91.62816, 27.80083 ], [ 91.59882, 27.82085 ], [ 91.56547, 27.81532 ], [ 91.54579, 27.84685 ], [ 91.56973, 27.86072 ], [ 91.59409, 27.86206 ], [ 91.60738, 27.854 ], [ 91.66933, 27.85671 ], [ 91.69412, 27.82213 ], [ 91.70957, 27.81329 ], [ 91.74628, 27.80335 ], [ 91.77113, 27.80124 ], [ 91.80412, 27.80889 ], [ 91.82795, 27.80755 ], [ 91.83349, 27.77989 ], [ 91.8452, 27.77566 ], [ 91.86053, 27.73693 ], [ 91.87865, 27.72184 ], [ 91.90838, 27.72631 ], [ 91.91876, 27.7151 ], [ 91.94506, 27.72869 ], [ 91.95559, 27.75067 ], [ 91.98386, 27.76999 ], [ 92.03777, 27.7572 ], [ 92.0554, 27.75913 ], [ 92.08457, 27.77978 ], [ 92.11996, 27.8106 ], [ 92.1561, 27.83702 ], [ 92.20029, 27.85707 ], [ 92.25516, 27.86217 ], [ 92.26738, 27.85394 ], [ 92.28469, 27.80756 ], [ 92.30739, 27.77924 ], [ 92.37984, 27.79502 ], [ 92.38296, 27.81557 ], [ 92.41386, 27.82304 ], [ 92.44381, 27.80078 ], [ 92.45493, 27.80326 ], [ 92.49251, 27.83682 ], [ 92.51509, 27.84022 ], [ 92.5439, 27.81747 ], [ 92.56069, 27.82104 ], [ 92.58575, 27.85687 ], [ 92.60507, 27.87751 ], [ 92.66921, 27.90013 ], [ 92.70126, 27.93381 ], [ 92.73949, 27.98941 ], [ 92.69543, 28.04837 ], [ 92.66293, 28.06277 ], [ 92.68016, 28.11801 ], [ 92.70458, 28.13657 ], [ 92.73656, 28.15155 ], [ 92.78303, 28.18374 ], [ 92.79964, 28.20223 ], [ 92.81932, 28.19741 ], [ 92.82127, 28.17392 ], [ 92.89526, 28.20461 ], [ 92.91295, 28.23502 ], [ 92.96452, 28.26181 ], [ 92.98596, 28.25131 ], [ 93.00036, 28.23079 ], [ 93.03378, 28.26313 ], [ 93.02191, 28.29993 ], [ 93.07204, 28.30926 ], [ 93.09535, 28.30708 ], [ 93.12479, 28.3268 ], [ 93.15497, 28.31848 ], [ 93.19376, 28.31804 ], [ 93.22274, 28.34107 ], [ 93.21928, 28.3615 ], [ 93.23152, 28.40071 ], [ 93.19037, 28.42602 ], [ 93.18266, 28.43999 ], [ 93.20754, 28.45223 ], [ 93.22906, 28.47795 ], [ 93.27592, 28.50483 ], [ 93.28891, 28.54341 ], [ 93.30527, 28.56626 ], [ 93.29987, 28.59955 ], [ 93.32764, 28.60829 ], [ 93.33231, 28.63368 ], [ 93.41184, 28.6529 ], [ 93.44567, 28.67604 ], [ 93.4742, 28.65365 ], [ 93.47918, 28.67498 ], [ 93.49551, 28.68402 ], [ 93.51843, 28.67383 ], [ 93.52447, 28.66128 ], [ 93.60699, 28.65588 ], [ 93.63887, 28.66191 ], [ 93.68552, 28.67934 ], [ 93.73157, 28.68928 ], [ 93.77518, 28.66852 ], [ 93.84404, 28.70739 ], [ 93.86527, 28.70371 ], [ 93.90413, 28.67666 ], [ 93.93456, 28.6771 ], [ 93.95697, 28.70468 ], [ 93.96555, 28.72324 ], [ 93.96851, 28.75138 ], [ 94.00143, 28.77554 ], [ 93.98527, 28.79829 ], [ 93.99998, 28.81977 ], [ 93.99491, 28.84137 ], [ 94.03007, 28.85345 ], [ 94.044, 28.87383 ], [ 94.07884, 28.90582 ], [ 94.13649, 28.94039 ], [ 94.15514, 28.95476 ], [ 94.15832, 28.97406 ], [ 94.17294, 28.99182 ], [ 94.17196, 29.00776 ], [ 94.18499, 29.03912 ], [ 94.21469, 29.08409 ], [ 94.25768, 29.11679 ], [ 94.28773, 29.14815 ], [ 94.35017, 29.15021 ], [ 94.3637, 29.15722 ], [ 94.37228, 29.19023 ], [ 94.41388, 29.21269 ], [ 94.43118, 29.22682 ], [ 94.49446, 29.21667 ], [ 94.53307, 29.21872 ], [ 94.5579, 29.22891 ], [ 94.57208, 29.25057 ], [ 94.57389, 29.27517 ], [ 94.61071, 29.30116 ], [ 94.619, 29.3128 ], [ 94.62816, 29.34859 ], [ 94.64146, 29.34692 ], [ 94.67725, 29.32784 ], [ 94.71105, 29.30434 ], [ 94.76653, 29.25279 ], [ 94.79084, 29.22619 ], [ 94.7979, 29.20999 ], [ 94.79287, 29.18036 ], [ 94.79799, 29.16461 ], [ 94.84659, 29.18299 ], [ 94.8718, 29.18429 ], [ 94.9188, 29.1623 ], [ 94.96769, 29.15975 ], [ 95.01116, 29.13341 ], [ 95.00491, 29.1705 ], [ 95.03974, 29.15242 ], [ 95.0984, 29.1438 ], [ 95.12176, 29.11625 ], [ 95.17752, 29.10858 ], [ 95.25076, 29.10988 ], [ 95.25011, 29.06857 ], [ 95.26656, 29.05765 ], [ 95.30275, 29.06292 ], [ 95.34549, 29.04611 ], [ 95.41013, 29.03412 ], [ 95.42155, 29.04121 ], [ 95.45434, 29.03699 ], [ 95.48909, 29.08974 ], [ 95.49187, 29.12368 ], [ 95.50353, 29.14299 ], [ 95.54681, 29.12865 ], [ 95.54532, 29.18058 ], [ 95.53718, 29.20824 ], [ 95.54503, 29.21559 ], [ 95.5858, 29.21799 ], [ 95.58763, 29.24237 ], [ 95.59873, 29.26186 ], [ 95.63122, 29.24905 ], [ 95.67323, 29.2711 ], [ 95.7019, 29.30042 ], [ 95.72705, 29.30247 ], [ 95.7435, 29.31625 ], [ 95.74541, 29.32912 ], [ 95.77763, 29.3564 ], [ 95.79102, 29.3379 ], [ 95.82681, 29.35571 ], [ 95.8403, 29.35374 ], [ 95.88085, 29.39149 ], [ 95.95711, 29.38267 ], [ 95.99319, 29.41044 ], [ 96.01453, 29.42135 ], [ 96.0556, 29.45841 ], [ 96.08054, 29.46334 ], [ 96.09282, 29.45643 ], [ 96.1132, 29.42751 ], [ 96.14999, 29.39926 ], [ 96.18578, 29.34448 ], [ 96.18308, 29.30925 ], [ 96.20324, 29.29362 ], [ 96.21005, 29.27486 ], [ 96.23417, 29.24346 ], [ 96.25084, 29.23324 ], [ 96.293, 29.23579 ], [ 96.31261, 29.2591 ], [ 96.34534, 29.26735 ], [ 96.36315, 29.28563 ], [ 96.37498, 29.28373 ], [ 96.39281, 29.2565 ], [ 96.38771, 29.23371 ], [ 96.37137, 29.21803 ], [ 96.3585, 29.18163 ], [ 96.34636, 29.17103 ], [ 96.30764, 29.16839 ], [ 96.2602, 29.16016 ], [ 96.2489, 29.15017 ], [ 96.2175, 29.1381 ], [ 96.20033, 29.10593 ], [ 96.1695, 29.08763 ], [ 96.12421, 29.08067 ], [ 96.15039, 29.05314 ], [ 96.16521, 29.02011 ], [ 96.18485, 28.98812 ], [ 96.18044, 28.96854 ], [ 96.15517, 28.9556 ], [ 96.14525, 28.93749 ], [ 96.16298, 28.92206 ], [ 96.16653, 28.90593 ], [ 96.22815, 28.92933 ], [ 96.2483, 28.94284 ], [ 96.25565, 28.95925 ], [ 96.2937, 28.99873 ], [ 96.32153, 29.01277 ], [ 96.3467, 29.03227 ], [ 96.43579, 29.03759 ], [ 96.45889, 29.04583 ], [ 96.47716, 29.06014 ], [ 96.5252, 29.07928 ], [ 96.4774, 28.99404 ], [ 96.48753, 28.96534 ], [ 96.52122, 28.96521 ], [ 96.52367, 28.94801 ], [ 96.53873, 28.92098 ], [ 96.53745, 28.88412 ], [ 96.58426, 28.82152 ], [ 96.60838, 28.79807 ], [ 96.61552, 28.76482 ], [ 96.58594, 28.72159 ], [ 96.56001, 28.71186 ], [ 96.53223, 28.7115 ], [ 96.49057, 28.6885 ], [ 96.47054, 28.68455 ], [ 96.49516, 28.64376 ], [ 96.47289, 28.62247 ], [ 96.44444, 28.60599 ], [ 96.4225, 28.58503 ], [ 96.40736, 28.59443 ], [ 96.40077, 28.56237 ], [ 96.35461, 28.56059 ], [ 96.3243, 28.53034 ], [ 96.36092, 28.50973 ], [ 96.37171, 28.49677 ], [ 96.36696, 28.47953 ], [ 96.33506, 28.46278 ], [ 96.26596, 28.41705 ], [ 96.2674, 28.41021 ], [ 96.30464, 28.40472 ], [ 96.31988, 28.38616 ], [ 96.37094, 28.3943 ], [ 96.38001, 28.36409 ], [ 96.39941, 28.3445 ], [ 96.42286, 28.35097 ], [ 96.432, 28.39173 ], [ 96.45827, 28.41922 ], [ 96.47999, 28.42461 ], [ 96.51026, 28.41831 ], [ 96.55113, 28.44222 ], [ 96.55953, 28.45303 ], [ 96.59866, 28.46623 ], [ 96.66457, 28.46577 ], [ 96.68145, 28.4512 ], [ 96.71687, 28.43295 ], [ 96.73399, 28.43079 ], [ 96.75749, 28.41543 ], [ 96.77438, 28.37407 ], [ 96.82648, 28.3672 ], [ 96.85222, 28.36836 ], [ 96.86249, 28.37831 ], [ 96.89867, 28.3859 ], [ 96.91996, 28.36335 ], [ 96.9259, 28.34503 ], [ 96.95277, 28.33995 ], [ 96.97406, 28.32369 ], [ 96.9965, 28.31623 ], [ 97.02269, 28.32626 ], [ 97.05182, 28.35807 ], [ 97.09257, 28.36969 ], [ 97.12594, 28.35622 ], [ 97.15881, 28.32694 ], [ 97.16937, 28.30225 ], [ 97.1926, 28.2944 ], [ 97.22424, 28.29989 ], [ 97.24124, 28.27513 ], [ 97.28207, 28.27626 ], [ 97.30633, 28.26397 ], [ 97.31304, 28.25183 ], [ 97.33377, 28.24778 ], [ 97.37466, 28.2256 ], [ 97.40057, 28.2005 ], [ 97.39223, 28.1912 ], [ 97.37202, 28.2004 ], [ 97.3308, 28.16297 ], [ 97.3247, 28.14823 ], [ 97.33901, 28.11954 ], [ 97.31021, 28.09325 ], [ 97.31179, 28.06995 ], [ 97.33167, 28.06536 ], [ 97.36604, 28.0681 ], [ 97.37707, 28.03909 ], [ 97.39857, 28.03411 ], [ 97.41163, 28.01514 ], [ 97.39121, 28.01193 ], [ 97.37807, 27.98615 ], [ 97.37562, 27.94439 ], [ 97.38766, 27.93073 ], [ 97.37856, 27.91801 ], [ 97.38902, 27.89638 ], [ 97.3648, 27.88513 ], [ 97.34352, 27.89406 ], [ 97.32117, 27.88951 ], [ 97.32394, 27.91186 ], [ 97.30871, 27.92996 ], [ 97.25648, 27.90953 ], [ 97.23677, 27.88994 ], [ 97.20256, 27.8644 ], [ 97.16035, 27.82259 ], [ 97.13735, 27.81506 ], [ 97.12428, 27.7985 ], [ 97.10246, 27.79342 ], [ 97.10477, 27.77519 ], [ 97.09642, 27.74993 ], [ 97.06754, 27.75972 ], [ 97.03736, 27.75216 ], [ 97.01575, 27.74063 ], [ 97.00323, 27.71047 ], [ 96.98485, 27.69099 ], [ 96.9783, 27.67187 ], [ 96.95866, 27.67428 ], [ 96.92896, 27.65603 ], [ 96.91945, 27.63145 ], [ 96.89758, 27.6208 ], [ 96.89922, 27.59363 ], [ 96.91403, 27.58843 ], [ 96.91581, 27.55828 ], [ 96.93768, 27.53006 ], [ 96.91386, 27.48841 ], [ 96.91185, 27.46271 ], [ 96.93334, 27.45051 ], [ 96.94139, 27.42695 ], [ 96.96552, 27.41536 ], [ 96.97554, 27.396 ], [ 96.96901, 27.38627 ], [ 96.98505, 27.36261 ], [ 96.99747, 27.3551 ], [ 97.00334, 27.32994 ], [ 97.04033, 27.30786 ], [ 97.04359, 27.28975 ], [ 97.08184, 27.25387 ], [ 97.09408, 27.24789 ], [ 97.09515, 27.22143 ], [ 97.1167, 27.20922 ], [ 97.1273, 27.18517 ], [ 97.14992, 27.17834 ], [ 97.16721, 27.15548 ], [ 97.17174, 27.13681 ], [ 97.15591, 27.12638 ], [ 97.14643, 27.10284 ], [ 97.13099, 27.10374 ], [ 97.10856, 27.12126 ], [ 97.0791, 27.10998 ], [ 97.06268, 27.11116 ], [ 97.03022, 27.14174 ], [ 96.999, 27.15395 ], [ 96.98466, 27.16671 ], [ 96.95526, 27.17368 ], [ 96.91841, 27.17549 ], [ 96.86623, 27.19969 ], [ 96.86337, 27.21924 ], [ 96.89001, 27.23687 ], [ 96.8851, 27.26796 ], [ 96.86623, 27.26905 ], [ 96.85567, 27.28031 ], [ 96.84975, 27.30628 ], [ 96.83626, 27.31054 ], [ 96.8171, 27.32954 ], [ 96.80236, 27.35443 ], [ 96.77296, 27.36496 ], [ 96.74069, 27.36446 ], [ 96.71255, 27.38073 ], [ 96.69374, 27.36552 ], [ 96.67016, 27.3723 ], [ 96.64612, 27.36783 ], [ 96.62048, 27.37282 ], [ 96.5983, 27.35645 ], [ 96.60081, 27.34463 ], [ 96.56183, 27.32525 ], [ 96.53075, 27.29805 ], [ 96.50003, 27.30936 ], [ 96.47075, 27.31246 ], [ 96.43349, 27.30994 ], [ 96.39157, 27.29458 ], [ 96.36412, 27.30016 ], [ 96.34772, 27.28839 ], [ 96.31084, 27.30204 ], [ 96.29043, 27.29407 ], [ 96.27866, 27.27938 ], [ 96.23433, 27.28488 ], [ 96.21811, 27.26958 ], [ 96.19633, 27.26519 ], [ 96.1821, 27.25425 ], [ 96.16369, 27.25448 ], [ 96.1145, 27.23331 ], [ 96.09902, 27.23141 ], [ 96.08639, 27.21705 ], [ 96.03643, 27.19605 ], [ 96.01694, 27.15479 ], [ 95.97919, 27.11073 ], [ 95.95712, 27.06822 ], [ 95.87714, 27.0205 ], [ 95.85777, 27.02236 ], [ 95.83797, 27.01531 ], [ 95.8153, 27.02222 ], [ 95.77965, 26.98999 ], [ 95.76088, 26.96399 ], [ 95.76369, 26.94498 ], [ 95.75255, 26.93023 ], [ 95.755, 26.90789 ], [ 95.73081, 26.88749 ], [ 95.70349, 26.88719 ], [ 95.67336, 26.91022 ], [ 95.65099, 26.88385 ], [ 95.63676, 26.87929 ], [ 95.63223, 26.84948 ], [ 95.61152, 26.82121 ], [ 95.57475, 26.82567 ], [ 95.5627, 26.83721 ], [ 95.54568, 26.83786 ], [ 95.5148, 26.8132 ], [ 95.50215, 26.78274 ], [ 95.48349, 26.75499 ], [ 95.46566, 26.75041 ], [ 95.42331, 26.69671 ], [ 95.40643, 26.69662 ], [ 95.36587, 26.67759 ], [ 95.34665, 26.67794 ], [ 95.30258, 26.65602 ], [ 95.27203, 26.66282 ], [ 95.26003, 26.68635 ], [ 95.23763, 26.68629 ] ] ] ] } },
{ "type": "Feature", "properties": { "source": "https://simplemaps.com", "id": "INAS", "name": "Assam" }, "geometry": { "type": "MultiPolygon", "coordinates": [ [ [ [ 92.10789, 26.89382 ], [ 92.12037, 26.8903 ], [ 92.19485, 26.891 ], [ 92.25456, 26.91223 ], [ 92.27639, 26.90247 ], [ 92.30375, 26.90954 ], [ 92.30286, 26.92421 ], [ 92.35305, 26.93557 ], [ 92.39976, 26.92627 ], [ 92.41189, 26.94419 ], [ 92.42577, 26.94347 ], [ 92.44617, 26.96064 ], [ 92.50502, 26.96677 ], [ 92.55361, 26.95907 ], [ 92.58521, 26.96186 ], [ 92.64546, 26.98745 ], [ 92.64463, 27.01004 ], [ 92.65893, 27.03852 ], [ 92.71368, 27.02609 ], [ 92.7691, 27.03304 ], [ 92.83659, 27.01355 ], [ 92.87244, 27.0077 ], [ 92.91668, 26.98465 ], [ 92.91777, 26.96424 ], [ 92.99744, 26.93035 ], [ 93.01937, 26.91683 ], [ 93.06884, 26.92421 ], [ 93.09187, 26.91554 ], [ 93.10896, 26.92728 ], [ 93.18428, 26.93874 ], [ 93.22239, 26.94914 ], [ 93.26685, 26.956 ], [ 93.34794, 26.96324 ], [ 93.44787, 26.95415 ], [ 93.46811, 26.93889 ], [ 93.48936, 26.93853 ], [ 93.52584, 26.94863 ], [ 93.58422, 26.95265 ], [ 93.6245, 26.96421 ], [ 93.67578, 26.97107 ], [ 93.71893, 27.01922 ], [ 93.76848, 27.04329 ], [ 93.81019, 27.06814 ], [ 93.83675, 27.07821 ], [ 93.82664, 27.09938 ], [ 93.82549, 27.11934 ], [ 93.80581, 27.13475 ], [ 93.8073, 27.15014 ], [ 93.82666, 27.16937 ], [ 93.83988, 27.17346 ], [ 93.86745, 27.19884 ], [ 93.90105, 27.24154 ], [ 93.93891, 27.27328 ], [ 93.95652, 27.29476 ], [ 94.00001, 27.33471 ], [ 94.06093, 27.36356 ], [ 94.08635, 27.40456 ], [ 94.1602, 27.46647 ], [ 94.15721, 27.47805 ], [ 94.19523, 27.49746 ], [ 94.25906, 27.5226 ], [ 94.2565, 27.55743 ], [ 94.22648, 27.57563 ], [ 94.22292, 27.60074 ], [ 94.21351, 27.60442 ], [ 94.23508, 27.63251 ], [ 94.26279, 27.63602 ], [ 94.25409, 27.6137 ], [ 94.28766, 27.59179 ], [ 94.31241, 27.58965 ], [ 94.36749, 27.57675 ], [ 94.3876, 27.58928 ], [ 94.40318, 27.58719 ], [ 94.42093, 27.60134 ], [ 94.45347, 27.57094 ], [ 94.50023, 27.57731 ], [ 94.52628, 27.59577 ], [ 94.57353, 27.60697 ], [ 94.59147, 27.62281 ], [ 94.63979, 27.63096 ], [ 94.64842, 27.64207 ], [ 94.69808, 27.6671 ], [ 94.7207, 27.66999 ], [ 94.74267, 27.66342 ], [ 94.79535, 27.69808 ], [ 94.82127, 27.69622 ], [ 94.84879, 27.71068 ], [ 94.86086, 27.73948 ], [ 94.88394, 27.74206 ], [ 94.93003, 27.75673 ], [ 94.98704, 27.77085 ], [ 95.03876, 27.77773 ], [ 95.05183, 27.79023 ], [ 95.23654, 27.84835 ], [ 95.31656, 27.87113 ], [ 95.38434, 27.84202 ], [ 95.51595, 27.88179 ], [ 95.5438, 27.91346 ], [ 95.56505, 27.92252 ], [ 95.57121, 27.94238 ], [ 95.58866, 27.94163 ], [ 95.60674, 27.95777 ], [ 95.82588, 27.97737 ], [ 95.97746, 27.9685 ], [ 95.95232, 27.94184 ], [ 95.9553, 27.92682 ], [ 95.92262, 27.88618 ], [ 95.87657, 27.84177 ], [ 95.8521, 27.83411 ], [ 95.82313, 27.80925 ], [ 95.80095, 27.77686 ], [ 95.78053, 27.75822 ], [ 95.78777, 27.74205 ], [ 95.75822, 27.73111 ], [ 95.77039, 27.72003 ], [ 95.77267, 27.69995 ], [ 95.79313, 27.69227 ], [ 95.78045, 27.67919 ], [ 95.77922, 27.66054 ], [ 95.80145, 27.64901 ], [ 95.78735, 27.6323 ], [ 95.79803, 27.60783 ], [ 95.8242, 27.60301 ], [ 95.82124, 27.58172 ], [ 95.86236, 27.5526 ], [ 95.88133, 27.55323 ], [ 95.88046, 27.5011 ], [ 95.87626, 27.47111 ], [ 95.85946, 27.46261 ], [ 95.84934, 27.43032 ], [ 95.86491, 27.42901 ], [ 95.88259, 27.44408 ], [ 95.9001, 27.41133 ], [ 95.91117, 27.43996 ], [ 95.93327, 27.44669 ], [ 95.9733, 27.43675 ], [ 96.00101, 27.40347 ], [ 96.01495, 27.37546 ], [ 95.99368, 27.35144 ], [ 95.97002, 27.33698 ], [ 95.96322, 27.31707 ], [ 95.90643, 27.29188 ], [ 95.89811, 27.26431 ], [ 95.87238, 27.26691 ], [ 95.86047, 27.29421 ], [ 95.8102, 27.28092 ], [ 95.78468, 27.27913 ], [ 95.73188, 27.26654 ], [ 95.72549, 27.25923 ], [ 95.68442, 27.25741 ], [ 95.637, 27.23691 ], [ 95.59009, 27.22952 ], [ 95.57446, 27.25106 ], [ 95.53481, 27.27062 ], [ 95.48723, 27.24603 ], [ 95.4589, 27.20957 ], [ 95.46864, 27.1905 ], [ 95.46585, 27.1548 ], [ 95.45779, 27.13564 ], [ 95.42027, 27.13078 ], [ 95.40631, 27.11832 ], [ 95.36647, 27.11285 ], [ 95.30968, 27.08113 ], [ 95.27783, 27.05677 ], [ 95.27763, 27.04977 ], [ 95.24823, 27.03025 ], [ 95.23788, 27.04322 ], [ 95.21381, 27.03348 ], [ 95.19552, 27.04295 ], [ 95.1545, 27.00604 ], [ 95.11694, 26.98368 ], [ 95.11005, 26.96691 ], [ 95.08686, 26.95274 ], [ 95.03805, 26.93848 ], [ 95.02135, 26.9254 ], [ 94.98567, 26.91825 ], [ 94.95728, 26.94355 ], [ 94.9336, 26.93854 ], [ 94.91386, 26.94257 ], [ 94.88622, 26.93246 ], [ 94.86964, 26.91501 ], [ 94.85153, 26.88134 ], [ 94.82108, 26.85446 ], [ 94.81306, 26.82476 ], [ 94.80221, 26.80606 ], [ 94.77309, 26.79496 ], [ 94.75637, 26.77227 ], [ 94.7458, 26.78214 ], [ 94.73188, 26.76401 ], [ 94.68661, 26.73259 ], [ 94.65339, 26.72363 ], [ 94.62109, 26.72117 ], [ 94.61006, 26.7401 ], [ 94.59333, 26.72613 ], [ 94.59241, 26.70273 ], [ 94.54506, 26.7109 ], [ 94.5201, 26.70145 ], [ 94.5155, 26.6873 ], [ 94.49827, 26.67371 ], [ 94.46794, 26.66982 ], [ 94.45452, 26.63902 ], [ 94.40988, 26.61644 ], [ 94.40601, 26.60193 ], [ 94.41485, 26.58328 ], [ 94.39656, 26.52973 ], [ 94.37762, 26.51312 ], [ 94.35111, 26.50862 ], [ 94.35207, 26.49575 ], [ 94.32388, 26.47938 ], [ 94.31651, 26.46293 ], [ 94.29392, 26.48074 ], [ 94.28724, 26.50852 ], [ 94.28229, 26.56354 ], [ 94.26257, 26.54395 ], [ 94.23989, 26.51143 ], [ 94.21149, 26.48985 ], [ 94.20112, 26.4699 ], [ 94.18655, 26.46051 ], [ 94.17576, 26.4318 ], [ 94.17909, 26.38872 ], [ 94.16447, 26.36012 ], [ 94.16452, 26.33934 ], [ 94.13877, 26.34155 ], [ 94.10805, 26.3264 ], [ 94.10268, 26.30869 ], [ 94.07047, 26.26003 ], [ 94.05286, 26.25579 ], [ 94.04179, 26.23389 ], [ 94.03574, 26.20319 ], [ 94.013, 26.18628 ], [ 93.99966, 26.15824 ], [ 94.00636, 26.14724 ], [ 93.98602, 26.08357 ], [ 93.99112, 26.07264 ], [ 93.96589, 26.0424 ], [ 93.95489, 26.00733 ], [ 93.95601, 25.97419 ], [ 93.96921, 25.96084 ], [ 93.98268, 25.92627 ], [ 93.95984, 25.90525 ], [ 93.9159, 25.88766 ], [ 93.89341, 25.86481 ], [ 93.88274, 25.84591 ], [ 93.85171, 25.86297 ], [ 93.8243, 25.84709 ], [ 93.81884, 25.82623 ], [ 93.79576, 25.81435 ], [ 93.77982, 25.84631 ], [ 93.79833, 25.90969 ], [ 93.78519, 25.9583 ], [ 93.76842, 25.95505 ], [ 93.75009, 25.93728 ], [ 93.68768, 25.90944 ], [ 93.6909, 25.88927 ], [ 93.70644, 25.85329 ], [ 93.6825, 25.8407 ], [ 93.67806, 25.82887 ], [ 93.64849, 25.82397 ], [ 93.629, 25.8044 ], [ 93.62233, 25.77983 ], [ 93.58377, 25.75775 ], [ 93.54484, 25.72697 ], [ 93.54356, 25.7017 ], [ 93.52029, 25.68367 ], [ 93.48335, 25.64577 ], [ 93.46557, 25.64419 ], [ 93.4183, 25.62106 ], [ 93.40684, 25.59648 ], [ 93.39005, 25.59472 ], [ 93.37342, 25.56917 ], [ 93.34547, 25.56112 ], [ 93.33338, 25.54902 ], [ 93.35757, 25.52767 ], [ 93.37182, 25.50113 ], [ 93.3905, 25.48563 ], [ 93.39042, 25.46917 ], [ 93.41711, 25.45279 ], [ 93.43496, 25.45477 ], [ 93.45687, 25.44195 ], [ 93.46326, 25.41096 ], [ 93.47822, 25.37988 ], [ 93.45189, 25.34419 ], [ 93.4567, 25.32526 ], [ 93.47402, 25.30928 ], [ 93.45997, 25.29473 ], [ 93.44482, 25.29231 ], [ 93.40357, 25.26307 ], [ 93.3871, 25.24239 ], [ 93.38763, 25.23204 ], [ 93.35307, 25.1818 ], [ 93.34736, 25.16389 ], [ 93.35101, 25.14454 ], [ 93.33578, 25.09584 ], [ 93.32363, 25.09167 ], [ 93.29698, 25.04767 ], [ 93.26818, 25.04968 ], [ 93.24884, 25.0188 ], [ 93.2467, 25.00417 ], [ 93.26324, 24.96638 ], [ 93.25951, 24.95136 ], [ 93.24408, 24.94384 ], [ 93.25326, 24.91883 ], [ 93.23338, 24.89869 ], [ 93.23339, 24.88485 ], [ 93.1958, 24.84644 ], [ 93.19308, 24.80623 ], [ 93.15724, 24.79231 ], [ 93.13134, 24.80604 ], [ 93.1127, 24.80221 ], [ 93.08878, 24.70919 ], [ 93.09904, 24.66653 ], [ 93.08485, 24.64767 ], [ 93.08676, 24.61133 ], [ 93.07542, 24.59623 ], [ 93.09727, 24.58254 ], [ 93.05268, 24.54472 ], [ 93.05283, 24.51965 ], [ 93.03577, 24.49695 ], [ 93.04852, 24.47548 ], [ 93.0379, 24.46115 ], [ 93.03215, 24.42886 ], [ 93.03917, 24.41113 ], [ 93.0005, 24.40327 ], [ 92.98026, 24.40969 ], [ 92.96033, 24.39588 ], [ 92.93571, 24.39554 ], [ 92.91154, 24.4129 ], [ 92.90517, 24.39445 ], [ 92.88425, 24.40304 ], [ 92.8629, 24.3995 ], [ 92.84691, 24.3823 ], [ 92.80382, 24.42172 ], [ 92.7652, 24.52085 ], [ 92.73054, 24.45275 ], [ 92.71422, 24.40532 ], [ 92.69167, 24.35642 ], [ 92.65847, 24.34346 ], [ 92.64501, 24.32767 ], [ 92.62617, 24.33447 ], [ 92.61944, 24.31151 ], [ 92.6194, 24.28678 ], [ 92.61159, 24.25335 ], [ 92.58801, 24.24486 ], [ 92.55064, 24.2459 ], [ 92.54739, 24.22441 ], [ 92.52966, 24.1748 ], [ 92.51357, 24.17358 ], [ 92.50864, 24.1692 ], [ 92.51283, 24.16258 ], [ 92.50954, 24.16289 ], [ 92.50488, 24.16731 ], [ 92.50246, 24.16211 ], [ 92.48808, 24.16222 ], [ 92.4849, 24.15931 ], [ 92.48264, 24.15709 ], [ 92.48356, 24.15393 ], [ 92.47332, 24.14203 ], [ 92.46683, 24.13504 ], [ 92.46307, 24.13637 ], [ 92.44183, 24.15285 ], [ 92.43743, 24.15135 ], [ 92.43523, 24.16258 ], [ 92.43446, 24.17414 ], [ 92.41898, 24.19436 ], [ 92.42238, 24.25311 ], [ 92.37653, 24.25131 ], [ 92.31407, 24.2526 ], [ 92.29661, 24.25173 ], [ 92.21285, 24.24931 ], [ 92.26408, 24.36216 ], [ 92.27309, 24.38845 ], [ 92.25596, 24.41898 ], [ 92.2565, 24.4363 ], [ 92.23109, 24.46038 ], [ 92.231, 24.50409 ], [ 92.23383, 24.56179 ], [ 92.23932, 24.6 ], [ 92.24953, 24.62954 ], [ 92.25065, 24.65355 ], [ 92.26275, 24.68864 ], [ 92.29827, 24.73655 ], [ 92.28506, 24.7437 ], [ 92.29427, 24.7625 ], [ 92.29311, 24.7836 ], [ 92.28204, 24.80583 ], [ 92.27778, 24.83041 ], [ 92.25462, 24.83424 ], [ 92.24411, 24.84937 ], [ 92.2421, 24.87254 ], [ 92.25013, 24.88478 ], [ 92.24523, 24.91025 ], [ 92.31445, 24.90755 ], [ 92.34842, 24.87897 ], [ 92.36546, 24.8817 ], [ 92.39506, 24.85536 ], [ 92.41645, 24.86284 ], [ 92.44701, 24.86292 ], [ 92.4918, 24.87402 ], [ 92.50187, 24.91173 ], [ 92.49346, 24.93592 ], [ 92.45884, 24.94566 ], [ 92.47103, 24.9641 ], [ 92.46055, 24.97615 ], [ 92.43516, 24.96638 ], [ 92.42364, 24.9961 ], [ 92.43325, 25.02809 ], [ 92.4259, 25.03182 ], [ 92.45102, 25.04095 ], [ 92.46599, 25.05716 ], [ 92.48018, 25.08584 ], [ 92.4843, 25.10806 ], [ 92.52651, 25.10585 ], [ 92.52467, 25.14003 ], [ 92.55317, 25.13071 ], [ 92.58169, 25.13187 ], [ 92.62164, 25.1177 ], [ 92.64405, 25.15117 ], [ 92.65572, 25.15413 ], [ 92.66298, 25.17299 ], [ 92.67704, 25.18219 ], [ 92.74714, 25.20777 ], [ 92.77957, 25.20311 ], [ 92.80309, 25.22151 ], [ 92.77224, 25.23326 ], [ 92.76465, 25.24935 ], [ 92.76976, 25.26893 ], [ 92.79222, 25.2868 ], [ 92.78384, 25.308 ], [ 92.78437, 25.33254 ], [ 92.76057, 25.33528 ], [ 92.73611, 25.37381 ], [ 92.7181, 25.37498 ], [ 92.70038, 25.38779 ], [ 92.67377, 25.41714 ], [ 92.6601, 25.41036 ], [ 92.65054, 25.43167 ], [ 92.60701, 25.41854 ], [ 92.60555, 25.44836 ], [ 92.59816, 25.47165 ], [ 92.57148, 25.46407 ], [ 92.56783, 25.48077 ], [ 92.58105, 25.49516 ], [ 92.62163, 25.51575 ], [ 92.6447, 25.53744 ], [ 92.66048, 25.58506 ], [ 92.64063, 25.58737 ], [ 92.63057, 25.57067 ], [ 92.60871, 25.56573 ], [ 92.58748, 25.55299 ], [ 92.56096, 25.57425 ], [ 92.55762, 25.61199 ], [ 92.4979, 25.62696 ], [ 92.48135, 25.66389 ], [ 92.46545, 25.68246 ], [ 92.43434, 25.68753 ], [ 92.42722, 25.71041 ], [ 92.44202, 25.72086 ], [ 92.4164, 25.7405 ], [ 92.37147, 25.74647 ], [ 92.33901, 25.72685 ], [ 92.30611, 25.72313 ], [ 92.27052, 25.71093 ], [ 92.23685, 25.70839 ], [ 92.22491, 25.71397 ], [ 92.21064, 25.69592 ], [ 92.16976, 25.6664 ], [ 92.15585, 25.70914 ], [ 92.16484, 25.74475 ], [ 92.15099, 25.78365 ], [ 92.15311, 25.81275 ], [ 92.18096, 25.85136 ], [ 92.18104, 25.87162 ], [ 92.22504, 25.90162 ], [ 92.2226, 25.91132 ], [ 92.18089, 25.90859 ], [ 92.15993, 25.91519 ], [ 92.15632, 25.9448 ], [ 92.16555, 25.96444 ], [ 92.19162, 25.9852 ], [ 92.2009, 25.98561 ], [ 92.25572, 26.02893 ], [ 92.30158, 26.07649 ], [ 92.27373, 26.06589 ], [ 92.24117, 26.06254 ], [ 92.21201, 26.07097 ], [ 92.18937, 26.06688 ], [ 92.17831, 26.07951 ], [ 92.15052, 26.0649 ], [ 92.13312, 26.04589 ], [ 92.09336, 26.04852 ], [ 92.05286, 26.03283 ], [ 92.0361, 26.0394 ], [ 91.99107, 26.04103 ], [ 91.97817, 26.02585 ], [ 91.93397, 26.01467 ], [ 91.92583, 25.99974 ], [ 91.90746, 26.02711 ], [ 91.88323, 26.03 ], [ 91.86935, 26.05686 ], [ 91.87579, 26.09773 ], [ 91.81931, 26.11874 ], [ 91.79037, 26.08702 ], [ 91.77852, 26.09125 ], [ 91.75948, 26.07129 ], [ 91.73126, 26.05921 ], [ 91.72318, 26.03032 ], [ 91.72018, 25.95407 ], [ 91.66931, 25.90539 ], [ 91.64792, 25.91374 ], [ 91.61115, 25.93992 ], [ 91.63012, 25.94464 ], [ 91.63795, 25.96485 ], [ 91.62472, 25.9859 ], [ 91.63216, 26.02241 ], [ 91.62029, 26.02703 ], [ 91.59681, 26.0208 ], [ 91.57003, 26.02748 ], [ 91.56537, 26.00184 ], [ 91.55126, 25.9749 ], [ 91.53717, 25.9621 ], [ 91.5185, 25.95815 ], [ 91.51978, 25.94089 ], [ 91.50163, 25.92076 ], [ 91.50115, 25.89847 ], [ 91.48338, 25.89106 ], [ 91.46873, 25.85903 ], [ 91.44122, 25.84163 ], [ 91.41273, 25.85392 ], [ 91.34856, 25.84035 ], [ 91.33243, 25.83209 ], [ 91.30633, 25.79637 ], [ 91.27563, 25.74694 ], [ 91.25537, 25.74783 ], [ 91.22388, 25.72342 ], [ 91.18871, 25.73893 ], [ 91.18918, 25.76347 ], [ 91.17993, 25.77632 ], [ 91.20263, 25.84054 ], [ 91.15286, 25.85007 ], [ 91.12078, 25.83134 ], [ 91.06654, 25.82576 ], [ 91.0659, 25.84642 ], [ 91.0491, 25.84881 ], [ 91.02081, 25.82262 ], [ 91.00159, 25.8258 ], [ 91.01311, 25.85719 ], [ 91.02652, 25.86662 ], [ 91.01373, 25.88432 ], [ 90.9848, 25.88993 ], [ 90.96745, 25.88718 ], [ 90.95792, 25.93394 ], [ 90.91588, 25.94316 ], [ 90.91911, 25.91331 ], [ 90.88298, 25.95175 ], [ 90.86961, 25.9424 ], [ 90.82045, 25.94843 ], [ 90.7971, 25.94147 ], [ 90.77806, 25.90829 ], [ 90.74054, 25.91521 ], [ 90.7403, 25.94089 ], [ 90.7131, 25.95218 ], [ 90.68604, 25.95081 ], [ 90.67565, 25.93648 ], [ 90.62733, 25.91699 ], [ 90.62901, 25.93743 ], [ 90.5788, 25.95803 ], [ 90.57137, 25.93903 ], [ 90.55336, 25.92912 ], [ 90.52548, 25.90101 ], [ 90.51852, 25.9094 ], [ 90.53221, 25.93255 ], [ 90.53446, 25.95802 ], [ 90.50574, 25.99602 ], [ 90.47729, 26.01526 ], [ 90.45752, 25.99957 ], [ 90.42863, 25.98904 ], [ 90.3965, 26.01415 ], [ 90.36499, 26.01032 ], [ 90.32995, 25.9885 ], [ 90.32434, 25.97438 ], [ 90.28658, 25.9639 ], [ 90.21276, 25.95389 ], [ 90.19396, 25.957 ], [ 90.11378, 25.95744 ], [ 90.10052, 25.94207 ], [ 90.09612, 25.93952 ], [ 90.09193, 25.92876 ], [ 90.08073, 25.92453 ], [ 90.07797, 25.91768 ], [ 90.07243, 25.91934 ], [ 90.06331, 25.91555 ], [ 90.05892, 25.91027 ], [ 90.05219, 25.89869 ], [ 90.02792, 25.89431 ], [ 90.01525, 25.88862 ], [ 90.01437, 25.87179 ], [ 90.01872, 25.87137 ], [ 90.02192, 25.86553 ], [ 90.01152, 25.84967 ], [ 89.99744, 25.84421 ], [ 90.0016, 25.84224 ], [ 89.96796, 25.82615 ], [ 89.95057, 25.82487 ], [ 89.94582, 25.82023 ], [ 89.94562, 25.8161 ], [ 89.952, 25.81091 ], [ 89.95261, 25.78342 ], [ 89.95525, 25.77446 ], [ 89.91614, 25.73919 ], [ 89.89909, 25.74405 ], [ 89.89424, 25.72724 ], [ 89.91264, 25.70706 ], [ 89.9185, 25.70269 ], [ 89.93235, 25.68996 ], [ 89.94173, 25.67812 ], [ 89.94695, 25.65883 ], [ 89.98044, 25.63757 ], [ 89.99934, 25.62185 ], [ 90.00454, 25.62382 ], [ 90.01844, 25.60839 ], [ 90.00582, 25.58837 ], [ 89.99536, 25.58635 ], [ 89.97916, 25.59073 ], [ 89.97281, 25.57461 ], [ 89.9181, 25.56263 ], [ 89.88636, 25.55787 ], [ 89.87759, 25.54893 ], [ 89.8701, 25.54422 ], [ 89.88638, 25.60809 ], [ 89.88521, 25.62983 ], [ 89.87373, 25.65759 ], [ 89.85444, 25.68427 ], [ 89.85474, 25.7086 ], [ 89.83779, 25.71194 ], [ 89.83035, 25.73503 ], [ 89.84494, 25.75719 ], [ 89.82896, 25.80866 ], [ 89.81453, 25.81698 ], [ 89.8309, 25.83762 ], [ 89.83051, 25.85329 ], [ 89.8522, 25.88923 ], [ 89.88148, 25.91934 ], [ 89.88607, 25.94359 ], [ 89.83194, 25.94146 ], [ 89.84149, 25.96392 ], [ 89.8743, 25.97056 ], [ 89.85313, 25.98755 ], [ 89.84748, 26.00504 ], [ 89.82608, 26.00908 ], [ 89.81482, 26.04075 ], [ 89.7858, 26.08822 ], [ 89.79017, 26.10043 ], [ 89.7606, 26.11233 ], [ 89.7706, 26.12421 ], [ 89.74844, 26.1578 ], [ 89.72267, 26.15496 ], [ 89.71876, 26.16605 ], [ 89.73293, 26.17297 ], [ 89.73418, 26.17499 ], [ 89.71706, 26.17721 ], [ 89.70652, 26.17313 ], [ 89.70254, 26.17712 ], [ 89.69484, 26.18907 ], [ 89.71074, 26.18856 ], [ 89.71613, 26.19133 ], [ 89.71422, 26.20598 ], [ 89.72566, 26.20608 ], [ 89.72438, 26.21729 ], [ 89.7155, 26.21478 ], [ 89.69755, 26.21594 ], [ 89.69957, 26.2189 ], [ 89.70556, 26.21706 ], [ 89.71171, 26.22774 ], [ 89.71818, 26.23162 ], [ 89.72877, 26.2382 ], [ 89.71572, 26.24638 ], [ 89.71642, 26.25526 ], [ 89.71139, 26.25804 ], [ 89.70068, 26.26084 ], [ 89.71085, 26.26456 ], [ 89.71735, 26.25916 ], [ 89.73228, 26.26034 ], [ 89.73367, 26.26646 ], [ 89.72109, 26.28817 ], [ 89.71568, 26.30198 ], [ 89.72276, 26.30755 ], [ 89.72089, 26.29629 ], [ 89.74606, 26.29076 ], [ 89.7571, 26.28853 ], [ 89.75914, 26.29259 ], [ 89.75166, 26.32216 ], [ 89.76196, 26.31707 ], [ 89.78086, 26.33088 ], [ 89.78201, 26.35328 ], [ 89.82706, 26.36665 ], [ 89.85729, 26.38446 ], [ 89.84485, 26.41022 ], [ 89.8552, 26.43405 ], [ 89.8695, 26.44842 ], [ 89.87021, 26.46398 ], [ 89.85269, 26.48778 ], [ 89.85443, 26.52108 ], [ 89.86184, 26.53046 ], [ 89.865, 26.57027 ], [ 89.87755, 26.58424 ], [ 89.87723, 26.61305 ], [ 89.86183, 26.61515 ], [ 89.85729, 26.63209 ], [ 89.87367, 26.64351 ], [ 89.86806, 26.65662 ], [ 89.87143, 26.68353 ], [ 89.85694, 26.70378 ], [ 89.86239, 26.737 ], [ 89.8894, 26.72439 ], [ 89.95778, 26.72317 ], [ 90.00207, 26.73434 ], [ 90.05524, 26.72933 ], [ 90.12784, 26.74904 ], [ 90.18872, 26.77057 ], [ 90.18256, 26.80411 ], [ 90.19465, 26.83302 ], [ 90.22619, 26.85824 ], [ 90.26232, 26.85537 ], [ 90.2904, 26.84847 ], [ 90.3117, 26.85085 ], [ 90.34578, 26.87644 ], [ 90.3551, 26.89609 ], [ 90.40971, 26.90192 ], [ 90.4221, 26.89815 ], [ 90.454, 26.87244 ], [ 90.56378, 26.79964 ], [ 90.63032, 26.79167 ], [ 90.6491, 26.77428 ], [ 90.67938, 26.78024 ], [ 90.69987, 26.76801 ], [ 90.73398, 26.76934 ], [ 90.741, 26.77504 ], [ 90.80215, 26.77405 ], [ 90.87072, 26.77962 ], [ 90.89692, 26.77864 ], [ 90.99601, 26.78827 ], [ 91.05398, 26.77947 ], [ 91.08909, 26.81844 ], [ 91.12974, 26.80848 ], [ 91.18034, 26.81145 ], [ 91.26234, 26.805 ], [ 91.29505, 26.78516 ], [ 91.33632, 26.77965 ], [ 91.37962, 26.8015 ], [ 91.40211, 26.83514 ], [ 91.40835, 26.83556 ], [ 91.47824, 26.79179 ], [ 91.49277, 26.78976 ], [ 91.59077, 26.80477 ], [ 91.6238, 26.82132 ], [ 91.67928, 26.80475 ], [ 91.69725, 26.81185 ], [ 91.72693, 26.81256 ], [ 91.80197, 26.85206 ], [ 91.83185, 26.87639 ], [ 91.85346, 26.91229 ], [ 91.89726, 26.91613 ], [ 91.95398, 26.88774 ], [ 91.98558, 26.85825 ], [ 92.01698, 26.85106 ], [ 92.05519, 26.84805 ], [ 92.09742, 26.86861 ], [ 92.10789, 26.89382 ] ] ], [ [ [ 89.87145, 25.5373 ], [ 89.87566, 25.52853 ], [ 89.87385, 25.51356 ], [ 89.87996, 25.48864 ], [ 89.86871, 25.47636 ], [ 89.85511, 25.47605 ], [ 89.86337, 25.51746 ], [ 89.87145, 25.5373 ] ] ] ] } },
{ "type": "Feature", "properties": { "source": "https://simplemaps.com", "id": "INBR", "name": "Bihar" }, "geometry": { "type": "MultiPolygon", "coordinates": [ [ [ [ 88.10615, 26.53562 ], [ 88.13218, 26.51258 ], [ 88.16538, 26.52164 ], [ 88.16827, 26.53736 ], [ 88.18574, 26.54414 ], [ 88.20742, 26.53522 ], [ 88.2312, 26.55198 ], [ 88.23336, 26.53237 ], [ 88.19386, 26.50801 ], [ 88.17921, 26.49398 ], [ 88.19376, 26.47202 ], [ 88.22112, 26.46685 ], [ 88.22897, 26.44715 ], [ 88.2434, 26.4493 ], [ 88.2522, 26.43379 ], [ 88.25539, 26.41588 ], [ 88.23045, 26.39396 ], [ 88.23171, 26.3849 ], [ 88.24512, 26.376 ], [ 88.2549, 26.37447 ], [ 88.26994, 26.37888 ], [ 88.2819, 26.36013 ], [ 88.2899, 26.35691 ], [ 88.28914, 26.35114 ], [ 88.27935, 26.34635 ], [ 88.27244, 26.33054 ], [ 88.26976, 26.33269 ], [ 88.26527, 26.33649 ], [ 88.23177, 26.31036 ], [ 88.22678, 26.29665 ], [ 88.22102, 26.28822 ], [ 88.21426, 26.28168 ], [ 88.2041, 26.27959 ], [ 88.18337, 26.27468 ], [ 88.1769, 26.26173 ], [ 88.16312, 26.25753 ], [ 88.15883, 26.25691 ], [ 88.13741, 26.24377 ], [ 88.12613, 26.22692 ], [ 88.11996, 26.22795 ], [ 88.11601, 26.22298 ], [ 88.10573, 26.2164 ], [ 88.10246, 26.21225 ], [ 88.0936, 26.20654 ], [ 88.08969, 26.20323 ], [ 88.08724, 26.19444 ], [ 88.07298, 26.18539 ], [ 88.06983, 26.17572 ], [ 88.05865, 26.17376 ], [ 88.03744, 26.1777 ], [ 88.03363, 26.17029 ], [ 88.01174, 26.15479 ], [ 88.01509, 26.14291 ], [ 88.00681, 26.14329 ], [ 87.99603, 26.14179 ], [ 87.98211, 26.15918 ], [ 87.96334, 26.14889 ], [ 87.96877, 26.13935 ], [ 87.96784, 26.13183 ], [ 87.96741, 26.12537 ], [ 87.96935, 26.10931 ], [ 87.95441, 26.10279 ], [ 87.96948, 26.09165 ], [ 87.97219, 26.08485 ], [ 87.96813, 26.08136 ], [ 87.95985, 26.08404 ], [ 87.93788, 26.08446 ], [ 87.93113, 26.06895 ], [ 87.92186, 26.07687 ], [ 87.9175, 26.08801 ], [ 87.89573, 26.07987 ], [ 87.89256, 26.08035 ], [ 87.88827, 26.07194 ], [ 87.87606, 26.06619 ], [ 87.84915, 26.04497 ], [ 87.84165, 26.0323 ], [ 87.83334, 26.00109 ], [ 87.8272, 25.99234 ], [ 87.82619, 25.98368 ], [ 87.83098, 25.96223 ], [ 87.82705, 25.95358 ], [ 87.82391, 25.94645 ], [ 87.82831, 25.94111 ], [ 87.82681, 25.93185 ], [ 87.80696, 25.92992 ], [ 87.81647, 25.91271 ], [ 87.81551, 25.88554 ], [ 87.82284, 25.87147 ], [ 87.87224, 25.85966 ], [ 87.88482, 25.86465 ], [ 87.91091, 25.85175 ], [ 87.88765, 25.83287 ], [ 87.91051, 25.81481 ], [ 87.898, 25.79927 ], [ 87.90095, 25.78031 ], [ 87.93752, 25.7583 ], [ 87.94415, 25.74381 ], [ 87.97967, 25.71846 ], [ 88.04863, 25.69057 ], [ 88.0491, 25.68147 ], [ 88.04398, 25.65258 ], [ 88.04854, 25.64391 ], [ 88.04732, 25.64302 ], [ 88.04449, 25.64288 ], [ 88.03555, 25.63683 ], [ 88.04348, 25.63207 ], [ 88.03725, 25.61558 ], [ 88.03931, 25.60849 ], [ 88.0414, 25.6055 ], [ 88.0297, 25.60004 ], [ 88.03565, 25.59698 ], [ 88.03859, 25.59504 ], [ 88.03139, 25.5875 ], [ 88.02527, 25.56909 ], [ 88.03548, 25.56038 ], [ 88.02962, 25.55948 ], [ 88.02705, 25.55327 ], [ 88.03909, 25.53319 ], [ 88.04605, 25.53433 ], [ 88.05598, 25.52993 ], [ 88.06385, 25.50617 ], [ 88.06643, 25.50504 ], [ 88.06982, 25.50188 ], [ 88.06815, 25.48985 ], [ 88.06593, 25.48115 ], [ 88.03123, 25.48599 ], [ 88.01573, 25.5005 ], [ 88.00424, 25.49404 ], [ 87.98663, 25.50263 ], [ 87.98055, 25.51585 ], [ 87.95561, 25.53805 ], [ 87.92411, 25.53565 ], [ 87.90303, 25.51905 ], [ 87.90051, 25.50723 ], [ 87.86988, 25.503 ], [ 87.86053, 25.47783 ], [ 87.86347, 25.46539 ], [ 87.83382, 25.46457 ], [ 87.82578, 25.44526 ], [ 87.80865, 25.43419 ], [ 87.78652, 25.4487 ], [ 87.76307, 25.39561 ], [ 87.7657, 25.37799 ], [ 87.78883, 25.37225 ], [ 87.78159, 25.3384 ], [ 87.82893, 25.30342 ], [ 87.85041, 25.29744 ], [ 87.85652, 25.27777 ], [ 87.84925, 25.25343 ], [ 87.82278, 25.23434 ], [ 87.8338, 25.21337 ], [ 87.82966, 25.20405 ], [ 87.78758, 25.22049 ], [ 87.78331, 25.24618 ], [ 87.70779, 25.25641 ], [ 87.70797, 25.27136 ], [ 87.69131, 25.28139 ], [ 87.6935, 25.30305 ], [ 87.68415, 25.31013 ], [ 87.65179, 25.30725 ], [ 87.62622, 25.31572 ], [ 87.60688, 25.31138 ], [ 87.56711, 25.33389 ], [ 87.54745, 25.33094 ], [ 87.5385, 25.29623 ], [ 87.52552, 25.28098 ], [ 87.51287, 25.29214 ], [ 87.48151, 25.29517 ], [ 87.49559, 25.2653 ], [ 87.47264, 25.24088 ], [ 87.47216, 25.19467 ], [ 87.45512, 25.1975 ], [ 87.39178, 25.22752 ], [ 87.37714, 25.22262 ], [ 87.36846, 25.2069 ], [ 87.32346, 25.22309 ], [ 87.30798, 25.15029 ], [ 87.29791, 25.13466 ], [ 87.29111, 25.08927 ], [ 87.27025, 25.09364 ], [ 87.25875, 25.10461 ], [ 87.23986, 25.09946 ], [ 87.23388, 25.08582 ], [ 87.21136, 25.0896 ], [ 87.18777, 25.067 ], [ 87.17664, 25.06402 ], [ 87.14388, 25.01079 ], [ 87.15369, 24.99097 ], [ 87.14763, 24.9178 ], [ 87.15812, 24.88563 ], [ 87.14734, 24.86241 ], [ 87.10605, 24.84733 ], [ 87.0773, 24.80835 ], [ 87.09568, 24.7976 ], [ 87.08285, 24.77923 ], [ 87.08631, 24.75832 ], [ 87.07455, 24.74472 ], [ 87.08186, 24.72454 ], [ 87.07063, 24.6945 ], [ 87.05473, 24.6706 ], [ 87.0444, 24.62403 ], [ 87.05047, 24.60677 ], [ 87.0102, 24.60626 ], [ 86.96556, 24.63187 ], [ 86.93606, 24.63037 ], [ 86.89808, 24.58654 ], [ 86.90716, 24.54338 ], [ 86.8764, 24.56732 ], [ 86.85464, 24.55046 ], [ 86.83705, 24.56828 ], [ 86.80872, 24.56377 ], [ 86.80578, 24.5945 ], [ 86.79185, 24.61531 ], [ 86.75405, 24.61476 ], [ 86.74565, 24.5895 ], [ 86.73158, 24.5758 ], [ 86.71862, 24.57821 ], [ 86.6684, 24.56064 ], [ 86.64576, 24.56722 ], [ 86.59998, 24.59949 ], [ 86.58389, 24.58532 ], [ 86.58315, 24.57278 ], [ 86.55464, 24.55927 ], [ 86.54669, 24.53504 ], [ 86.52353, 24.53575 ], [ 86.50572, 24.5177 ], [ 86.49028, 24.48437 ], [ 86.49194, 24.4393 ], [ 86.48859, 24.425 ], [ 86.46583, 24.42188 ], [ 86.46712, 24.39516 ], [ 86.4618, 24.37672 ], [ 86.44633, 24.36844 ], [ 86.41559, 24.37921 ], [ 86.3987, 24.40029 ], [ 86.37327, 24.41585 ], [ 86.3535, 24.44206 ], [ 86.3195, 24.44016 ], [ 86.3009, 24.4568 ], [ 86.29388, 24.47643 ], [ 86.31242, 24.50847 ], [ 86.30134, 24.53198 ], [ 86.30405, 24.55829 ], [ 86.31937, 24.57446 ], [ 86.29263, 24.58609 ], [ 86.24855, 24.58513 ], [ 86.21738, 24.61177 ], [ 86.21571, 24.59117 ], [ 86.16566, 24.58368 ], [ 86.15227, 24.59971 ], [ 86.12559, 24.61182 ], [ 86.11825, 24.64189 ], [ 86.1336, 24.67551 ], [ 86.12444, 24.70516 ], [ 86.10554, 24.73597 ], [ 86.06319, 24.75167 ], [ 86.04788, 24.77829 ], [ 86.00611, 24.76568 ], [ 85.99998, 24.75138 ], [ 85.97726, 24.74763 ], [ 85.97017, 24.73358 ], [ 85.9503, 24.73212 ], [ 85.91051, 24.75367 ], [ 85.87778, 24.80029 ], [ 85.82722, 24.80964 ], [ 85.81066, 24.7945 ], [ 85.77724, 24.79895 ], [ 85.76545, 24.81251 ], [ 85.73674, 24.82265 ], [ 85.72099, 24.78696 ], [ 85.7098, 24.78099 ], [ 85.70356, 24.75745 ], [ 85.70477, 24.72873 ], [ 85.67966, 24.69377 ], [ 85.64953, 24.68704 ], [ 85.65997, 24.67473 ], [ 85.6607, 24.6506 ], [ 85.67213, 24.6194 ], [ 85.6647, 24.58193 ], [ 85.64428, 24.57829 ], [ 85.60852, 24.58504 ], [ 85.59825, 24.59757 ], [ 85.57658, 24.60301 ], [ 85.56139, 24.58367 ], [ 85.56829, 24.5652 ], [ 85.54035, 24.55035 ], [ 85.53419, 24.53219 ], [ 85.50436, 24.52973 ], [ 85.49446, 24.55062 ], [ 85.43327, 24.53608 ], [ 85.40305, 24.54494 ], [ 85.38278, 24.53253 ], [ 85.31856, 24.52463 ], [ 85.29735, 24.52864 ], [ 85.27936, 24.5191 ], [ 85.28197, 24.4972 ], [ 85.25444, 24.49793 ], [ 85.22392, 24.47119 ], [ 85.20326, 24.47295 ], [ 85.15289, 24.46415 ], [ 85.16938, 24.42947 ], [ 85.14796, 24.41819 ], [ 85.11506, 24.40902 ], [ 85.09245, 24.38152 ], [ 85.06548, 24.38676 ], [ 85.07455, 24.40846 ], [ 85.06907, 24.43566 ], [ 85.05329, 24.41513 ], [ 85.0321, 24.42535 ], [ 84.9904, 24.41223 ], [ 84.96857, 24.37595 ], [ 84.94794, 24.37177 ], [ 84.92534, 24.37804 ], [ 84.90331, 24.37231 ], [ 84.89818, 24.39382 ], [ 84.8779, 24.42263 ], [ 84.88017, 24.4628 ], [ 84.86293, 24.45764 ], [ 84.82719, 24.47012 ], [ 84.83263, 24.51148 ], [ 84.8195, 24.52482 ], [ 84.78368, 24.51771 ], [ 84.7799, 24.50485 ], [ 84.74202, 24.49646 ], [ 84.72491, 24.47295 ], [ 84.70653, 24.47236 ], [ 84.67892, 24.45634 ], [ 84.66623, 24.43119 ], [ 84.66779, 24.41296 ], [ 84.65826, 24.39374 ], [ 84.61929, 24.40206 ], [ 84.60097, 24.40098 ], [ 84.57248, 24.41234 ], [ 84.55912, 24.39711 ], [ 84.56578, 24.38394 ], [ 84.54585, 24.3737 ], [ 84.52152, 24.37626 ], [ 84.51741, 24.33367 ], [ 84.49354, 24.28704 ], [ 84.46511, 24.30839 ], [ 84.45454, 24.33865 ], [ 84.41743, 24.33136 ], [ 84.42254, 24.35915 ], [ 84.39494, 24.36779 ], [ 84.38222, 24.3897 ], [ 84.36137, 24.38663 ], [ 84.33586, 24.39583 ], [ 84.32587, 24.41093 ], [ 84.3304, 24.43119 ], [ 84.31499, 24.44751 ], [ 84.29321, 24.45082 ], [ 84.28526, 24.46592 ], [ 84.29419, 24.48076 ], [ 84.32171, 24.48976 ], [ 84.32635, 24.50272 ], [ 84.31911, 24.52231 ], [ 84.29298, 24.56599 ], [ 84.26923, 24.56425 ], [ 84.26945, 24.54137 ], [ 84.25847, 24.53769 ], [ 84.22068, 24.55033 ], [ 84.17282, 24.54198 ], [ 84.1824, 24.52361 ], [ 84.17926, 24.51042 ], [ 84.15364, 24.51764 ], [ 84.16441, 24.53371 ], [ 84.14606, 24.5403 ], [ 84.13629, 24.52936 ], [ 84.13996, 24.5048 ], [ 84.10978, 24.4814 ], [ 84.0891, 24.50413 ], [ 84.08969, 24.53393 ], [ 84.07834, 24.54501 ], [ 84.07248, 24.5696 ], [ 84.05975, 24.57698 ], [ 84.04674, 24.61229 ], [ 84.02417, 24.62906 ], [ 83.99221, 24.63803 ], [ 83.97235, 24.59663 ], [ 83.95758, 24.57633 ], [ 83.92846, 24.54791 ], [ 83.86804, 24.53288 ], [ 83.85769, 24.53756 ], [ 83.79901, 24.52988 ], [ 83.74866, 24.51053 ], [ 83.71669, 24.50495 ], [ 83.68246, 24.51558 ], [ 83.60016, 24.51324 ], [ 83.54244, 24.52618 ], [ 83.49817, 24.52706 ], [ 83.49342, 24.54207 ], [ 83.51718, 24.54917 ], [ 83.52499, 24.58504 ], [ 83.51743, 24.60323 ], [ 83.53453, 24.6156 ], [ 83.51591, 24.64282 ], [ 83.49752, 24.65166 ], [ 83.49948, 24.66848 ], [ 83.51319, 24.67892 ], [ 83.48961, 24.70586 ], [ 83.48071, 24.70573 ], [ 83.47984, 24.73783 ], [ 83.45309, 24.73332 ], [ 83.43424, 24.75685 ], [ 83.41129, 24.77532 ], [ 83.3868, 24.78422 ], [ 83.3956, 24.81099 ], [ 83.39039, 24.83308 ], [ 83.36827, 24.86318 ], [ 83.35139, 24.90306 ], [ 83.35803, 24.91399 ], [ 83.35702, 24.95535 ], [ 83.34393, 24.96388 ], [ 83.34387, 25.01048 ], [ 83.31966, 25.01554 ], [ 83.3165, 25.03838 ], [ 83.32346, 25.04805 ], [ 83.34013, 25.1124 ], [ 83.35376, 25.11037 ], [ 83.35344, 25.14916 ], [ 83.34321, 25.15867 ], [ 83.34961, 25.19894 ], [ 83.36026, 25.19635 ], [ 83.38822, 25.20701 ], [ 83.40927, 25.24928 ], [ 83.44295, 25.25926 ], [ 83.46028, 25.25197 ], [ 83.48026, 25.28241 ], [ 83.50807, 25.2862 ], [ 83.54436, 25.31314 ], [ 83.57224, 25.31762 ], [ 83.61066, 25.33259 ], [ 83.62006, 25.32858 ], [ 83.65617, 25.36366 ], [ 83.68629, 25.36945 ], [ 83.70947, 25.39525 ], [ 83.74809, 25.40434 ], [ 83.78227, 25.39873 ], [ 83.79661, 25.40828 ], [ 83.80294, 25.43286 ], [ 83.83837, 25.43689 ], [ 83.83379, 25.46296 ], [ 83.85112, 25.47372 ], [ 83.87126, 25.50319 ], [ 83.87296, 25.5204 ], [ 83.89281, 25.52546 ], [ 83.92098, 25.56173 ], [ 83.94432, 25.56734 ], [ 84.01424, 25.61613 ], [ 84.07651, 25.63753 ], [ 84.0797, 25.65273 ], [ 84.06965, 25.69561 ], [ 84.08289, 25.71269 ], [ 84.10787, 25.72364 ], [ 84.14835, 25.72601 ], [ 84.1675, 25.72175 ], [ 84.19431, 25.70342 ], [ 84.19951, 25.67235 ], [ 84.21708, 25.66406 ], [ 84.29013, 25.66283 ], [ 84.31859, 25.67194 ], [ 84.32562, 25.7371 ], [ 84.35441, 25.74362 ], [ 84.39365, 25.7289 ], [ 84.40188, 25.6995 ], [ 84.42361, 25.69508 ], [ 84.42417, 25.71172 ], [ 84.44878, 25.71449 ], [ 84.46651, 25.68551 ], [ 84.48934, 25.69109 ], [ 84.51638, 25.67771 ], [ 84.53139, 25.69283 ], [ 84.55233, 25.68403 ], [ 84.55861, 25.70098 ], [ 84.55563, 25.73641 ], [ 84.59552, 25.73911 ], [ 84.61306, 25.73074 ], [ 84.62628, 25.7416 ], [ 84.60053, 25.76063 ], [ 84.62112, 25.79236 ], [ 84.58716, 25.8196 ], [ 84.54685, 25.84132 ], [ 84.52698, 25.83433 ], [ 84.52864, 25.87774 ], [ 84.50652, 25.87238 ], [ 84.48528, 25.88925 ], [ 84.43118, 25.89267 ], [ 84.4083, 25.93135 ], [ 84.38629, 25.93818 ], [ 84.35139, 25.95934 ], [ 84.31385, 25.94797 ], [ 84.29156, 25.94828 ], [ 84.24049, 25.98276 ], [ 84.20181, 26.00056 ], [ 84.19228, 25.98954 ], [ 84.17244, 25.99879 ], [ 84.16727, 26.02547 ], [ 84.13667, 26.04701 ], [ 84.11605, 26.07488 ], [ 84.09104, 26.09654 ], [ 84.04906, 26.0997 ], [ 84.0424, 26.13155 ], [ 84.01814, 26.14512 ], [ 84.02785, 26.16296 ], [ 84.00302, 26.17823 ], [ 84.00211, 26.19014 ], [ 84.03363, 26.23209 ], [ 84.07358, 26.22488 ], [ 84.09229, 26.24022 ], [ 84.11046, 26.24183 ], [ 84.11295, 26.26192 ], [ 84.1574, 26.26092 ], [ 84.16816, 26.27368 ], [ 84.17151, 26.30369 ], [ 84.18174, 26.31704 ], [ 84.16721, 26.33811 ], [ 84.17136, 26.37398 ], [ 84.11675, 26.38525 ], [ 84.06152, 26.39009 ], [ 84.05498, 26.40205 ], [ 84.03619, 26.40784 ], [ 84.0164, 26.43192 ], [ 84.01611, 26.44197 ], [ 83.99045, 26.44763 ], [ 83.98347, 26.4349 ], [ 83.94627, 26.43811 ], [ 83.90228, 26.45025 ], [ 83.90679, 26.50676 ], [ 83.90221, 26.51808 ], [ 83.93049, 26.52478 ], [ 83.96542, 26.51174 ], [ 83.97419, 26.53194 ], [ 84.00069, 26.52501 ], [ 84.04776, 26.54349 ], [ 84.04932, 26.56159 ], [ 84.08476, 26.61056 ], [ 84.08042, 26.64075 ], [ 84.10608, 26.63723 ], [ 84.15203, 26.6385 ], [ 84.16725, 26.62417 ], [ 84.20199, 26.62434 ], [ 84.27222, 26.59936 ], [ 84.29703, 26.6157 ], [ 84.32549, 26.61532 ], [ 84.4144, 26.62717 ], [ 84.40479, 26.64275 ], [ 84.40224, 26.67122 ], [ 84.36675, 26.67881 ], [ 84.35012, 26.6814 ], [ 84.33707, 26.68144 ], [ 84.32334, 26.68848 ], [ 84.31851, 26.71623 ], [ 84.30562, 26.73768 ], [ 84.29803, 26.75327 ], [ 84.27861, 26.75124 ], [ 84.26678, 26.74207 ], [ 84.25449, 26.73427 ], [ 84.24228, 26.73077 ], [ 84.22461, 26.7571 ], [ 84.24113, 26.77543 ], [ 84.24849, 26.79268 ], [ 84.2523, 26.80868 ], [ 84.24852, 26.8209 ], [ 84.24284, 26.82182 ], [ 84.25042, 26.83782 ], [ 84.24564, 26.85872 ], [ 84.23538, 26.86434 ], [ 84.22196, 26.87018 ], [ 84.20922, 26.87099 ], [ 84.17647, 26.85334 ], [ 84.17533, 26.84594 ], [ 84.16892, 26.83452 ], [ 84.15054, 26.83947 ], [ 84.13165, 26.85569 ], [ 84.1393, 26.87404 ], [ 84.14074, 26.88391 ], [ 84.13025, 26.88527 ], [ 84.09987, 26.88799 ], [ 84.09262, 26.87783 ], [ 84.08789, 26.88235 ], [ 84.07626, 26.87878 ], [ 84.05905, 26.89078 ], [ 84.04898, 26.89994 ], [ 84.0508, 26.90165 ], [ 84.04514, 26.90474 ], [ 84.0424, 26.90913 ], [ 84.04924, 26.91459 ], [ 84.04522, 26.93042 ], [ 84.02981, 26.93957 ], [ 84.0249, 26.94272 ], [ 84.03169, 26.94933 ], [ 84.03515, 26.94872 ], [ 84.03862, 26.95776 ], [ 84.04666, 26.96194 ], [ 84.04126, 26.96801 ], [ 84.04346, 26.98039 ], [ 84.03643, 26.98403 ], [ 84.04952, 26.99081 ], [ 84.0427, 27.00312 ], [ 84.03573, 27.01932 ], [ 84.03564, 27.04651 ], [ 84.02427, 27.04472 ], [ 83.99076, 27.06859 ], [ 84.01689, 27.08376 ], [ 84.01893, 27.09344 ], [ 84.01422, 27.10008 ], [ 84.00532, 27.10403 ], [ 83.97787, 27.09262 ], [ 83.94778, 27.0862 ], [ 83.94083, 27.08962 ], [ 83.94035, 27.1023 ], [ 83.94144, 27.11983 ], [ 83.95081, 27.12634 ], [ 83.95364, 27.13194 ], [ 83.95091, 27.14088 ], [ 83.96831, 27.1656 ], [ 83.9842, 27.17871 ], [ 83.98512, 27.18176 ], [ 83.97661, 27.20342 ], [ 83.96329, 27.22108 ], [ 83.96153, 27.22795 ], [ 83.94814, 27.23833 ], [ 83.90762, 27.24803 ], [ 83.9019, 27.25213 ], [ 83.89616, 27.27707 ], [ 83.91883, 27.29266 ], [ 83.9236, 27.31643 ], [ 83.90804, 27.33039 ], [ 83.88795, 27.32647 ], [ 83.85464, 27.31123 ], [ 83.82934, 27.32747 ], [ 83.84934, 27.33561 ], [ 83.85851, 27.35096 ], [ 83.88989, 27.3582 ], [ 83.90552, 27.37621 ], [ 83.90729, 27.38952 ], [ 83.87524, 27.39191 ], [ 83.87025, 27.42851 ], [ 83.93314, 27.44938 ], [ 83.94805, 27.44097 ], [ 83.99367, 27.44393 ], [ 84.02796, 27.43823 ], [ 84.05418, 27.44258 ], [ 84.07111, 27.47911 ], [ 84.09755, 27.48943 ], [ 84.11072, 27.52151 ], [ 84.13202, 27.51171 ], [ 84.15302, 27.51661 ], [ 84.15099, 27.4857 ], [ 84.17373, 27.47551 ], [ 84.20792, 27.46942 ], [ 84.21064, 27.44233 ], [ 84.23376, 27.45613 ], [ 84.25625, 27.4519 ], [ 84.27477, 27.42866 ], [ 84.27763, 27.40083 ], [ 84.29341, 27.38504 ], [ 84.39394, 27.36802 ], [ 84.44331, 27.37002 ], [ 84.47173, 27.355 ], [ 84.48802, 27.35832 ], [ 84.56718, 27.34726 ], [ 84.62447, 27.33608 ], [ 84.64522, 27.30601 ], [ 84.69168, 27.22227 ], [ 84.67792, 27.17011 ], [ 84.68571, 27.14322 ], [ 84.67779, 27.10292 ], [ 84.66822, 27.08741 ], [ 84.64846, 27.07535 ], [ 84.64485, 27.0472 ], [ 84.70364, 27.02676 ], [ 84.75893, 27.00265 ], [ 84.77483, 27.01753 ], [ 84.79572, 26.99557 ], [ 84.81983, 27.02042 ], [ 84.85686, 27.008 ], [ 84.86109, 26.98774 ], [ 84.91279, 26.96761 ], [ 84.93156, 26.9685 ], [ 84.96449, 26.96028 ], [ 84.98051, 26.94002 ], [ 84.97294, 26.91678 ], [ 85.00179, 26.91189 ], [ 85.00612, 26.89478 ], [ 85.04581, 26.89112 ], [ 85.03098, 26.85899 ], [ 85.04612, 26.85072 ], [ 85.09161, 26.85971 ], [ 85.11337, 26.87217 ], [ 85.13634, 26.8676 ], [ 85.19131, 26.86982 ], [ 85.19601, 26.84172 ], [ 85.17923, 26.81489 ], [ 85.19701, 26.78492 ], [ 85.19971, 26.76932 ], [ 85.21615, 26.75792 ], [ 85.23412, 26.76322 ], [ 85.26252, 26.75501 ], [ 85.32011, 26.7489 ], [ 85.33632, 26.74142 ], [ 85.35719, 26.76019 ], [ 85.37711, 26.76062 ], [ 85.40964, 26.79114 ], [ 85.43474, 26.7899 ], [ 85.45482, 26.7817 ], [ 85.49831, 26.79811 ], [ 85.49998, 26.81189 ], [ 85.52212, 26.81412 ], [ 85.54509, 26.83787 ], [ 85.56792, 26.84073 ], [ 85.60921, 26.85702 ], [ 85.62622, 26.87342 ], [ 85.64462, 26.85291 ], [ 85.68254, 26.84296 ], [ 85.72332, 26.82001 ], [ 85.73672, 26.79562 ], [ 85.72578, 26.6993 ], [ 85.72581, 26.67394 ], [ 85.74915, 26.63965 ], [ 85.77177, 26.62958 ], [ 85.80222, 26.62436 ], [ 85.81982, 26.60252 ], [ 85.83353, 26.61094 ], [ 85.85332, 26.60952 ], [ 85.86089, 26.56858 ], [ 85.89323, 26.59454 ], [ 85.9291, 26.61031 ], [ 85.95759, 26.62942 ], [ 85.9588, 26.64897 ], [ 85.97819, 26.65792 ], [ 86.00217, 26.65456 ], [ 86.03074, 26.66642 ], [ 86.07201, 26.6568 ], [ 86.07621, 26.64951 ], [ 86.11997, 26.63043 ], [ 86.14074, 26.62871 ], [ 86.15742, 26.60961 ], [ 86.17392, 26.61682 ], [ 86.19455, 26.61442 ], [ 86.19942, 26.5933 ], [ 86.2334, 26.59202 ], [ 86.25512, 26.61562 ], [ 86.29521, 26.61293 ], [ 86.31024, 26.61964 ], [ 86.34657, 26.6159 ], [ 86.3433, 26.60572 ], [ 86.39629, 26.59445 ], [ 86.39734, 26.58486 ], [ 86.45789, 26.56782 ], [ 86.50113, 26.5416 ], [ 86.54422, 26.53811 ], [ 86.5669, 26.50072 ], [ 86.62822, 26.48062 ], [ 86.63413, 26.46627 ], [ 86.69848, 26.44827 ], [ 86.7022, 26.43708 ], [ 86.72818, 26.4254 ], [ 86.74918, 26.428 ], [ 86.75589, 26.44616 ], [ 86.77155, 26.4591 ], [ 86.8358, 26.4387 ], [ 86.86339, 26.45721 ], [ 86.87532, 26.45374 ], [ 86.89756, 26.46703 ], [ 86.89558, 26.48729 ], [ 86.93223, 26.48932 ], [ 86.9351, 26.51649 ], [ 86.96368, 26.52345 ], [ 86.97759, 26.51972 ], [ 87.01772, 26.53181 ], [ 87.04483, 26.56794 ], [ 87.04731, 26.58696 ], [ 87.07428, 26.58547 ], [ 87.07512, 26.54161 ], [ 87.08221, 26.52295 ], [ 87.09392, 26.45002 ], [ 87.14151, 26.41459 ], [ 87.16502, 26.40382 ], [ 87.18884, 26.41396 ], [ 87.24766, 26.41399 ], [ 87.26865, 26.40527 ], [ 87.26839, 26.37361 ], [ 87.31591, 26.3672 ], [ 87.34341, 26.34752 ], [ 87.36086, 26.36078 ], [ 87.35886, 26.38787 ], [ 87.37129, 26.40775 ], [ 87.39103, 26.4187 ], [ 87.4302, 26.42204 ], [ 87.46909, 26.44007 ], [ 87.51893, 26.43062 ], [ 87.55002, 26.41821 ], [ 87.55532, 26.40541 ], [ 87.59023, 26.39221 ], [ 87.61463, 26.38983 ], [ 87.65439, 26.39321 ], [ 87.65277, 26.40552 ], [ 87.68086, 26.41546 ], [ 87.68024, 26.43509 ], [ 87.71217, 26.42712 ], [ 87.73616, 26.40751 ], [ 87.75632, 26.40792 ], [ 87.77556, 26.41919 ], [ 87.77913, 26.4474 ], [ 87.79494, 26.46852 ], [ 87.85122, 26.43621 ], [ 87.86372, 26.44973 ], [ 87.86081, 26.46343 ], [ 87.90253, 26.47713 ], [ 87.9121, 26.45745 ], [ 87.92667, 26.4464 ], [ 87.935, 26.4177 ], [ 87.96832, 26.39682 ], [ 87.99416, 26.39222 ], [ 87.99503, 26.36935 ], [ 88.01019, 26.36078 ], [ 88.03255, 26.36463 ], [ 88.02969, 26.38153 ], [ 88.08112, 26.41982 ], [ 88.0974, 26.43744 ], [ 88.10595, 26.46671 ], [ 88.09771, 26.51613 ], [ 88.10615, 26.53562 ] ] ] ] } },
{ "type": "Feature", "properties": { "source": "https://simplemaps.com", "id": "INCH", "name": "Chandigarh" }, "geometry": { "type": "MultiPolygon", "coordinates": [ [ [ [ 76.82819, 30.76379 ], [ 76.82481, 30.73082 ], [ 76.8363, 30.71427 ], [ 76.82111, 30.69678 ], [ 76.81981, 30.68583 ], [ 76.81051, 30.68495 ], [ 76.80592, 30.68026 ], [ 76.79437, 30.66932 ], [ 76.74503, 30.69046 ], [ 76.73848, 30.68915 ], [ 76.73289, 30.69716 ], [ 76.72459, 30.70379 ], [ 76.72691, 30.70755 ], [ 76.7152, 30.7133 ], [ 76.71534, 30.71498 ], [ 76.70992, 30.73548 ], [ 76.69293, 30.75739 ], [ 76.69063, 30.76008 ], [ 76.71832, 30.76909 ], [ 76.72924, 30.77625 ], [ 76.73515, 30.783 ], [ 76.73822, 30.78985 ], [ 76.73999, 30.79108 ], [ 76.74575, 30.79464 ], [ 76.75092, 30.79685 ], [ 76.7676, 30.79512 ], [ 76.77629, 30.78404 ], [ 76.77267, 30.78308 ], [ 76.78094, 30.77387 ], [ 76.79613, 30.78577 ], [ 76.80217, 30.78183 ], [ 76.80345, 30.7776 ], [ 76.79314, 30.76652 ], [ 76.82819, 30.76379 ] ] ] ] } },
{ "type": "Feature", "properties": { "source": "https://simplemaps.com", "id": "INCT", "name": "Chhattisgarh" }, "geometry": { "type": "MultiPolygon", "coordinates": [ [ [ [ 81.38497, 17.80659 ], [ 81.31506, 17.81234 ], [ 81.25404, 17.81213 ], [ 81.19196, 17.8471 ], [ 81.15957, 17.85263 ], [ 81.0977, 17.8171 ], [ 81.0736, 17.78629 ], [ 81.05598, 17.78283 ], [ 81.03245, 17.78973 ], [ 81.01257, 17.81667 ], [ 81.00435, 17.83835 ], [ 80.99434, 17.91423 ], [ 80.98465, 17.9229 ], [ 80.97264, 17.99318 ], [ 80.96227, 18.03153 ], [ 80.96596, 18.04347 ], [ 80.94836, 18.09127 ], [ 80.94936, 18.12318 ], [ 80.97263, 18.14355 ], [ 80.97368, 18.16815 ], [ 80.95419, 18.16698 ], [ 80.94423, 18.15709 ], [ 80.90073, 18.13467 ], [ 80.86202, 18.13267 ], [ 80.85577, 18.14293 ], [ 80.84916, 18.20021 ], [ 80.86749, 18.20726 ], [ 80.8591, 18.226 ], [ 80.8242, 18.23358 ], [ 80.81719, 18.22521 ], [ 80.81875, 18.19202 ], [ 80.79793, 18.1663 ], [ 80.7624, 18.16297 ], [ 80.73456, 18.17171 ], [ 80.73327, 18.21879 ], [ 80.78429, 18.24327 ], [ 80.76638, 18.27823 ], [ 80.74462, 18.30218 ], [ 80.74444, 18.31686 ], [ 80.72276, 18.36131 ], [ 80.71303, 18.40573 ], [ 80.69101, 18.41935 ], [ 80.69526, 18.43457 ], [ 80.68052, 18.45355 ], [ 80.65078, 18.47228 ], [ 80.63682, 18.49395 ], [ 80.63268, 18.51884 ], [ 80.61385, 18.52605 ], [ 80.60098, 18.54503 ], [ 80.532, 18.58606 ], [ 80.51071, 18.61567 ], [ 80.48839, 18.62672 ], [ 80.4502, 18.62635 ], [ 80.40209, 18.60718 ], [ 80.38156, 18.5936 ], [ 80.36695, 18.60465 ], [ 80.34184, 18.58644 ], [ 80.31931, 18.62173 ], [ 80.29631, 18.68564 ], [ 80.26754, 18.71797 ], [ 80.2408, 18.74869 ], [ 80.25456, 18.76595 ], [ 80.27182, 18.76222 ], [ 80.29944, 18.79353 ], [ 80.31873, 18.79598 ], [ 80.34622, 18.81108 ], [ 80.3485, 18.82394 ], [ 80.33573, 18.85612 ], [ 80.29139, 18.90759 ], [ 80.27047, 18.92492 ], [ 80.26413, 18.94052 ], [ 80.26772, 18.98733 ], [ 80.29529, 19.02874 ], [ 80.28884, 19.04629 ], [ 80.31577, 19.06458 ], [ 80.31995, 19.08822 ], [ 80.33154, 19.10108 ], [ 80.32086, 19.12449 ], [ 80.32485, 19.14153 ], [ 80.34547, 19.16291 ], [ 80.38111, 19.18073 ], [ 80.38612, 19.19563 ], [ 80.37702, 19.21737 ], [ 80.38845, 19.24331 ], [ 80.41917, 19.25028 ], [ 80.44543, 19.26989 ], [ 80.4705, 19.32892 ], [ 80.4811, 19.33782 ], [ 80.51384, 19.3482 ], [ 80.53154, 19.3743 ], [ 80.55934, 19.39755 ], [ 80.57286, 19.39842 ], [ 80.58394, 19.37716 ], [ 80.58559, 19.35302 ], [ 80.60394, 19.31177 ], [ 80.61772, 19.30482 ], [ 80.66439, 19.32658 ], [ 80.68529, 19.3126 ], [ 80.68356, 19.28691 ], [ 80.70044, 19.28226 ], [ 80.74924, 19.28674 ], [ 80.7662, 19.30813 ], [ 80.83908, 19.35515 ], [ 80.84283, 19.36611 ], [ 80.81274, 19.38274 ], [ 80.80855, 19.39704 ], [ 80.78793, 19.4267 ], [ 80.83508, 19.44238 ], [ 80.86749, 19.44346 ], [ 80.89207, 19.46568 ], [ 80.8897, 19.49925 ], [ 80.87905, 19.51903 ], [ 80.85226, 19.52417 ], [ 80.84083, 19.53357 ], [ 80.83353, 19.55597 ], [ 80.81961, 19.5654 ], [ 80.78516, 19.56041 ], [ 80.76641, 19.56832 ], [ 80.76427, 19.58483 ], [ 80.72099, 19.60839 ], [ 80.66203, 19.60873 ], [ 80.65612, 19.62515 ], [ 80.66584, 19.69221 ], [ 80.63351, 19.71849 ], [ 80.58208, 19.73807 ], [ 80.57053, 19.75474 ], [ 80.53967, 19.7746 ], [ 80.54424, 19.8112 ], [ 80.51781, 19.82886 ], [ 80.47603, 19.828 ], [ 80.45955, 19.81133 ], [ 80.47481, 19.80339 ], [ 80.48256, 19.78071 ], [ 80.45244, 19.7929 ], [ 80.41769, 19.79714 ], [ 80.40015, 19.79363 ], [ 80.39753, 19.81623 ], [ 80.43166, 19.8103 ], [ 80.4603, 19.82803 ], [ 80.47502, 19.85706 ], [ 80.49752, 19.86875 ], [ 80.48984, 19.89367 ], [ 80.46122, 19.90343 ], [ 80.44444, 19.89355 ], [ 80.40266, 19.9096 ], [ 80.4063, 19.9325 ], [ 80.42511, 19.93731 ], [ 80.4437, 19.95267 ], [ 80.4645, 19.94625 ], [ 80.46984, 19.93366 ], [ 80.50174, 19.92475 ], [ 80.52038, 19.93088 ], [ 80.53237, 19.96706 ], [ 80.54415, 19.98151 ], [ 80.53254, 20.00393 ], [ 80.54616, 20.06571 ], [ 80.53496, 20.0854 ], [ 80.54037, 20.10983 ], [ 80.52359, 20.12447 ], [ 80.45134, 20.14487 ], [ 80.44414, 20.13034 ], [ 80.42696, 20.13024 ], [ 80.39384, 20.14402 ], [ 80.38457, 20.15851 ], [ 80.39459, 20.18159 ], [ 80.41341, 20.18753 ], [ 80.41202, 20.20221 ], [ 80.398, 20.21278 ], [ 80.38296, 20.24172 ], [ 80.41962, 20.25156 ], [ 80.45647, 20.26891 ], [ 80.49448, 20.2748 ], [ 80.51083, 20.26961 ], [ 80.54202, 20.30685 ], [ 80.61669, 20.32574 ], [ 80.60223, 20.37644 ], [ 80.58598, 20.39205 ], [ 80.58975, 20.41277 ], [ 80.60344, 20.43325 ], [ 80.59469, 20.44642 ], [ 80.60332, 20.46242 ], [ 80.61003, 20.53198 ], [ 80.60995, 20.55633 ], [ 80.61972, 20.56732 ], [ 80.61286, 20.59058 ], [ 80.62232, 20.60386 ], [ 80.57867, 20.61412 ], [ 80.55904, 20.60998 ], [ 80.55141, 20.59908 ], [ 80.51951, 20.58468 ], [ 80.5001, 20.58686 ], [ 80.4816, 20.6171 ], [ 80.48965, 20.6399 ], [ 80.51891, 20.66176 ], [ 80.57834, 20.67877 ], [ 80.57492, 20.69843 ], [ 80.56019, 20.71177 ], [ 80.55454, 20.74715 ], [ 80.54553, 20.76537 ], [ 80.54334, 20.7918 ], [ 80.55589, 20.81968 ], [ 80.55037, 20.84567 ], [ 80.54976, 20.88891 ], [ 80.53525, 20.93132 ], [ 80.45909, 20.92815 ], [ 80.43894, 20.97156 ], [ 80.43809, 20.9921 ], [ 80.42376, 21.00959 ], [ 80.44524, 21.03094 ], [ 80.4485, 21.04961 ], [ 80.43518, 21.09901 ], [ 80.4573, 21.17284 ], [ 80.47491, 21.17143 ], [ 80.50932, 21.18348 ], [ 80.52074, 21.20354 ], [ 80.53498, 21.19961 ], [ 80.56124, 21.20581 ], [ 80.57184, 21.21685 ], [ 80.60345, 21.22742 ], [ 80.63873, 21.25478 ], [ 80.65481, 21.28951 ], [ 80.67295, 21.29829 ], [ 80.67274, 21.31127 ], [ 80.65653, 21.33077 ], [ 80.68417, 21.37261 ], [ 80.69926, 21.41412 ], [ 80.69755, 21.4272 ], [ 80.71803, 21.4454 ], [ 80.73022, 21.47205 ], [ 80.72198, 21.49564 ], [ 80.73066, 21.53872 ], [ 80.71355, 21.55571 ], [ 80.71954, 21.5715 ], [ 80.70956, 21.58479 ], [ 80.7094, 21.60398 ], [ 80.72166, 21.61722 ], [ 80.71911, 21.64366 ], [ 80.70735, 21.67158 ], [ 80.72375, 21.6936 ], [ 80.72633, 21.73103 ], [ 80.74005, 21.75649 ], [ 80.7621, 21.75792 ], [ 80.78272, 21.73957 ], [ 80.8112, 21.74749 ], [ 80.81156, 21.76399 ], [ 80.8317, 21.80481 ], [ 80.83768, 21.82985 ], [ 80.83168, 21.84619 ], [ 80.84117, 21.85645 ], [ 80.83959, 21.8754 ], [ 80.82544, 21.88665 ], [ 80.82453, 21.90843 ], [ 80.8359, 21.92793 ], [ 80.83339, 21.94664 ], [ 80.85169, 21.97512 ], [ 80.8686, 22.01121 ], [ 80.86895, 22.03359 ], [ 80.87896, 22.0606 ], [ 80.89123, 22.06596 ], [ 80.89817, 22.10133 ], [ 80.91715, 22.12089 ], [ 80.95052, 22.11301 ], [ 80.96554, 22.08198 ], [ 80.96342, 22.05836 ], [ 80.97885, 22.04831 ], [ 80.99916, 22.0615 ], [ 81.00395, 22.09445 ], [ 80.99027, 22.10908 ], [ 80.97082, 22.11465 ], [ 80.9867, 22.13087 ], [ 81.01579, 22.13271 ], [ 81.01905, 22.16526 ], [ 81.0117, 22.18401 ], [ 81.02576, 22.19769 ], [ 81.01579, 22.21411 ], [ 81.01945, 22.22919 ], [ 81.04887, 22.24419 ], [ 81.08468, 22.24675 ], [ 81.09682, 22.27746 ], [ 81.11385, 22.29438 ], [ 81.10927, 22.32964 ], [ 81.11566, 22.34409 ], [ 81.10094, 22.38324 ], [ 81.10492, 22.43279 ], [ 81.10999, 22.44112 ], [ 81.14808, 22.45585 ], [ 81.17066, 22.488 ], [ 81.19264, 22.48248 ], [ 81.19419, 22.46208 ], [ 81.22356, 22.45161 ], [ 81.25552, 22.47248 ], [ 81.26045, 22.49356 ], [ 81.2802, 22.49882 ], [ 81.30396, 22.48175 ], [ 81.31591, 22.48971 ], [ 81.31481, 22.51591 ], [ 81.32294, 22.52433 ], [ 81.37874, 22.5053 ], [ 81.38887, 22.44484 ], [ 81.41412, 22.44852 ], [ 81.41759, 22.47363 ], [ 81.44624, 22.49586 ], [ 81.47986, 22.49331 ], [ 81.49321, 22.51962 ], [ 81.51542, 22.53675 ], [ 81.55693, 22.53216 ], [ 81.56306, 22.55101 ], [ 81.60896, 22.53644 ], [ 81.62189, 22.54383 ], [ 81.62357, 22.56428 ], [ 81.63792, 22.56211 ], [ 81.64942, 22.57608 ], [ 81.64012, 22.58655 ], [ 81.64139, 22.60754 ], [ 81.6786, 22.64888 ], [ 81.69887, 22.64588 ], [ 81.71411, 22.65563 ], [ 81.72295, 22.67621 ], [ 81.73694, 22.66905 ], [ 81.74893, 22.64607 ], [ 81.76598, 22.67612 ], [ 81.74661, 22.72649 ], [ 81.78428, 22.76662 ], [ 81.77441, 22.7856 ], [ 81.7759, 22.80014 ], [ 81.76086, 22.83434 ], [ 81.76932, 22.85116 ], [ 81.7694, 22.87351 ], [ 81.79583, 22.88025 ], [ 81.83143, 22.88297 ], [ 81.86111, 22.89395 ], [ 81.87461, 22.91332 ], [ 81.90147, 22.93306 ], [ 81.91386, 22.94822 ], [ 81.94025, 22.95709 ], [ 81.93722, 23.00949 ], [ 81.91843, 23.04098 ], [ 81.9381, 23.07781 ], [ 81.96931, 23.07937 ], [ 81.97997, 23.08554 ], [ 82.00219, 23.07841 ], [ 82.02825, 23.08166 ], [ 82.06137, 23.11594 ], [ 82.11588, 23.1038 ], [ 82.12825, 23.11211 ], [ 82.13277, 23.13162 ], [ 82.15108, 23.14174 ], [ 82.15138, 23.16055 ], [ 82.13732, 23.16497 ], [ 82.14249, 23.2277 ], [ 82.16982, 23.27018 ], [ 82.18946, 23.28459 ], [ 82.18751, 23.32223 ], [ 82.16008, 23.33219 ], [ 82.13783, 23.36184 ], [ 82.11445, 23.35403 ], [ 82.1045, 23.36318 ], [ 82.09848, 23.3977 ], [ 82.05677, 23.39354 ], [ 82.04923, 23.37873 ], [ 82.02324, 23.38376 ], [ 82.01429, 23.39351 ], [ 82.02325, 23.41018 ], [ 81.99953, 23.41281 ], [ 81.97054, 23.42387 ], [ 81.9714, 23.44747 ], [ 81.95033, 23.46606 ], [ 81.94894, 23.49674 ], [ 81.93445, 23.50555 ], [ 81.91636, 23.53209 ], [ 81.90392, 23.53509 ], [ 81.87936, 23.51843 ], [ 81.82718, 23.51129 ], [ 81.81007, 23.52261 ], [ 81.79756, 23.54883 ], [ 81.75639, 23.55252 ], [ 81.74796, 23.56538 ], [ 81.72923, 23.5651 ], [ 81.70638, 23.53358 ], [ 81.69309, 23.52334 ], [ 81.65453, 23.53155 ], [ 81.64765, 23.50243 ], [ 81.6311, 23.49174 ], [ 81.61722, 23.49487 ], [ 81.60522, 23.51089 ], [ 81.60227, 23.55367 ], [ 81.57707, 23.55489 ], [ 81.56973, 23.58865 ], [ 81.60268, 23.60003 ], [ 81.61324, 23.66098 ], [ 81.64313, 23.66033 ], [ 81.6495, 23.68345 ], [ 81.67321, 23.69343 ], [ 81.68729, 23.72135 ], [ 81.6721, 23.74002 ], [ 81.66933, 23.75735 ], [ 81.64416, 23.76808 ], [ 81.63837, 23.77788 ], [ 81.64256, 23.80458 ], [ 81.62571, 23.83582 ], [ 81.60942, 23.83579 ], [ 81.59844, 23.85368 ], [ 81.61485, 23.87277 ], [ 81.6002, 23.8834 ], [ 81.60757, 23.90327 ], [ 81.62922, 23.90766 ], [ 81.6616, 23.9256 ], [ 81.6795, 23.90765 ], [ 81.6824, 23.88979 ], [ 81.69739, 23.88596 ], [ 81.70268, 23.8634 ], [ 81.72092, 23.86082 ], [ 81.72685, 23.84096 ], [ 81.77263, 23.8142 ], [ 81.81173, 23.8095 ], [ 81.83165, 23.8213 ], [ 81.85294, 23.82432 ], [ 81.86208, 23.83481 ], [ 81.8941, 23.84406 ], [ 81.91644, 23.87299 ], [ 81.95071, 23.85289 ], [ 82.00073, 23.86314 ], [ 82.03516, 23.84256 ], [ 82.0454, 23.82059 ], [ 82.07802, 23.81707 ], [ 82.11746, 23.82312 ], [ 82.13408, 23.81816 ], [ 82.16972, 23.82468 ], [ 82.17249, 23.83791 ], [ 82.20389, 23.85299 ], [ 82.19926, 23.83192 ], [ 82.23153, 23.80779 ], [ 82.25529, 23.82189 ], [ 82.29759, 23.80816 ], [ 82.34703, 23.80371 ], [ 82.36835, 23.8111 ], [ 82.38823, 23.80137 ], [ 82.44904, 23.81165 ], [ 82.46351, 23.81085 ], [ 82.48508, 23.78838 ], [ 82.5162, 23.78423 ], [ 82.54452, 23.79419 ], [ 82.53976, 23.81183 ], [ 82.54822, 23.8269 ], [ 82.58598, 23.82286 ], [ 82.60591, 23.83616 ], [ 82.62952, 23.839 ], [ 82.64064, 23.85803 ], [ 82.66021, 23.87034 ], [ 82.64612, 23.88873 ], [ 82.65474, 23.90629 ], [ 82.68186, 23.91227 ], [ 82.70193, 23.92493 ], [ 82.7481, 23.92228 ], [ 82.75378, 23.93588 ], [ 82.77485, 23.93857 ], [ 82.79681, 23.96142 ], [ 82.80778, 23.96306 ], [ 82.82072, 23.96496 ], [ 82.8489, 23.94683 ], [ 82.86296, 23.92553 ], [ 82.88119, 23.91028 ], [ 82.92517, 23.89071 ], [ 82.93882, 23.87587 ], [ 82.95359, 23.87277 ], [ 82.98396, 23.87955 ], [ 83.03644, 23.88305 ], [ 83.06104, 23.87524 ], [ 83.0866, 23.87817 ], [ 83.12741, 23.89002 ], [ 83.14522, 23.90994 ], [ 83.18957, 23.9211 ], [ 83.21121, 23.96036 ], [ 83.21603, 23.9894 ], [ 83.27608, 24.02328 ], [ 83.2768, 24.04567 ], [ 83.29243, 24.07721 ], [ 83.32356, 24.10133 ], [ 83.34575, 24.09707 ], [ 83.38326, 24.09987 ], [ 83.4007, 24.08178 ], [ 83.42537, 24.08376 ], [ 83.43324, 24.0547 ], [ 83.44759, 24.04248 ], [ 83.47895, 24.03855 ], [ 83.50963, 24.0254 ], [ 83.50751, 24.00139 ], [ 83.51244, 23.967 ], [ 83.53894, 23.9335 ], [ 83.53732, 23.91463 ], [ 83.54937, 23.89284 ], [ 83.57015, 23.89036 ], [ 83.58117, 23.86192 ], [ 83.60057, 23.85348 ], [ 83.65624, 23.84364 ], [ 83.65833, 23.82782 ], [ 83.6722, 23.82008 ], [ 83.69539, 23.82067 ], [ 83.69559, 23.8076 ], [ 83.7108, 23.78953 ], [ 83.71236, 23.77233 ], [ 83.7294, 23.75473 ], [ 83.73214, 23.70467 ], [ 83.71473, 23.68254 ], [ 83.75208, 23.64898 ], [ 83.74779, 23.62665 ], [ 83.76494, 23.62148 ], [ 83.77489, 23.5995 ], [ 83.80634, 23.58231 ], [ 83.82122, 23.58485 ], [ 83.93526, 23.56304 ], [ 83.92959, 23.59368 ], [ 83.93789, 23.62243 ], [ 83.97546, 23.63083 ], [ 84.00187, 23.62044 ], [ 84.0203, 23.60018 ], [ 84.02512, 23.56579 ], [ 84.02267, 23.54424 ], [ 84.00876, 23.49958 ], [ 83.99725, 23.49311 ], [ 83.96973, 23.44767 ], [ 83.97945, 23.42669 ], [ 83.96778, 23.39299 ], [ 83.96689, 23.37423 ], [ 83.98302, 23.35955 ], [ 84.00653, 23.3528 ], [ 84.02074, 23.37546 ], [ 84.04339, 23.37401 ], [ 84.04996, 23.35186 ], [ 84.07025, 23.32999 ], [ 84.05995, 23.3082 ], [ 84.06382, 23.29224 ], [ 84.05045, 23.24095 ], [ 84.05612, 23.19641 ], [ 84.04399, 23.1846 ], [ 84.02909, 23.15388 ], [ 84.03368, 23.13844 ], [ 84.06671, 23.10711 ], [ 84.08787, 23.10949 ], [ 84.11245, 23.08718 ], [ 84.12647, 23.08515 ], [ 84.13077, 23.06336 ], [ 84.12461, 23.03075 ], [ 84.14421, 22.98819 ], [ 84.148, 22.96387 ], [ 84.16786, 22.97096 ], [ 84.1686, 22.995 ], [ 84.17905, 23.02256 ], [ 84.19994, 23.01512 ], [ 84.19679, 23.0041 ], [ 84.21706, 22.97647 ], [ 84.23741, 22.9804 ], [ 84.25091, 22.97143 ], [ 84.26888, 22.97903 ], [ 84.27857, 22.96125 ], [ 84.30676, 22.96751 ], [ 84.33181, 22.97914 ], [ 84.37054, 22.97507 ], [ 84.37779, 22.95192 ], [ 84.38905, 22.93874 ], [ 84.37671, 22.89773 ], [ 84.37596, 22.87364 ], [ 84.35793, 22.8606 ], [ 84.32946, 22.85955 ], [ 84.32031, 22.84942 ], [ 84.3177, 22.81718 ], [ 84.30997, 22.79898 ], [ 84.29031, 22.78716 ], [ 84.28529, 22.76337 ], [ 84.2601, 22.76494 ], [ 84.22536, 22.73516 ], [ 84.23224, 22.68858 ], [ 84.21479, 22.66456 ], [ 84.197, 22.66378 ], [ 84.18035, 22.64984 ], [ 84.14993, 22.63442 ], [ 84.08039, 22.63655 ], [ 84.04813, 22.59414 ], [ 84.02135, 22.58723 ], [ 84.00505, 22.56956 ], [ 83.99944, 22.5395 ], [ 84.0025, 22.52086 ], [ 83.97657, 22.51839 ], [ 83.9761, 22.50221 ], [ 84.01302, 22.48524 ], [ 84.02168, 22.47206 ], [ 84.04156, 22.46411 ], [ 84.04001, 22.4329 ], [ 84.01444, 22.40409 ], [ 84.00119, 22.36967 ], [ 83.96699, 22.35785 ], [ 83.91554, 22.35967 ], [ 83.89697, 22.33969 ], [ 83.86101, 22.34378 ], [ 83.84303, 22.32635 ], [ 83.82249, 22.31564 ], [ 83.82081, 22.29604 ], [ 83.79799, 22.28996 ], [ 83.77856, 22.27451 ], [ 83.77132, 22.25734 ], [ 83.74565, 22.24122 ], [ 83.693, 22.2455 ], [ 83.65744, 22.22479 ], [ 83.64575, 22.22459 ], [ 83.61927, 22.19636 ], [ 83.60594, 22.15761 ], [ 83.55727, 22.09998 ], [ 83.60032, 22.06551 ], [ 83.58351, 22.05495 ], [ 83.53837, 22.05538 ], [ 83.534, 22.02228 ], [ 83.54856, 22.0067 ], [ 83.53448, 21.97625 ], [ 83.53517, 21.9635 ], [ 83.55772, 21.94391 ], [ 83.55336, 21.93218 ], [ 83.58777, 21.92612 ], [ 83.60048, 21.91084 ], [ 83.57152, 21.87187 ], [ 83.58405, 21.85279 ], [ 83.57353, 21.82966 ], [ 83.55746, 21.83441 ], [ 83.53124, 21.8319 ], [ 83.53657, 21.79393 ], [ 83.52219, 21.79411 ], [ 83.49133, 21.80866 ], [ 83.47592, 21.77379 ], [ 83.48413, 21.74155 ], [ 83.45634, 21.69432 ], [ 83.43183, 21.69391 ], [ 83.41975, 21.67502 ], [ 83.44077, 21.65517 ], [ 83.48308, 21.6396 ], [ 83.4699, 21.62677 ], [ 83.46297, 21.60551 ], [ 83.44134, 21.61809 ], [ 83.44123, 21.64927 ], [ 83.41353, 21.63631 ], [ 83.38072, 21.61275 ], [ 83.36819, 21.59707 ], [ 83.36233, 21.57252 ], [ 83.36578, 21.54968 ], [ 83.35426, 21.53532 ], [ 83.34206, 21.48533 ], [ 83.35029, 21.44398 ], [ 83.37014, 21.4361 ], [ 83.38141, 21.40958 ], [ 83.39376, 21.39944 ], [ 83.39416, 21.36114 ], [ 83.40266, 21.34843 ], [ 83.37482, 21.33996 ], [ 83.30959, 21.36456 ], [ 83.27002, 21.37504 ], [ 83.26609, 21.34543 ], [ 83.25496, 21.33192 ], [ 83.2588, 21.30213 ], [ 83.27268, 21.29613 ], [ 83.26768, 21.26858 ], [ 83.24245, 21.27644 ], [ 83.2249, 21.26697 ], [ 83.21414, 21.25087 ], [ 83.21906, 21.22371 ], [ 83.20757, 21.20139 ], [ 83.19275, 21.13944 ], [ 83.16139, 21.13145 ], [ 83.134, 21.10523 ], [ 83.11984, 21.10106 ], [ 83.07144, 21.10807 ], [ 83.04058, 21.11893 ], [ 83.01048, 21.14537 ], [ 82.97993, 21.15746 ], [ 82.96515, 21.15576 ], [ 82.95607, 21.17549 ], [ 82.94233, 21.16304 ], [ 82.92193, 21.15821 ], [ 82.90231, 21.16297 ], [ 82.87923, 21.14909 ], [ 82.84, 21.16336 ], [ 82.81248, 21.15856 ], [ 82.78209, 21.14102 ], [ 82.75752, 21.15856 ], [ 82.72115, 21.15894 ], [ 82.70054, 21.15326 ], [ 82.68453, 21.15806 ], [ 82.66205, 21.15075 ], [ 82.63594, 21.14945 ], [ 82.63409, 21.13635 ], [ 82.64503, 21.10188 ], [ 82.62588, 21.07682 ], [ 82.60912, 21.06392 ], [ 82.62231, 21.03657 ], [ 82.60445, 21.00587 ], [ 82.58208, 20.98678 ], [ 82.55294, 20.94148 ], [ 82.48314, 20.89966 ], [ 82.48453, 20.87289 ], [ 82.47762, 20.84672 ], [ 82.45983, 20.83565 ], [ 82.45351, 20.82122 ], [ 82.4365, 20.82953 ], [ 82.41553, 20.82647 ], [ 82.40563, 20.83721 ], [ 82.40141, 20.86243 ], [ 82.3828, 20.86994 ], [ 82.36801, 20.8641 ], [ 82.34662, 20.88385 ], [ 82.33404, 20.84059 ], [ 82.33879, 20.79017 ], [ 82.33513, 20.75852 ], [ 82.34586, 20.72872 ], [ 82.3433, 20.69885 ], [ 82.35132, 20.67807 ], [ 82.36581, 20.66115 ], [ 82.36755, 20.62957 ], [ 82.35583, 20.60349 ], [ 82.33868, 20.59432 ], [ 82.34253, 20.57522 ], [ 82.32401, 20.55388 ], [ 82.34225, 20.53769 ], [ 82.34879, 20.52293 ], [ 82.38049, 20.50985 ], [ 82.38809, 20.45251 ], [ 82.41939, 20.45728 ], [ 82.41772, 20.4383 ], [ 82.42917, 20.42575 ], [ 82.42429, 20.41015 ], [ 82.4099, 20.40268 ], [ 82.41041, 20.3772 ], [ 82.39794, 20.35586 ], [ 82.39378, 20.33552 ], [ 82.42244, 20.30966 ], [ 82.42805, 20.27861 ], [ 82.40508, 20.26353 ], [ 82.40433, 20.2396 ], [ 82.4136, 20.20227 ], [ 82.40575, 20.17899 ], [ 82.3833, 20.16046 ], [ 82.37893, 20.14463 ], [ 82.39074, 20.11905 ], [ 82.39467, 20.08916 ], [ 82.39086, 20.05959 ], [ 82.39577, 20.049 ], [ 82.44143, 20.03535 ], [ 82.47591, 20.03005 ], [ 82.50213, 20.01353 ], [ 82.54362, 20.01213 ], [ 82.57594, 19.99895 ], [ 82.58236, 19.98994 ], [ 82.61439, 19.98697 ], [ 82.62358, 19.99764 ], [ 82.65048, 19.9994 ], [ 82.70063, 19.99287 ], [ 82.71093, 19.98326 ], [ 82.70945, 19.94667 ], [ 82.70041, 19.90661 ], [ 82.71101, 19.84856 ], [ 82.69844, 19.82686 ], [ 82.64574, 19.82537 ], [ 82.61887, 19.7861 ], [ 82.57848, 19.77582 ], [ 82.57158, 19.80201 ], [ 82.57182, 19.82781 ], [ 82.59738, 19.86047 ], [ 82.56675, 19.87172 ], [ 82.54429, 19.86903 ], [ 82.5299, 19.88213 ], [ 82.49848, 19.88517 ], [ 82.47569, 19.90053 ], [ 82.45835, 19.89465 ], [ 82.44239, 19.90298 ], [ 82.41389, 19.89652 ], [ 82.38882, 19.88176 ], [ 82.36805, 19.85448 ], [ 82.33945, 19.82996 ], [ 82.32675, 19.83833 ], [ 82.31795, 19.85916 ], [ 82.29823, 19.88346 ], [ 82.29533, 19.89896 ], [ 82.26946, 19.94525 ], [ 82.2617, 19.97156 ], [ 82.23063, 19.99808 ], [ 82.20429, 19.98034 ], [ 82.18418, 19.98116 ], [ 82.16608, 19.99584 ], [ 82.1317, 20.01269 ], [ 82.1161, 20.0104 ], [ 82.0579, 20.04987 ], [ 82.04897, 20.03524 ], [ 82.01479, 20.01951 ], [ 82.0127, 20.04103 ], [ 81.99271, 20.04782 ], [ 81.97357, 20.07561 ], [ 81.94421, 20.1016 ], [ 81.93393, 20.09931 ], [ 81.88946, 20.04327 ], [ 81.87376, 20.04618 ], [ 81.86017, 20.02336 ], [ 81.84689, 19.97036 ], [ 81.8373, 19.95008 ], [ 81.84883, 19.93859 ], [ 81.84581, 19.91486 ], [ 81.85841, 19.89955 ], [ 81.89806, 19.87852 ], [ 81.96037, 19.85474 ], [ 81.95741, 19.83601 ], [ 81.98015, 19.79578 ], [ 81.99932, 19.79831 ], [ 82.05219, 19.79134 ], [ 82.05983, 19.7831 ], [ 82.0572, 19.75341 ], [ 82.04401, 19.73769 ], [ 82.03757, 19.70391 ], [ 82.04678, 19.66937 ], [ 82.05135, 19.62444 ], [ 82.0349, 19.58327 ], [ 82.04414, 19.5648 ], [ 82.04613, 19.53862 ], [ 82.02239, 19.5018 ], [ 82.05979, 19.50364 ], [ 82.07085, 19.51592 ], [ 82.09208, 19.50984 ], [ 82.09102, 19.49406 ], [ 82.10183, 19.47366 ], [ 82.09689, 19.46108 ], [ 82.11931, 19.4239 ], [ 82.17046, 19.42949 ], [ 82.18349, 19.41246 ], [ 82.17398, 19.37694 ], [ 82.16637, 19.36593 ], [ 82.14118, 19.36578 ], [ 82.14235, 19.34817 ], [ 82.18025, 19.3322 ], [ 82.16853, 19.29066 ], [ 82.15173, 19.26546 ], [ 82.15165, 19.22357 ], [ 82.16118, 19.20839 ], [ 82.15571, 19.19653 ], [ 82.17339, 19.18431 ], [ 82.17879, 19.15886 ], [ 82.16814, 19.13384 ], [ 82.19102, 19.11631 ], [ 82.20856, 19.07852 ], [ 82.19409, 19.06022 ], [ 82.22248, 19.02111 ], [ 82.23956, 18.91046 ], [ 82.21378, 18.91214 ], [ 82.17077, 18.89159 ], [ 82.17041, 18.87757 ], [ 82.15803, 18.85197 ], [ 82.16494, 18.83021 ], [ 82.15611, 18.79994 ], [ 82.16115, 18.79096 ], [ 82.14548, 18.77328 ], [ 82.09129, 18.75618 ], [ 82.07858, 18.71208 ], [ 82.03374, 18.7188 ], [ 82.01562, 18.71353 ], [ 81.99187, 18.69769 ], [ 81.97604, 18.69515 ], [ 81.95508, 18.68023 ], [ 81.96063, 18.66772 ], [ 81.94739, 18.65571 ], [ 81.94744, 18.62882 ], [ 81.91553, 18.63582 ], [ 81.89317, 18.65388 ], [ 81.88837, 18.62099 ], [ 81.89993, 18.61961 ], [ 81.92972, 18.59639 ], [ 81.95453, 18.58671 ], [ 81.94691, 18.55915 ], [ 81.9008, 18.55717 ], [ 81.89683, 18.52839 ], [ 81.8826, 18.52918 ], [ 81.86296, 18.51727 ], [ 81.84959, 18.48905 ], [ 81.79757, 18.43976 ], [ 81.7621, 18.41131 ], [ 81.74491, 18.34535 ], [ 81.6581, 18.33929 ], [ 81.66038, 18.31576 ], [ 81.61588, 18.30084 ], [ 81.59341, 18.30128 ], [ 81.5676, 18.27321 ], [ 81.54807, 18.26213 ], [ 81.52796, 18.25908 ], [ 81.52577, 18.23652 ], [ 81.50478, 18.18381 ], [ 81.52261, 18.15727 ], [ 81.51188, 18.12923 ], [ 81.50866, 18.09241 ], [ 81.4815, 18.04992 ], [ 81.47389, 18.02851 ], [ 81.47894, 18.0037 ], [ 81.47667, 17.9739 ], [ 81.4548, 17.94656 ], [ 81.44446, 17.9221 ], [ 81.44827, 17.90302 ], [ 81.43726, 17.87594 ], [ 81.39585, 17.88756 ], [ 81.38988, 17.85943 ], [ 81.39806, 17.84678 ], [ 81.38443, 17.82579 ], [ 81.38497, 17.80659 ] ] ] ] } },
{ "type": "Feature", "properties": { "source": "https://simplemaps.com", "id": "INDH", "name": "Dadra and Nagar Haveli and Daman and Diu" }, "geometry": { "type": "MultiPolygon", "coordinates": [ [ [ [ 73.21632, 20.122 ], [ 73.21774, 20.10634 ], [ 73.21394, 20.09064 ], [ 73.19804, 20.07781 ], [ 73.19891, 20.06227 ], [ 73.18587, 20.0529 ], [ 73.1838, 20.0523 ], [ 73.17539, 20.05805 ], [ 73.17023, 20.0656 ], [ 73.14449, 20.07786 ], [ 73.1367, 20.08525 ], [ 73.12774, 20.07816 ], [ 73.12313, 20.07794 ], [ 73.11183, 20.08301 ], [ 73.11038, 20.08461 ], [ 73.10517, 20.08722 ], [ 73.08832, 20.09447 ], [ 73.05799, 20.09673 ], [ 73.05921, 20.06793 ], [ 73.04527, 20.07178 ], [ 73.01021, 20.1104 ], [ 73.01667, 20.13049 ], [ 73.01748, 20.13496 ], [ 73.00764, 20.13247 ], [ 73.00771, 20.1294 ], [ 73.00431, 20.11792 ], [ 72.98532, 20.11345 ], [ 72.97323, 20.1308 ], [ 72.98596, 20.15753 ], [ 72.98624, 20.16272 ], [ 72.98669, 20.17131 ], [ 72.98604, 20.17655 ], [ 72.9762, 20.18002 ], [ 72.97043, 20.21233 ], [ 72.97437, 20.21497 ], [ 72.96535, 20.23718 ], [ 72.94367, 20.24488 ], [ 72.92231, 20.2744 ], [ 72.92459, 20.27866 ], [ 72.93811, 20.28801 ], [ 72.95078, 20.29202 ], [ 72.96978, 20.27474 ], [ 72.98006, 20.27075 ], [ 72.98779, 20.27467 ], [ 72.99046, 20.29209 ], [ 73.0218, 20.29275 ], [ 73.01984, 20.3174 ], [ 73.02652, 20.29412 ], [ 73.03727, 20.2906 ], [ 73.04417, 20.29111 ], [ 73.05512, 20.32524 ], [ 73.06668, 20.32608 ], [ 73.07526, 20.32963 ], [ 73.08629, 20.32611 ], [ 73.09741, 20.3351 ], [ 73.10213, 20.35846 ], [ 73.10542, 20.36054 ], [ 73.11138, 20.3561 ], [ 73.11425, 20.35279 ], [ 73.11801, 20.34287 ], [ 73.12196, 20.33288 ], [ 73.11566, 20.30404 ], [ 73.13931, 20.30958 ], [ 73.14732, 20.31683 ], [ 73.1771, 20.31232 ], [ 73.17802, 20.31071 ], [ 73.17711, 20.3076 ], [ 73.17954, 20.28986 ], [ 73.1668, 20.28341 ], [ 73.16129, 20.29179 ], [ 73.1582, 20.29048 ], [ 73.1552, 20.28542 ], [ 73.15356, 20.27702 ], [ 73.14696, 20.28105 ], [ 73.14629, 20.28053 ], [ 73.1426, 20.26863 ], [ 73.13685, 20.26047 ], [ 73.11331, 20.24418 ], [ 73.10852, 20.23855 ], [ 73.10193, 20.22894 ], [ 73.08755, 20.23397 ], [ 73.07686, 20.2298 ], [ 73.06663, 20.19788 ], [ 73.07048, 20.19737 ], [ 73.07553, 20.16008 ], [ 73.08649, 20.157 ], [ 73.08991, 20.17043 ], [ 73.09791, 20.17335 ], [ 73.09949, 20.17257 ], [ 73.1091, 20.1592 ], [ 73.1168, 20.15879 ], [ 73.12495, 20.15666 ], [ 73.1484, 20.18548 ], [ 73.14603, 20.18739 ], [ 73.14218, 20.20439 ], [ 73.14982, 20.2056 ], [ 73.15285, 20.20276 ], [ 73.15364, 20.20222 ], [ 73.18018, 20.20861 ], [ 73.18854, 20.20062 ], [ 73.20441, 20.19832 ], [ 73.20993, 20.19735 ], [ 73.22916, 20.1843 ], [ 73.22673, 20.17636 ], [ 73.19924, 20.16164 ], [ 73.19533, 20.15094 ], [ 73.19598, 20.13994 ], [ 73.21095, 20.1236 ], [ 73.21632, 20.122 ] ] ], [ [ [ 72.82153, 20.37108 ], [ 72.82681, 20.38569 ], [ 72.82848, 20.43375 ], [ 72.84264, 20.45792 ], [ 72.8659, 20.46751 ], [ 72.85117, 20.45485 ], [ 72.8386, 20.43821 ], [ 72.8406, 20.41768 ], [ 72.84403, 20.41572 ], [ 72.85106, 20.41231 ], [ 72.86893, 20.40593 ], [ 72.86948, 20.40399 ], [ 72.87446, 20.39346 ], [ 72.87553, 20.38105 ], [ 72.87011, 20.39124 ], [ 72.85106, 20.40819 ], [ 72.84254, 20.3992 ], [ 72.83133, 20.36874 ], [ 72.82153, 20.37108 ] ] ], [ [ [ 70.89208, 20.70819 ], [ 70.90488, 20.72653 ], [ 70.92966, 20.73192 ], [ 70.94855, 20.73374 ], [ 70.96264, 20.72938 ], [ 70.99764, 20.71403 ], [ 70.97736, 20.70347 ], [ 70.91764, 20.70958 ], [ 70.89208, 20.70819 ] ] ], [ [ [ 70.67677, 20.76864 ], [ 70.67522, 20.77047 ], [ 70.68295, 20.78413 ], [ 70.68197, 20.80111 ], [ 70.67632, 20.81882 ], [ 70.67903, 20.84404 ], [ 70.69417, 20.88296 ], [ 70.71758, 20.91213 ], [ 70.71938, 20.93695 ], [ 70.73072, 20.96014 ], [ 70.7404, 20.97683 ], [ 70.73385, 20.98844 ], [ 70.74166, 20.9901 ], [ 70.75554, 20.97384 ], [ 70.76803, 20.96196 ], [ 70.77303, 20.96117 ], [ 70.77927, 20.96701 ], [ 70.79353, 20.95945 ], [ 70.80789, 20.96444 ], [ 70.82499, 20.9604 ], [ 70.84602, 20.97055 ], [ 70.8513, 20.96313 ], [ 70.8621, 20.96079 ], [ 70.8802, 20.95538 ], [ 70.88969, 20.93585 ], [ 70.90161, 20.90333 ], [ 70.90024, 20.8857 ], [ 70.88435, 20.87324 ], [ 70.84053, 20.85778 ], [ 70.83792, 20.83664 ], [ 70.85028, 20.8315 ], [ 70.89056, 20.83293 ], [ 70.89725, 20.81619 ], [ 70.89385, 20.7947 ], [ 70.8629, 20.78176 ], [ 70.86372, 20.76366 ], [ 70.85442, 20.75347 ], [ 70.85456, 20.75208 ], [ 70.84007, 20.73026 ], [ 70.87041, 20.71872 ], [ 70.86931, 20.70597 ], [ 70.82875, 20.70931 ], [ 70.81541, 20.71486 ], [ 70.79375, 20.71097 ], [ 70.75847, 20.72264 ], [ 70.74375, 20.72014 ], [ 70.68931, 20.74763 ], [ 70.67677, 20.76864 ] ] ] ] } },
{ "type": "Feature", "properties": { "source": "https://simplemaps.com", "id": "INDL", "name": "Delhi" }, "geometry": { "type": "MultiPolygon", "coordinates": [ [ [ [ 77.33774, 28.50897 ], [ 77.32899, 28.50832 ], [ 77.31488, 28.49457 ], [ 77.30095, 28.49012 ], [ 77.27805, 28.49815 ], [ 77.25397, 28.48554 ], [ 77.2324, 28.4758 ], [ 77.22575, 28.46401 ], [ 77.24328, 28.44749 ], [ 77.24062, 28.42886 ], [ 77.21531, 28.41574 ], [ 77.19522, 28.41253 ], [ 77.16577, 28.40846 ], [ 77.15186, 28.42832 ], [ 77.13139, 28.4387 ], [ 77.11251, 28.45023 ], [ 77.10334, 28.48311 ], [ 77.10767, 28.49387 ], [ 77.09032, 28.50545 ], [ 77.07248, 28.52028 ], [ 77.05696, 28.51386 ], [ 77.04877, 28.51524 ], [ 77.04166, 28.51896 ], [ 77.01964, 28.53327 ], [ 77.01566, 28.53332 ], [ 77.00021, 28.542 ], [ 77.0114, 28.52411 ], [ 77.00555, 28.51444 ], [ 76.97653, 28.52381 ], [ 76.94463, 28.51363 ], [ 76.93322, 28.51604 ], [ 76.90848, 28.51491 ], [ 76.89372, 28.51614 ], [ 76.87937, 28.50905 ], [ 76.87946, 28.524 ], [ 76.85921, 28.54192 ], [ 76.83762, 28.55699 ], [ 76.83292, 28.58251 ], [ 76.83503, 28.5914 ], [ 76.85481, 28.59235 ], [ 76.87794, 28.63763 ], [ 76.89368, 28.63275 ], [ 76.91035, 28.63783 ], [ 76.91821, 28.65327 ], [ 76.9231, 28.66921 ], [ 76.94255, 28.67511 ], [ 76.94725, 28.67716 ], [ 76.95, 28.69413 ], [ 76.94126, 28.71703 ], [ 76.95032, 28.74665 ], [ 76.93821, 28.75962 ], [ 76.94657, 28.77403 ], [ 76.94309, 28.79512 ], [ 76.93747, 28.8035 ], [ 76.94823, 28.81766 ], [ 76.95801, 28.83033 ], [ 76.97955, 28.8367 ], [ 76.9835, 28.83908 ], [ 77.00663, 28.83526 ], [ 77.03154, 28.83679 ], [ 77.03767, 28.85278 ], [ 77.04976, 28.87319 ], [ 77.08335, 28.87462 ], [ 77.09946, 28.87244 ], [ 77.1097, 28.86613 ], [ 77.12854, 28.86539 ], [ 77.13559, 28.85269 ], [ 77.15065, 28.84845 ], [ 77.16459, 28.86063 ], [ 77.18364, 28.8623 ], [ 77.18687, 28.86682 ], [ 77.19349, 28.86535 ], [ 77.2048, 28.86291 ], [ 77.21732, 28.83528 ], [ 77.21365, 28.8135 ], [ 77.19444, 28.80229 ], [ 77.19692, 28.79528 ], [ 77.20845, 28.78719 ], [ 77.21305, 28.78644 ], [ 77.22468, 28.78763 ], [ 77.22091, 28.7779 ], [ 77.22904, 28.77244 ], [ 77.24586, 28.75735 ], [ 77.2532, 28.75279 ], [ 77.25617, 28.73992 ], [ 77.26637, 28.73928 ], [ 77.27112, 28.73819 ], [ 77.28365, 28.71898 ], [ 77.29295, 28.70977 ], [ 77.29563, 28.71304 ], [ 77.31716, 28.71722 ], [ 77.32168, 28.71183 ], [ 77.32758, 28.69184 ], [ 77.31757, 28.67162 ], [ 77.31121, 28.64464 ], [ 77.33708, 28.6219 ], [ 77.32784, 28.60488 ], [ 77.30992, 28.59896 ], [ 77.29491, 28.58243 ], [ 77.29365, 28.57972 ], [ 77.30306, 28.55045 ], [ 77.31489, 28.54149 ], [ 77.33051, 28.5241 ], [ 77.33682, 28.51568 ], [ 77.33774, 28.50897 ] ] ] ] } },
{ "type": "Feature", "properties": { "source": "https://simplemaps.com", "id": "INGA", "name": "Goa" }, "geometry": { "type": "MultiPolygon", "coordinates": [ [ [ [ 74.12603, 15.65029 ], [ 74.14278, 15.64711 ], [ 74.17343, 15.65205 ], [ 74.17544, 15.67016 ], [ 74.19633, 15.66491 ], [ 74.22409, 15.65031 ], [ 74.23158, 15.66652 ], [ 74.25526, 15.65421 ], [ 74.25943, 15.62446 ], [ 74.26747, 15.61705 ], [ 74.26516, 15.59016 ], [ 74.25431, 15.56583 ], [ 74.27258, 15.55426 ], [ 74.28728, 15.526 ], [ 74.2819, 15.51295 ], [ 74.25633, 15.48952 ], [ 74.28252, 15.44312 ], [ 74.27562, 15.4239 ], [ 74.28996, 15.38122 ], [ 74.30569, 15.3805 ], [ 74.32837, 15.36725 ], [ 74.32334, 15.32959 ], [ 74.34165, 15.29293 ], [ 74.33413, 15.28286 ], [ 74.30231, 15.28586 ], [ 74.27662, 15.27445 ], [ 74.26352, 15.24188 ], [ 74.30213, 15.22814 ], [ 74.32191, 15.18407 ], [ 74.31087, 15.16203 ], [ 74.28957, 15.14313 ], [ 74.29309, 15.11996 ], [ 74.28107, 15.10183 ], [ 74.28722, 15.06936 ], [ 74.30234, 15.03986 ], [ 74.28906, 15.03012 ], [ 74.28979, 15.02161 ], [ 74.28186, 15.01557 ], [ 74.27103, 14.99881 ], [ 74.27159, 14.99774 ], [ 74.27391, 14.97522 ], [ 74.26659, 14.96682 ], [ 74.26207, 14.95755 ], [ 74.25101, 14.96082 ], [ 74.24387, 14.95749 ], [ 74.24168, 14.94645 ], [ 74.21927, 14.93138 ], [ 74.20309, 14.92742 ], [ 74.20416, 14.93785 ], [ 74.19742, 14.94327 ], [ 74.18656, 14.95338 ], [ 74.1699, 14.9473 ], [ 74.16966, 14.94218 ], [ 74.16596, 14.93676 ], [ 74.17516, 14.91615 ], [ 74.17539, 14.90892 ], [ 74.14571, 14.91743 ], [ 74.13342, 14.91595 ], [ 74.10417, 14.90375 ], [ 74.09736, 14.89566 ], [ 74.04292, 14.91847 ], [ 74.04931, 14.95736 ], [ 74.03291, 14.99903 ], [ 74.02097, 15.01208 ], [ 73.99292, 15.0182 ], [ 73.98319, 15.04986 ], [ 73.9668, 15.06597 ], [ 73.93097, 15.07847 ], [ 73.92292, 15.11014 ], [ 73.94067, 15.11958 ], [ 73.93653, 15.13431 ], [ 73.9482, 15.14736 ], [ 73.92903, 15.22403 ], [ 73.9093, 15.29014 ], [ 73.88653, 15.35042 ], [ 73.87347, 15.37014 ], [ 73.8418, 15.36014 ], [ 73.83403, 15.36958 ], [ 73.80875, 15.37653 ], [ 73.80375, 15.39486 ], [ 73.79097, 15.39403 ], [ 73.78264, 15.41236 ], [ 73.81653, 15.40431 ], [ 73.84402, 15.40875 ], [ 73.88264, 15.39847 ], [ 73.89653, 15.41514 ], [ 73.88708, 15.43097 ], [ 73.86153, 15.42847 ], [ 73.84903, 15.45208 ], [ 73.83403, 15.45069 ], [ 73.80097, 15.46069 ], [ 73.80542, 15.49486 ], [ 73.76764, 15.49097 ], [ 73.75486, 15.54569 ], [ 73.7318, 15.58931 ], [ 73.75486, 15.61736 ], [ 73.73264, 15.61764 ], [ 73.72264, 15.63014 ], [ 73.71125, 15.66847 ], [ 73.68764, 15.72014 ], [ 73.68014, 15.72437 ], [ 73.69186, 15.72691 ], [ 73.70659, 15.72173 ], [ 73.71857, 15.72162 ], [ 73.74102, 15.71872 ], [ 73.74871, 15.73057 ], [ 73.77579, 15.73053 ], [ 73.78649, 15.72325 ], [ 73.8204, 15.73991 ], [ 73.83304, 15.73775 ], [ 73.83878, 15.76089 ], [ 73.86549, 15.79753 ], [ 73.88686, 15.77029 ], [ 73.88024, 15.75255 ], [ 73.90861, 15.74233 ], [ 73.94537, 15.74152 ], [ 73.95887, 15.71129 ], [ 73.95724, 15.69674 ], [ 73.97131, 15.68725 ], [ 73.9757, 15.65978 ], [ 73.96926, 15.64432 ], [ 73.97598, 15.62894 ], [ 74.00239, 15.60905 ], [ 74.02793, 15.6046 ], [ 74.0393, 15.62085 ], [ 74.08055, 15.62617 ], [ 74.12603, 15.65029 ] ] ] ] } },
{ "type": "Feature", "properties": { "source": "https://simplemaps.com", "id": "INGJ", "name": "Gujarat" }, "geometry": { "type": "MultiPolygon", "coordinates": [ [ [ [ 73.21632, 20.122 ], [ 73.21095, 20.1236 ], [ 73.19598, 20.13994 ], [ 73.19533, 20.15094 ], [ 73.19924, 20.16164 ], [ 73.22673, 20.17636 ], [ 73.22916, 20.1843 ], [ 73.20993, 20.19735 ], [ 73.20441, 20.19832 ], [ 73.18854, 20.20062 ], [ 73.18018, 20.20861 ], [ 73.15364, 20.20222 ], [ 73.15285, 20.20276 ], [ 73.14982, 20.2056 ], [ 73.14218, 20.20439 ], [ 73.14603, 20.18739 ], [ 73.1484, 20.18548 ], [ 73.12495, 20.15666 ], [ 73.1168, 20.15879 ], [ 73.1091, 20.1592 ], [ 73.09949, 20.17257 ], [ 73.09791, 20.17335 ], [ 73.08991, 20.17043 ], [ 73.08649, 20.157 ], [ 73.07553, 20.16008 ], [ 73.07048, 20.19737 ], [ 73.06663, 20.19788 ], [ 73.07686, 20.2298 ], [ 73.08755, 20.23397 ], [ 73.10193, 20.22894 ], [ 73.10852, 20.23855 ], [ 73.11331, 20.24418 ], [ 73.13685, 20.26047 ], [ 73.1426, 20.26863 ], [ 73.14629, 20.28053 ], [ 73.14696, 20.28105 ], [ 73.15356, 20.27702 ], [ 73.1552, 20.28542 ], [ 73.1582, 20.29048 ], [ 73.16129, 20.29179 ], [ 73.1668, 20.28341 ], [ 73.17954, 20.28986 ], [ 73.17711, 20.3076 ], [ 73.17802, 20.31071 ], [ 73.1771, 20.31232 ], [ 73.14732, 20.31683 ], [ 73.13931, 20.30958 ], [ 73.11566, 20.30404 ], [ 73.12196, 20.33288 ], [ 73.11801, 20.34287 ], [ 73.11425, 20.35279 ], [ 73.11138, 20.3561 ], [ 73.10542, 20.36054 ], [ 73.10213, 20.35846 ], [ 73.09741, 20.3351 ], [ 73.08629, 20.32611 ], [ 73.07526, 20.32963 ], [ 73.06668, 20.32608 ], [ 73.05512, 20.32524 ], [ 73.04417, 20.29111 ], [ 73.03727, 20.2906 ], [ 73.02652, 20.29412 ], [ 73.01984, 20.3174 ], [ 73.0218, 20.29275 ], [ 72.99046, 20.29209 ], [ 72.98779, 20.27467 ], [ 72.98006, 20.27075 ], [ 72.96978, 20.27474 ], [ 72.95078, 20.29202 ], [ 72.93811, 20.28801 ], [ 72.92459, 20.27866 ], [ 72.92231, 20.2744 ], [ 72.94367, 20.24488 ], [ 72.96535, 20.23718 ], [ 72.97437, 20.21497 ], [ 72.97043, 20.21233 ], [ 72.92843, 20.22337 ], [ 72.88432, 20.22658 ], [ 72.872, 20.20824 ], [ 72.85029, 20.20794 ], [ 72.83362, 20.18357 ], [ 72.82884, 20.15657 ], [ 72.80206, 20.14847 ], [ 72.78761, 20.13008 ], [ 72.73764, 20.13654 ], [ 72.74653, 20.19958 ], [ 72.74097, 20.24458 ], [ 72.74986, 20.25542 ], [ 72.75569, 20.29208 ], [ 72.77458, 20.30375 ], [ 72.7757, 20.33347 ], [ 72.78902, 20.34986 ], [ 72.80736, 20.35236 ], [ 72.82153, 20.37108 ], [ 72.83133, 20.36874 ], [ 72.84254, 20.3992 ], [ 72.85106, 20.40819 ], [ 72.87011, 20.39124 ], [ 72.87553, 20.38105 ], [ 72.87446, 20.39346 ], [ 72.86948, 20.40399 ], [ 72.86893, 20.40593 ], [ 72.85106, 20.41231 ], [ 72.84403, 20.41572 ], [ 72.8406, 20.41768 ], [ 72.8386, 20.43821 ], [ 72.85117, 20.45485 ], [ 72.8659, 20.46751 ], [ 72.86181, 20.47847 ], [ 72.88375, 20.49819 ], [ 72.88764, 20.51458 ], [ 72.88597, 20.55042 ], [ 72.89764, 20.57431 ], [ 72.8868, 20.64153 ], [ 72.87458, 20.65347 ], [ 72.85208, 20.73403 ], [ 72.87014, 20.74625 ], [ 72.8568, 20.76597 ], [ 72.83459, 20.78181 ], [ 72.83875, 20.79875 ], [ 72.82569, 20.81431 ], [ 72.81986, 20.83542 ], [ 72.79182, 20.89653 ], [ 72.7857, 20.92208 ], [ 72.75403, 20.94292 ], [ 72.73514, 20.99429 ], [ 72.72375, 21.03625 ], [ 72.75208, 21.06208 ], [ 72.70597, 21.07347 ], [ 72.70014, 21.10097 ], [ 72.70653, 21.12736 ], [ 72.71597, 21.14069 ], [ 72.68125, 21.15847 ], [ 72.66514, 21.15347 ], [ 72.65986, 21.13875 ], [ 72.65903, 21.08793 ], [ 72.65153, 21.07681 ], [ 72.62625, 21.08986 ], [ 72.62097, 21.14292 ], [ 72.61875, 21.22292 ], [ 72.59708, 21.25014 ], [ 72.59042, 21.27764 ], [ 72.59319, 21.31208 ], [ 72.62209, 21.34569 ], [ 72.62292, 21.37514 ], [ 72.66486, 21.42736 ], [ 72.6518, 21.43597 ], [ 72.65236, 21.46208 ], [ 72.66514, 21.47986 ], [ 72.67458, 21.52126 ], [ 72.67069, 21.53653 ], [ 72.64291, 21.50764 ], [ 72.62681, 21.50208 ], [ 72.5982, 21.54431 ], [ 72.60597, 21.57958 ], [ 72.6282, 21.61681 ], [ 72.64792, 21.61708 ], [ 72.67264, 21.62792 ], [ 72.70486, 21.65208 ], [ 72.7232, 21.63875 ], [ 72.74736, 21.64236 ], [ 72.75153, 21.64986 ], [ 72.78736, 21.64514 ], [ 72.79819, 21.66153 ], [ 72.7618, 21.66931 ], [ 72.73625, 21.68958 ], [ 72.71125, 21.67847 ], [ 72.59736, 21.6807 ], [ 72.55875, 21.65931 ], [ 72.54736, 21.65847 ], [ 72.52402, 21.68014 ], [ 72.51958, 21.7132 ], [ 72.54347, 21.74292 ], [ 72.54292, 21.76153 ], [ 72.55209, 21.79236 ], [ 72.56847, 21.82403 ], [ 72.53403, 21.84764 ], [ 72.52319, 21.84958 ], [ 72.51681, 21.88931 ], [ 72.50764, 21.89792 ], [ 72.50236, 21.93514 ], [ 72.50736, 21.9943 ], [ 72.5182, 22.02958 ], [ 72.5268, 22.07764 ], [ 72.54736, 22.14986 ], [ 72.56875, 22.18764 ], [ 72.60125, 22.21348 ], [ 72.64848, 22.21681 ], [ 72.69959, 22.18458 ], [ 72.75764, 22.17403 ], [ 72.77431, 22.19431 ], [ 72.79875, 22.23736 ], [ 72.81819, 22.24764 ], [ 72.86958, 22.22347 ], [ 72.89931, 22.23208 ], [ 72.9118, 22.24542 ], [ 72.86681, 22.24264 ], [ 72.85264, 22.28181 ], [ 72.84375, 22.28236 ], [ 72.81042, 22.26514 ], [ 72.75931, 22.23152 ], [ 72.69153, 22.23708 ], [ 72.6582, 22.26986 ], [ 72.63709, 22.28431 ], [ 72.60847, 22.27931 ], [ 72.5732, 22.25458 ], [ 72.55736, 22.25931 ], [ 72.54125, 22.24319 ], [ 72.52431, 22.24542 ], [ 72.50792, 22.23153 ], [ 72.48763, 22.19736 ], [ 72.4743, 22.2007 ], [ 72.49403, 22.24236 ], [ 72.4707, 22.24264 ], [ 72.43514, 22.30125 ], [ 72.38764, 22.31319 ], [ 72.40208, 22.32764 ], [ 72.4043, 22.35153 ], [ 72.37903, 22.33597 ], [ 72.37625, 22.30542 ], [ 72.41097, 22.29931 ], [ 72.41625, 22.28458 ], [ 72.41319, 22.25042 ], [ 72.41653, 22.22736 ], [ 72.4007, 22.20153 ], [ 72.37569, 22.23208 ], [ 72.36014, 22.22514 ], [ 72.36653, 22.20014 ], [ 72.39014, 22.18347 ], [ 72.38708, 22.15986 ], [ 72.35902, 22.17597 ], [ 72.35653, 22.15153 ], [ 72.34236, 22.13514 ], [ 72.32375, 22.14708 ], [ 72.31347, 22.13708 ], [ 72.3232, 22.12264 ], [ 72.31514, 22.10236 ], [ 72.27986, 21.96736 ], [ 72.26041, 21.95958 ], [ 72.26153, 21.98097 ], [ 72.25181, 21.98736 ], [ 72.2607, 22.01931 ], [ 72.24514, 22.03292 ], [ 72.24153, 22.04958 ], [ 72.28653, 22.07403 ], [ 72.30403, 22.07681 ], [ 72.3018, 22.10681 ], [ 72.27431, 22.09264 ], [ 72.27792, 22.07986 ], [ 72.2393, 22.05986 ], [ 72.2307, 22.04875 ], [ 72.21374, 21.99903 ], [ 72.23153, 22.00347 ], [ 72.21958, 21.94819 ], [ 72.25625, 21.89014 ], [ 72.26014, 21.78431 ], [ 72.27014, 21.75708 ], [ 72.24792, 21.75097 ], [ 72.25958, 21.72347 ], [ 72.28014, 21.68986 ], [ 72.28486, 21.66708 ], [ 72.30264, 21.64403 ], [ 72.30597, 21.62847 ], [ 72.26847, 21.57208 ], [ 72.26514, 21.54153 ], [ 72.25125, 21.49403 ], [ 72.2243, 21.44042 ], [ 72.17097, 21.38986 ], [ 72.16681, 21.37653 ], [ 72.13486, 21.34181 ], [ 72.10931, 21.30069 ], [ 72.11069, 21.28654 ], [ 72.08208, 21.2457 ], [ 72.08875, 21.22903 ], [ 72.11097, 21.21931 ], [ 72.11542, 21.20209 ], [ 72.05625, 21.17236 ], [ 72.04792, 21.16069 ], [ 72.01014, 21.14569 ], [ 72.0218, 21.1818 ], [ 71.98597, 21.15708 ], [ 71.99153, 21.14264 ], [ 71.95208, 21.11847 ], [ 71.91597, 21.11208 ], [ 71.79681, 21.05792 ], [ 71.78819, 21.03986 ], [ 71.76403, 21.02125 ], [ 71.7207, 21.0218 ], [ 71.67958, 20.99736 ], [ 71.66375, 20.99931 ], [ 71.63847, 20.98986 ], [ 71.63653, 20.97348 ], [ 71.59903, 20.96486 ], [ 71.53014, 20.9432 ], [ 71.50958, 20.94403 ], [ 71.50819, 20.91624 ], [ 71.49319, 20.91792 ], [ 71.47708, 20.88986 ], [ 71.44847, 20.88153 ], [ 71.43736, 20.86847 ], [ 71.39597, 20.86514 ], [ 71.37209, 20.85347 ], [ 71.32264, 20.84625 ], [ 71.23347, 20.80485 ], [ 71.21069, 20.80264 ], [ 71.20208, 20.78847 ], [ 71.16097, 20.78097 ], [ 71.14903, 20.75736 ], [ 71.11181, 20.76069 ], [ 71.08598, 20.75625 ], [ 71.08041, 20.73819 ], [ 71.05125, 20.73181 ], [ 71.03486, 20.73931 ], [ 70.99819, 20.74042 ], [ 70.99125, 20.74597 ], [ 70.96264, 20.72938 ], [ 70.94855, 20.73374 ], [ 70.92966, 20.73192 ], [ 70.90488, 20.72653 ], [ 70.89208, 20.70819 ], [ 70.88853, 20.70903 ], [ 70.87375, 20.70983 ], [ 70.87375, 20.72708 ], [ 70.85442, 20.75347 ], [ 70.86372, 20.76366 ], [ 70.8629, 20.78176 ], [ 70.89385, 20.7947 ], [ 70.89725, 20.81619 ], [ 70.89056, 20.83293 ], [ 70.85028, 20.8315 ], [ 70.83792, 20.83664 ], [ 70.84053, 20.85778 ], [ 70.88435, 20.87324 ], [ 70.90024, 20.8857 ], [ 70.90161, 20.90333 ], [ 70.88969, 20.93585 ], [ 70.8802, 20.95538 ], [ 70.8621, 20.96079 ], [ 70.8513, 20.96313 ], [ 70.84602, 20.97055 ], [ 70.82499, 20.9604 ], [ 70.80789, 20.96444 ], [ 70.79353, 20.95945 ], [ 70.77927, 20.96701 ], [ 70.77303, 20.96117 ], [ 70.76803, 20.96196 ], [ 70.75554, 20.97384 ], [ 70.74166, 20.9901 ], [ 70.73385, 20.98844 ], [ 70.7404, 20.97683 ], [ 70.73072, 20.96014 ], [ 70.71938, 20.93695 ], [ 70.71758, 20.91213 ], [ 70.69417, 20.88296 ], [ 70.67903, 20.84404 ], [ 70.67632, 20.81882 ], [ 70.68197, 20.80111 ], [ 70.68295, 20.78413 ], [ 70.67522, 20.77047 ], [ 70.67677, 20.76864 ], [ 70.67152, 20.76097 ], [ 70.64514, 20.7632 ], [ 70.58542, 20.78153 ], [ 70.55042, 20.80458 ], [ 70.50097, 20.82347 ], [ 70.47514, 20.84098 ], [ 70.46291, 20.84125 ], [ 70.42542, 20.86292 ], [ 70.39347, 20.89431 ], [ 70.36486, 20.90069 ], [ 70.25819, 20.97264 ], [ 70.14208, 21.06931 ], [ 70.13403, 21.07986 ], [ 70.09959, 21.10458 ], [ 70.06042, 21.14236 ], [ 70.0293, 21.17847 ], [ 70.00681, 21.19875 ], [ 69.92292, 21.29181 ], [ 69.88097, 21.34125 ], [ 69.76986, 21.46708 ], [ 69.71291, 21.52847 ], [ 69.72931, 21.54292 ], [ 69.72569, 21.55542 ], [ 69.74653, 21.56236 ], [ 69.76431, 21.57875 ], [ 69.76347, 21.59569 ], [ 69.75069, 21.61042 ], [ 69.74375, 21.63597 ], [ 69.72459, 21.63236 ], [ 69.69763, 21.64431 ], [ 69.69153, 21.62959 ], [ 69.71236, 21.60986 ], [ 69.70458, 21.58958 ], [ 69.72486, 21.56986 ], [ 69.7157, 21.54042 ], [ 69.70625, 21.53875 ], [ 69.67319, 21.56514 ], [ 69.60208, 21.63736 ], [ 69.58403, 21.63792 ], [ 69.53152, 21.6818 ], [ 69.4707, 21.74097 ], [ 69.4343, 21.76569 ], [ 69.4007, 21.79653 ], [ 69.37625, 21.82597 ], [ 69.35208, 21.83875 ], [ 69.25875, 21.91764 ], [ 69.21153, 21.96375 ], [ 69.12569, 22.05486 ], [ 69.08957, 22.09764 ], [ 69.05791, 22.12569 ], [ 69.01598, 22.17514 ], [ 68.98097, 22.21181 ], [ 68.95264, 22.24847 ], [ 68.95653, 22.26069 ], [ 68.93597, 22.31208 ], [ 68.94264, 22.33292 ], [ 68.95514, 22.33514 ], [ 68.9568, 22.36653 ], [ 68.98458, 22.4143 ], [ 69.00792, 22.43986 ], [ 69.07986, 22.47903 ], [ 69.07486, 22.4543 ], [ 69.04403, 22.43125 ], [ 69.06931, 22.39569 ], [ 69.08264, 22.39236 ], [ 69.10958, 22.40986 ], [ 69.12403, 22.39986 ], [ 69.14848, 22.40264 ], [ 69.17069, 22.42208 ], [ 69.19125, 22.42208 ], [ 69.20042, 22.39069 ], [ 69.17875, 22.37598 ], [ 69.16764, 22.34514 ], [ 69.16042, 22.30653 ], [ 69.17069, 22.29319 ], [ 69.20653, 22.26431 ], [ 69.23875, 22.25931 ], [ 69.25708, 22.26903 ], [ 69.29097, 22.27569 ], [ 69.33403, 22.30431 ], [ 69.34014, 22.33042 ], [ 69.36653, 22.32208 ], [ 69.42264, 22.31653 ], [ 69.45486, 22.33542 ], [ 69.46736, 22.33014 ], [ 69.48875, 22.33819 ], [ 69.49014, 22.35569 ], [ 69.52125, 22.3793 ], [ 69.51598, 22.39514 ], [ 69.52292, 22.42653 ], [ 69.55097, 22.40431 ], [ 69.55986, 22.36681 ], [ 69.57569, 22.36847 ], [ 69.60014, 22.34875 ], [ 69.61792, 22.34931 ], [ 69.61681, 22.36681 ], [ 69.6432, 22.35597 ], [ 69.65459, 22.35903 ], [ 69.66402, 22.39375 ], [ 69.69903, 22.39569 ], [ 69.69236, 22.42125 ], [ 69.70208, 22.43403 ], [ 69.69097, 22.45126 ], [ 69.72041, 22.46181 ], [ 69.74097, 22.45736 ], [ 69.74625, 22.42903 ], [ 69.7618, 22.43264 ], [ 69.79264, 22.40347 ], [ 69.80708, 22.40486 ], [ 69.82291, 22.42736 ], [ 69.82848, 22.45153 ], [ 69.84097, 22.45597 ], [ 69.87543, 22.44792 ], [ 69.8943, 22.46542 ], [ 69.91097, 22.4682 ], [ 69.91264, 22.48819 ], [ 69.93486, 22.51264 ], [ 69.94347, 22.5118 ], [ 69.94597, 22.52847 ], [ 69.98319, 22.54375 ], [ 70.04708, 22.55486 ], [ 70.06597, 22.54765 ], [ 70.13764, 22.54819 ], [ 70.16292, 22.55153 ], [ 70.19292, 22.58653 ], [ 70.1993, 22.61736 ], [ 70.21958, 22.63014 ], [ 70.24541, 22.66986 ], [ 70.23875, 22.69625 ], [ 70.25514, 22.70653 ], [ 70.25458, 22.72625 ], [ 70.27153, 22.73347 ], [ 70.30125, 22.75764 ], [ 70.30153, 22.77153 ], [ 70.33903, 22.83041 ], [ 70.34153, 22.84848 ], [ 70.38514, 22.90986 ], [ 70.41042, 22.91986 ], [ 70.42236, 22.93236 ], [ 70.42986, 22.95597 ], [ 70.45597, 22.98708 ], [ 70.47153, 23.01236 ], [ 70.49347, 23.07514 ], [ 70.44625, 23.06514 ], [ 70.42931, 23.05653 ], [ 70.39709, 23.02596 ], [ 70.39347, 22.96319 ], [ 70.38375, 22.94458 ], [ 70.34514, 22.93042 ], [ 70.32208, 22.93681 ], [ 70.30458, 22.95125 ], [ 70.28736, 22.94542 ], [ 70.25181, 22.97264 ], [ 70.22931, 22.97708 ], [ 70.22514, 22.96014 ], [ 70.20875, 22.9518 ], [ 70.17625, 22.95125 ], [ 70.13931, 22.94069 ], [ 70.13208, 22.92458 ], [ 70.10597, 22.90903 ], [ 69.98959, 22.89986 ], [ 69.95125, 22.89292 ], [ 69.90569, 22.86625 ], [ 69.86569, 22.87265 ], [ 69.8168, 22.85208 ], [ 69.79792, 22.85042 ], [ 69.75264, 22.81986 ], [ 69.7468, 22.79375 ], [ 69.71514, 22.75153 ], [ 69.71125, 22.7382 ], [ 69.67347, 22.75708 ], [ 69.62153, 22.76736 ], [ 69.59736, 22.75958 ], [ 69.56819, 22.77042 ], [ 69.55264, 22.78569 ], [ 69.52348, 22.79042 ], [ 69.47375, 22.77347 ], [ 69.44653, 22.78014 ], [ 69.38903, 22.81431 ], [ 69.34681, 22.82042 ], [ 69.31875, 22.83236 ], [ 69.26681, 22.82403 ], [ 69.2232, 22.83597 ], [ 69.19736, 22.83847 ], [ 69.14903, 22.86625 ], [ 69.12681, 22.87542 ], [ 69.10902, 22.89014 ], [ 69.04459, 22.92958 ], [ 68.98764, 22.95597 ], [ 68.94486, 22.98042 ], [ 68.90569, 23.00653 ], [ 68.88458, 23.01542 ], [ 68.81208, 23.0607 ], [ 68.76236, 23.07875 ], [ 68.73708, 23.10097 ], [ 68.68042, 23.13958 ], [ 68.65903, 23.14986 ], [ 68.62653, 23.18681 ], [ 68.58514, 23.22182 ], [ 68.6132, 23.22792 ], [ 68.64069, 23.26653 ], [ 68.63153, 23.29597 ], [ 68.6607, 23.29569 ], [ 68.6357, 23.31653 ], [ 68.63708, 23.34375 ], [ 68.61292, 23.3618 ], [ 68.6057, 23.37986 ], [ 68.59153, 23.37431 ], [ 68.58097, 23.38986 ], [ 68.56736, 23.37847 ], [ 68.55875, 23.42043 ], [ 68.53431, 23.42347 ], [ 68.53125, 23.44792 ], [ 68.50736, 23.46264 ], [ 68.50486, 23.48959 ], [ 68.49181, 23.50264 ], [ 68.49847, 23.51375 ], [ 68.48986, 23.53958 ], [ 68.49514, 23.55625 ], [ 68.48653, 23.59597 ], [ 68.49319, 23.60681 ], [ 68.4893, 23.63514 ], [ 68.50069, 23.65708 ], [ 68.51736, 23.66208 ], [ 68.52792, 23.68847 ], [ 68.54625, 23.69681 ], [ 68.55653, 23.71708 ], [ 68.59514, 23.73181 ], [ 68.60403, 23.74847 ], [ 68.63069, 23.75903 ], [ 68.65986, 23.80347 ], [ 68.68486, 23.82042 ], [ 68.72708, 23.82931 ], [ 68.72903, 23.85486 ], [ 68.67181, 23.86153 ], [ 68.64514, 23.83792 ], [ 68.59708, 23.83958 ], [ 68.57458, 23.82125 ], [ 68.56458, 23.79791 ], [ 68.53458, 23.75653 ], [ 68.52514, 23.75903 ], [ 68.52681, 23.77125 ], [ 68.51625, 23.78319 ], [ 68.51736, 23.79375 ], [ 68.52541, 23.80042 ], [ 68.52292, 23.81708 ], [ 68.5507, 23.84014 ], [ 68.57181, 23.88014 ], [ 68.61347, 23.90319 ], [ 68.61958, 23.91625 ], [ 68.60764, 23.93542 ], [ 68.58736, 23.94069 ], [ 68.58847, 23.92236 ], [ 68.57958, 23.92431 ], [ 68.55959, 23.92375 ], [ 68.55986, 23.93042 ], [ 68.55764, 23.93292 ], [ 68.54459, 23.93514 ], [ 68.53792, 23.94542 ], [ 68.54708, 23.96319 ], [ 68.74924, 23.96205 ], [ 68.75092, 24.0 ], [ 68.75956, 24.03582 ], [ 68.7614, 24.10002 ], [ 68.76412, 24.28412 ], [ 68.77265, 24.29414 ], [ 68.82635, 24.3084 ], [ 68.84031, 24.22819 ], [ 68.84772, 24.20838 ], [ 68.87845, 24.19694 ], [ 68.89795, 24.19886 ], [ 68.92197, 24.25865 ], [ 68.94724, 24.27663 ], [ 68.97057, 24.23753 ], [ 68.98628, 24.22633 ], [ 69.01372, 24.22907 ], [ 69.08544, 24.26828 ], [ 69.11829, 24.26238 ], [ 69.13696, 24.25327 ], [ 69.19977, 24.2352 ], [ 69.22897, 24.25122 ], [ 69.27491, 24.26885 ], [ 69.31027, 24.27669 ], [ 69.36194, 24.26617 ], [ 69.38219, 24.26599 ], [ 69.43158, 24.27365 ], [ 69.50117, 24.25502 ], [ 69.57974, 24.27039 ], [ 69.60068, 24.27785 ], [ 69.61748, 24.26027 ], [ 69.68121, 24.20509 ], [ 69.72458, 24.1751 ], [ 69.82533, 24.16746 ], [ 69.91226, 24.1642 ], [ 69.97868, 24.16505 ], [ 70.02409, 24.16935 ], [ 70.0489, 24.18355 ], [ 70.07731, 24.21564 ], [ 70.1101, 24.2849 ], [ 70.15045, 24.30057 ], [ 70.23706, 24.31727 ], [ 70.29689, 24.33991 ], [ 70.32559, 24.34744 ], [ 70.37032, 24.35345 ], [ 70.45963, 24.38698 ], [ 70.48313, 24.39077 ], [ 70.53156, 24.41004 ], [ 70.57487, 24.42031 ], [ 70.6115, 24.40152 ], [ 70.59205, 24.35863 ], [ 70.57207, 24.34455 ], [ 70.58115, 24.31597 ], [ 70.57349, 24.29816 ], [ 70.58781, 24.2854 ], [ 70.57243, 24.26493 ], [ 70.57425, 24.25233 ], [ 70.59355, 24.24027 ], [ 70.6138, 24.23945 ], [ 70.6553, 24.22509 ], [ 70.72582, 24.22087 ], [ 70.80576, 24.22273 ], [ 70.83719, 24.2345 ], [ 70.85365, 24.24738 ], [ 70.8941, 24.2571 ], [ 70.88514, 24.29075 ], [ 70.92488, 24.31716 ], [ 70.95975, 24.34624 ], [ 70.99843, 24.36057 ], [ 71.01299, 24.34686 ], [ 71.04719, 24.34734 ], [ 71.06784, 24.35709 ], [ 71.08829, 24.38145 ], [ 71.12209, 24.39087 ], [ 71.1341, 24.41381 ], [ 71.11895, 24.43105 ], [ 71.09309, 24.43593 ], [ 71.02858, 24.43338 ], [ 71.00757, 24.44224 ], [ 71.00752, 24.46664 ], [ 71.01534, 24.52277 ], [ 70.99827, 24.54134 ], [ 71.0034, 24.56646 ], [ 71.00056, 24.59921 ], [ 71.02048, 24.63051 ], [ 71.0461, 24.63881 ], [ 71.08496, 24.66142 ], [ 71.10714, 24.68065 ], [ 71.11928, 24.66865 ], [ 71.17165, 24.64886 ], [ 71.20733, 24.63955 ], [ 71.24155, 24.62661 ], [ 71.26096, 24.62053 ], [ 71.29774, 24.60764 ], [ 71.32649, 24.64293 ], [ 71.35671, 24.65405 ], [ 71.36765, 24.62726 ], [ 71.38074, 24.62138 ], [ 71.42231, 24.6381 ], [ 71.45147, 24.65884 ], [ 71.47424, 24.6632 ], [ 71.48832, 24.67385 ], [ 71.53697, 24.67892 ], [ 71.55142, 24.67063 ], [ 71.5831, 24.67653 ], [ 71.59783, 24.66385 ], [ 71.61659, 24.67068 ], [ 71.64494, 24.65254 ], [ 71.66156, 24.63326 ], [ 71.71632, 24.65433 ], [ 71.74577, 24.65428 ], [ 71.78451, 24.66886 ], [ 71.81293, 24.66088 ], [ 71.81738, 24.64588 ], [ 71.81177, 24.62182 ], [ 71.84657, 24.61486 ], [ 71.86868, 24.62348 ], [ 71.86256, 24.64948 ], [ 71.8711, 24.67222 ], [ 71.8938, 24.66575 ], [ 71.9121, 24.6696 ], [ 71.92593, 24.66208 ], [ 71.91879, 24.6462 ], [ 71.93451, 24.62685 ], [ 71.96741, 24.63794 ], [ 71.99339, 24.65671 ], [ 71.99408, 24.67755 ], [ 72.04087, 24.69547 ], [ 72.05249, 24.70579 ], [ 72.08525, 24.69701 ], [ 72.09232, 24.67476 ], [ 72.0849, 24.65275 ], [ 72.11655, 24.63337 ], [ 72.15073, 24.6341 ], [ 72.16167, 24.61581 ], [ 72.1859, 24.60943 ], [ 72.21638, 24.62021 ], [ 72.22999, 24.63288 ], [ 72.24893, 24.62078 ], [ 72.27475, 24.62223 ], [ 72.31506, 24.60887 ], [ 72.3402, 24.62299 ], [ 72.35378, 24.6181 ], [ 72.34222, 24.59352 ], [ 72.31403, 24.58539 ], [ 72.30033, 24.60015 ], [ 72.27671, 24.59918 ], [ 72.251, 24.58016 ], [ 72.27168, 24.55016 ], [ 72.29004, 24.55828 ], [ 72.29512, 24.53844 ], [ 72.33241, 24.54244 ], [ 72.33363, 24.55584 ], [ 72.35793, 24.55251 ], [ 72.38632, 24.50051 ], [ 72.42111, 24.50807 ], [ 72.44249, 24.50425 ], [ 72.44815, 24.49332 ], [ 72.43668, 24.46051 ], [ 72.45624, 24.43813 ], [ 72.46468, 24.40712 ], [ 72.48744, 24.40542 ], [ 72.51, 24.41834 ], [ 72.50056, 24.45029 ], [ 72.54214, 24.50487 ], [ 72.57423, 24.48814 ], [ 72.5885, 24.4725 ], [ 72.65864, 24.45643 ], [ 72.69302, 24.46016 ], [ 72.69347, 24.41928 ], [ 72.70664, 24.39133 ], [ 72.73254, 24.36127 ], [ 72.81535, 24.35819 ], [ 72.82925, 24.36499 ], [ 72.86812, 24.36581 ], [ 72.90056, 24.35145 ], [ 72.92391, 24.32632 ], [ 72.97749, 24.35884 ], [ 72.98748, 24.37511 ], [ 72.96419, 24.39222 ], [ 72.99062, 24.42089 ], [ 72.981, 24.45105 ], [ 73.01279, 24.4824 ], [ 73.02185, 24.46511 ], [ 73.05104, 24.46526 ], [ 73.09438, 24.49473 ], [ 73.10719, 24.45682 ], [ 73.10625, 24.42032 ], [ 73.08496, 24.39447 ], [ 73.1112, 24.3868 ], [ 73.12739, 24.36883 ], [ 73.162, 24.35268 ], [ 73.18018, 24.35067 ], [ 73.21098, 24.37542 ], [ 73.23148, 24.36466 ], [ 73.21106, 24.33423 ], [ 73.18701, 24.33495 ], [ 73.1848, 24.30911 ], [ 73.1733, 24.30105 ], [ 73.14496, 24.30786 ], [ 73.13895, 24.28005 ], [ 73.11607, 24.26259 ], [ 73.09173, 24.22088 ], [ 73.08269, 24.18498 ], [ 73.11651, 24.15286 ], [ 73.1234, 24.1403 ], [ 73.14716, 24.12255 ], [ 73.17173, 24.11132 ], [ 73.2, 24.10839 ], [ 73.22382, 24.09822 ], [ 73.20064, 24.04524 ], [ 73.25254, 24.01112 ], [ 73.27531, 24.02802 ], [ 73.29103, 24.0274 ], [ 73.30682, 24.05145 ], [ 73.32656, 24.0625 ], [ 73.33452, 24.08257 ], [ 73.33518, 24.11511 ], [ 73.36962, 24.11249 ], [ 73.36963, 24.08798 ], [ 73.39659, 24.07253 ], [ 73.41376, 24.05107 ], [ 73.41061, 23.99833 ], [ 73.42146, 23.97467 ], [ 73.42012, 23.9234 ], [ 73.39611, 23.91679 ], [ 73.3865, 23.90577 ], [ 73.35985, 23.85463 ], [ 73.37267, 23.82192 ], [ 73.36113, 23.79165 ], [ 73.3759, 23.76667 ], [ 73.40001, 23.78398 ], [ 73.42049, 23.77933 ], [ 73.43219, 23.76208 ], [ 73.45082, 23.75259 ], [ 73.45493, 23.73972 ], [ 73.47289, 23.72578 ], [ 73.47927, 23.70897 ], [ 73.50192, 23.70665 ], [ 73.51035, 23.69698 ], [ 73.50137, 23.63544 ], [ 73.51349, 23.61681 ], [ 73.52673, 23.61062 ], [ 73.55298, 23.63135 ], [ 73.57075, 23.65351 ], [ 73.61902, 23.65142 ], [ 73.64226, 23.63127 ], [ 73.66074, 23.6229 ], [ 73.64999, 23.60769 ], [ 73.64979, 23.57534 ], [ 73.63826, 23.56255 ], [ 73.637, 23.53113 ], [ 73.65845, 23.51415 ], [ 73.64382, 23.49678 ], [ 73.63275, 23.45239 ], [ 73.65321, 23.44049 ], [ 73.66871, 23.45193 ], [ 73.70422, 23.45578 ], [ 73.71722, 23.41884 ], [ 73.73399, 23.42489 ], [ 73.76472, 23.45858 ], [ 73.78307, 23.43461 ], [ 73.82689, 23.44684 ], [ 73.86676, 23.39577 ], [ 73.87944, 23.36811 ], [ 73.89493, 23.35258 ], [ 73.89427, 23.33714 ], [ 73.9389, 23.34142 ], [ 73.9473, 23.37352 ], [ 73.96247, 23.38139 ], [ 73.98349, 23.35984 ], [ 73.99078, 23.33763 ], [ 74.03266, 23.33235 ], [ 74.03007, 23.31994 ], [ 74.04874, 23.29506 ], [ 74.08974, 23.29799 ], [ 74.10658, 23.29412 ], [ 74.11388, 23.27735 ], [ 74.13611, 23.26472 ], [ 74.13948, 23.22682 ], [ 74.1247, 23.20657 ], [ 74.12702, 23.17885 ], [ 74.14569, 23.17523 ], [ 74.15517, 23.15775 ], [ 74.18299, 23.15222 ], [ 74.18954, 23.17184 ], [ 74.20754, 23.19205 ], [ 74.24978, 23.17843 ], [ 74.27183, 23.15601 ], [ 74.28815, 23.11873 ], [ 74.28254, 23.09501 ], [ 74.31017, 23.07954 ], [ 74.32278, 23.06269 ], [ 74.32772, 23.04269 ], [ 74.3492, 23.03024 ], [ 74.35536, 23.00307 ], [ 74.3708, 22.98005 ], [ 74.34164, 22.96469 ], [ 74.38161, 22.90991 ], [ 74.40038, 22.89938 ], [ 74.4187, 22.91837 ], [ 74.45148, 22.924 ], [ 74.46282, 22.91346 ], [ 74.47892, 22.85864 ], [ 74.46494, 22.81508 ], [ 74.43919, 22.80944 ], [ 74.43923, 22.78555 ], [ 74.40308, 22.73071 ], [ 74.39693, 22.69207 ], [ 74.3849, 22.66957 ], [ 74.38419, 22.64357 ], [ 74.36395, 22.63652 ], [ 74.32808, 22.64421 ], [ 74.29459, 22.64136 ], [ 74.27822, 22.64766 ], [ 74.25642, 22.63568 ], [ 74.25764, 22.62444 ], [ 74.23666, 22.61387 ], [ 74.22623, 22.58503 ], [ 74.21384, 22.56744 ], [ 74.19942, 22.57022 ], [ 74.19171, 22.55335 ], [ 74.15754, 22.53219 ], [ 74.15332, 22.51742 ], [ 74.12761, 22.52438 ], [ 74.08429, 22.54955 ], [ 74.06675, 22.5509 ], [ 74.04464, 22.54212 ], [ 74.04359, 22.51682 ], [ 74.08527, 22.50852 ], [ 74.07809, 22.46564 ], [ 74.10024, 22.46923 ], [ 74.10507, 22.43341 ], [ 74.123, 22.42081 ], [ 74.14075, 22.45388 ], [ 74.15598, 22.43987 ], [ 74.18668, 22.44415 ], [ 74.18271, 22.46453 ], [ 74.20449, 22.46668 ], [ 74.20461, 22.43717 ], [ 74.23726, 22.43934 ], [ 74.26412, 22.42464 ], [ 74.27395, 22.39304 ], [ 74.2402, 22.37682 ], [ 74.22704, 22.35854 ], [ 74.19835, 22.34302 ], [ 74.19106, 22.32193 ], [ 74.13429, 22.33233 ], [ 74.12914, 22.35269 ], [ 74.11196, 22.37161 ], [ 74.09528, 22.36244 ], [ 74.07198, 22.36024 ], [ 74.07597, 22.3413 ], [ 74.06827, 22.33073 ], [ 74.05915, 22.28575 ], [ 74.07827, 22.26825 ], [ 74.07578, 22.22188 ], [ 74.11383, 22.21918 ], [ 74.12278, 22.2129 ], [ 74.12648, 22.16654 ], [ 74.13504, 22.16165 ], [ 74.12663, 22.13212 ], [ 74.13259, 22.09632 ], [ 74.15466, 22.1055 ], [ 74.17021, 22.10133 ], [ 74.16299, 22.06057 ], [ 74.13783, 22.0535 ], [ 74.12513, 22.03589 ], [ 74.10119, 22.01828 ], [ 74.10034, 22.00159 ], [ 74.15385, 21.98642 ], [ 74.14336, 21.96988 ], [ 74.14602, 21.95406 ], [ 74.04667, 21.92281 ], [ 74.02304, 21.90597 ], [ 73.97974, 21.8875 ], [ 73.92193, 21.85658 ], [ 73.89951, 21.85449 ], [ 73.8796, 21.83864 ], [ 73.84152, 21.8385 ], [ 73.81052, 21.82334 ], [ 73.8276, 21.81194 ], [ 73.84295, 21.77213 ], [ 73.83121, 21.76289 ], [ 73.84636, 21.742 ], [ 73.89024, 21.71065 ], [ 73.89636, 21.70028 ], [ 73.8981, 21.66727 ], [ 73.88563, 21.64506 ], [ 73.86025, 21.64185 ], [ 73.84524, 21.63316 ], [ 73.82903, 21.63979 ], [ 73.80013, 21.63464 ], [ 73.78761, 21.62505 ], [ 73.80684, 21.60237 ], [ 73.8245, 21.59829 ], [ 73.83376, 21.55348 ], [ 73.84989, 21.51098 ], [ 73.86079, 21.49582 ], [ 73.93762, 21.52066 ], [ 73.93941, 21.51011 ], [ 73.97446, 21.52408 ], [ 73.98352, 21.54204 ], [ 74.00534, 21.54077 ], [ 74.02556, 21.55262 ], [ 74.04715, 21.54968 ], [ 74.06822, 21.55937 ], [ 74.13609, 21.5567 ], [ 74.18634, 21.5596 ], [ 74.20694, 21.52975 ], [ 74.23811, 21.55012 ], [ 74.25584, 21.53612 ], [ 74.27155, 21.53642 ], [ 74.29171, 21.55878 ], [ 74.31176, 21.56507 ], [ 74.31485, 21.54466 ], [ 74.33552, 21.54023 ], [ 74.32772, 21.49575 ], [ 74.30776, 21.48012 ], [ 74.27225, 21.47562 ], [ 74.26319, 21.4657 ], [ 74.22263, 21.45899 ], [ 74.18554, 21.46702 ], [ 74.16047, 21.45335 ], [ 74.14077, 21.46249 ], [ 74.12082, 21.4497 ], [ 74.08002, 21.4572 ], [ 74.06892, 21.48107 ], [ 74.05717, 21.45571 ], [ 74.05163, 21.42628 ], [ 74.00949, 21.41337 ], [ 73.98156, 21.39733 ], [ 73.96194, 21.39311 ], [ 73.95531, 21.37426 ], [ 73.95701, 21.34445 ], [ 73.94849, 21.29755 ], [ 73.93359, 21.28533 ], [ 73.89199, 21.26241 ], [ 73.85841, 21.26995 ], [ 73.83214, 21.26745 ], [ 73.83635, 21.24234 ], [ 73.82014, 21.22186 ], [ 73.82255, 21.17192 ], [ 73.79631, 21.18173 ], [ 73.77966, 21.16455 ], [ 73.74162, 21.16711 ], [ 73.74797, 21.15153 ], [ 73.73669, 21.13828 ], [ 73.7132, 21.15046 ], [ 73.68131, 21.15212 ], [ 73.6364, 21.13266 ], [ 73.63745, 21.15314 ], [ 73.6197, 21.15795 ], [ 73.60692, 21.17846 ], [ 73.5883, 21.1679 ], [ 73.5888, 21.15419 ], [ 73.61147, 21.15446 ], [ 73.62872, 21.12015 ], [ 73.65773, 21.12105 ], [ 73.69339, 21.10099 ], [ 73.70898, 21.11234 ], [ 73.7358, 21.10323 ], [ 73.74413, 21.08167 ], [ 73.74219, 21.0555 ], [ 73.74761, 21.03998 ], [ 73.76607, 21.04005 ], [ 73.78471, 21.01957 ], [ 73.8077, 21.02256 ], [ 73.81641, 20.99605 ], [ 73.84683, 20.99399 ], [ 73.90645, 20.98315 ], [ 73.89634, 20.933 ], [ 73.91682, 20.91505 ], [ 73.93104, 20.88592 ], [ 73.93106, 20.84839 ], [ 73.9451, 20.84013 ], [ 73.94019, 20.80886 ], [ 73.94057, 20.76886 ], [ 73.94953, 20.74231 ], [ 73.92091, 20.72353 ], [ 73.88886, 20.73108 ], [ 73.87728, 20.72133 ], [ 73.8636, 20.6943 ], [ 73.84276, 20.70212 ], [ 73.82265, 20.69382 ], [ 73.82543, 20.67362 ], [ 73.84151, 20.67514 ], [ 73.84708, 20.65636 ], [ 73.84641, 20.62352 ], [ 73.80596, 20.60152 ], [ 73.78706, 20.60226 ], [ 73.74821, 20.56736 ], [ 73.73766, 20.57399 ], [ 73.70102, 20.57838 ], [ 73.66584, 20.56281 ], [ 73.63677, 20.57929 ], [ 73.62219, 20.6253 ], [ 73.59121, 20.64511 ], [ 73.56294, 20.64739 ], [ 73.54476, 20.6692 ], [ 73.5304, 20.67312 ], [ 73.49844, 20.65342 ], [ 73.48741, 20.67555 ], [ 73.49729, 20.68602 ], [ 73.48261, 20.71723 ], [ 73.45869, 20.71432 ], [ 73.45654, 20.6934 ], [ 73.43992, 20.66484 ], [ 73.40365, 20.65237 ], [ 73.40273, 20.6426 ], [ 73.42764, 20.62449 ], [ 73.44036, 20.59512 ], [ 73.48082, 20.5836 ], [ 73.48585, 20.56405 ], [ 73.4818, 20.54336 ], [ 73.50074, 20.54024 ], [ 73.47227, 20.51405 ], [ 73.47594, 20.49502 ], [ 73.44901, 20.4667 ], [ 73.42289, 20.41433 ], [ 73.39773, 20.39923 ], [ 73.39158, 20.37289 ], [ 73.41479, 20.38157 ], [ 73.4254, 20.33767 ], [ 73.42532, 20.32072 ], [ 73.43694, 20.28212 ], [ 73.42462, 20.27683 ], [ 73.42041, 20.257 ], [ 73.42683, 20.20157 ], [ 73.37595, 20.19497 ], [ 73.31115, 20.20721 ], [ 73.29406, 20.19386 ], [ 73.29363, 20.15388 ], [ 73.26846, 20.13929 ], [ 73.26281, 20.12795 ], [ 73.23668, 20.12972 ], [ 73.21632, 20.122 ] ] ], [ [ [ 70.87041, 20.71872 ], [ 70.84007, 20.73026 ], [ 70.85456, 20.75208 ], [ 70.87041, 20.71872 ] ] ], [ [ [ 72.67653, 21.1557 ], [ 72.70319, 21.14625 ], [ 72.69847, 21.10819 ], [ 72.6757, 21.10514 ], [ 72.66486, 21.14847 ], [ 72.67653, 21.1557 ] ] ], [ [ [ 72.72264, 21.66597 ], [ 72.74597, 21.65875 ], [ 72.74597, 21.6468 ], [ 72.7218, 21.64319 ], [ 72.72264, 21.66597 ] ] ], [ [ [ 69.62764, 22.45958 ], [ 69.64264, 22.45097 ], [ 69.6543, 22.43125 ], [ 69.63653, 22.40653 ], [ 69.59597, 22.42458 ], [ 69.59402, 22.4457 ], [ 69.62764, 22.45958 ] ] ], [ [ [ 69.30209, 22.47403 ], [ 69.32792, 22.46347 ], [ 69.32042, 22.45097 ], [ 69.29347, 22.46042 ], [ 69.30209, 22.47403 ] ] ], [ [ [ 69.32429, 22.52764 ], [ 69.35125, 22.52654 ], [ 69.3632, 22.51153 ], [ 69.34708, 22.50403 ], [ 69.3157, 22.51986 ], [ 69.32429, 22.52764 ] ] ], [ [ [ 69.91875, 22.5532 ], [ 69.93181, 22.54542 ], [ 69.94153, 22.51792 ], [ 69.9157, 22.51181 ], [ 69.89514, 22.51236 ], [ 69.89986, 22.54514 ], [ 69.91875, 22.5532 ] ] ], [ [ [ 70.00903, 22.5932 ], [ 70.02486, 22.58625 ], [ 70.02708, 22.56792 ], [ 70.00792, 22.55403 ], [ 69.96375, 22.54542 ], [ 69.9568, 22.56069 ], [ 69.96653, 22.57847 ], [ 70.00903, 22.5932 ] ] ], [ [ [ 70.44847, 23.05208 ], [ 70.43764, 23.02069 ], [ 70.42458, 22.99958 ], [ 70.41319, 23.01653 ], [ 70.44847, 23.05208 ] ] ], [ [ [ 68.5582, 23.31375 ], [ 68.56458, 23.30209 ], [ 68.60709, 23.29847 ], [ 68.61486, 23.27375 ], [ 68.57236, 23.26097 ], [ 68.56902, 23.25014 ], [ 68.54041, 23.26653 ], [ 68.54097, 23.28514 ], [ 68.5582, 23.31375 ] ] ], [ [ [ 68.50597, 23.34236 ], [ 68.52764, 23.33708 ], [ 68.5357, 23.31653 ], [ 68.51153, 23.31847 ], [ 68.50597, 23.34236 ] ] ], [ [ [ 68.58903, 23.37431 ], [ 68.61653, 23.34708 ], [ 68.59431, 23.33875 ], [ 68.57069, 23.37375 ], [ 68.58903, 23.37431 ] ] ], [ [ [ 68.50681, 23.45654 ], [ 68.52069, 23.43681 ], [ 68.5043, 23.43097 ], [ 68.50681, 23.45654 ] ] ], [ [ [ 68.47286, 23.48042 ], [ 68.49458, 23.45736 ], [ 68.48542, 23.40458 ], [ 68.4668, 23.40597 ], [ 68.45959, 23.43292 ], [ 68.46181, 23.45348 ], [ 68.43514, 23.44125 ], [ 68.44403, 23.46653 ], [ 68.47286, 23.48042 ] ] ], [ [ [ 68.48209, 23.59681 ], [ 68.48542, 23.57514 ], [ 68.46625, 23.55153 ], [ 68.44209, 23.53486 ], [ 68.4343, 23.55458 ], [ 68.45097, 23.56514 ], [ 68.46792, 23.59153 ], [ 68.48209, 23.59681 ] ] ], [ [ [ 68.45625, 23.62486 ], [ 68.46653, 23.60208 ], [ 68.44097, 23.60347 ], [ 68.43459, 23.61569 ], [ 68.45625, 23.62486 ] ] ], [ [ [ 68.35847, 23.80514 ], [ 68.39792, 23.78486 ], [ 68.42597, 23.79597 ], [ 68.4157, 23.75347 ], [ 68.41846, 23.72875 ], [ 68.39069, 23.65486 ], [ 68.35875, 23.62764 ], [ 68.3468, 23.59819 ], [ 68.29486, 23.57875 ], [ 68.26403, 23.60236 ], [ 68.21985, 23.59125 ], [ 68.19542, 23.60375 ], [ 68.18625, 23.62431 ], [ 68.20736, 23.64181 ], [ 68.2693, 23.64986 ], [ 68.28125, 23.66986 ], [ 68.31236, 23.70236 ], [ 68.31458, 23.71431 ], [ 68.33903, 23.73292 ], [ 68.33486, 23.75875 ], [ 68.35847, 23.80514 ] ] ], [ [ [ 68.30791, 23.82375 ], [ 68.32181, 23.80319 ], [ 68.31541, 23.76458 ], [ 68.3243, 23.73431 ], [ 68.29986, 23.72847 ], [ 68.26764, 23.70486 ], [ 68.25736, 23.71597 ], [ 68.26542, 23.7268 ], [ 68.26875, 23.75154 ], [ 68.26431, 23.75986 ], [ 68.27792, 23.79681 ], [ 68.29764, 23.80375 ], [ 68.29459, 23.81931 ], [ 68.30791, 23.82375 ] ] ], [ [ [ 68.49653, 23.83097 ], [ 68.50847, 23.8257 ], [ 68.52292, 23.80375 ], [ 68.51236, 23.78875 ], [ 68.51569, 23.77931 ], [ 68.52209, 23.77514 ], [ 68.51708, 23.75514 ], [ 68.48764, 23.73708 ], [ 68.46458, 23.74347 ], [ 68.43708, 23.7432 ], [ 68.45625, 23.77403 ], [ 68.44764, 23.80597 ], [ 68.45764, 23.81736 ], [ 68.49653, 23.83097 ] ] ], [ [ [ 68.39569, 23.8782 ], [ 68.41681, 23.8707 ], [ 68.43875, 23.8343 ], [ 68.42486, 23.81014 ], [ 68.40014, 23.78958 ], [ 68.37875, 23.79542 ], [ 68.36958, 23.80959 ], [ 68.35375, 23.81069 ], [ 68.34264, 23.83653 ], [ 68.37375, 23.85957 ], [ 68.37681, 23.87292 ], [ 68.39569, 23.8782 ] ] ], [ [ [ 68.24819, 23.88042 ], [ 68.25097, 23.86208 ], [ 68.23347, 23.84236 ], [ 68.21597, 23.84763 ], [ 68.2168, 23.86764 ], [ 68.24819, 23.88042 ] ] ], [ [ [ 68.4493, 23.93847 ], [ 68.45597, 23.93431 ], [ 68.44847, 23.89292 ], [ 68.45208, 23.88181 ], [ 68.42736, 23.86514 ], [ 68.41708, 23.87236 ], [ 68.39569, 23.87958 ], [ 68.37847, 23.87625 ], [ 68.37292, 23.86875 ], [ 68.37236, 23.85957 ], [ 68.3557, 23.85986 ], [ 68.35042, 23.89125 ], [ 68.35597, 23.90292 ], [ 68.38625, 23.90625 ], [ 68.42014, 23.92097 ], [ 68.42736, 23.93347 ], [ 68.4493, 23.93847 ] ] ], [ [ [ 68.53542, 23.94597 ], [ 68.54236, 23.93375 ], [ 68.55708, 23.9318 ], [ 68.55903, 23.92847 ], [ 68.55847, 23.92319 ], [ 68.56153, 23.92264 ], [ 68.58791, 23.92153 ], [ 68.53931, 23.86847 ], [ 68.52069, 23.85681 ], [ 68.49042, 23.86736 ], [ 68.48681, 23.89097 ], [ 68.51347, 23.90319 ], [ 68.53042, 23.91708 ], [ 68.53542, 23.94597 ] ] ], [ [ [ 68.48209, 23.99264 ], [ 68.50181, 23.97264 ], [ 68.4957, 23.95958 ], [ 68.51736, 23.94208 ], [ 68.51847, 23.92431 ], [ 68.48542, 23.89903 ], [ 68.47292, 23.86293 ], [ 68.44403, 23.84847 ], [ 68.43125, 23.8532 ], [ 68.45375, 23.88181 ], [ 68.4557, 23.92875 ], [ 68.46069, 23.93347 ], [ 68.44764, 23.93958 ], [ 68.42819, 23.93792 ], [ 68.44764, 23.98069 ], [ 68.4632, 23.99208 ], [ 68.48209, 23.99264 ] ] ], [ [ [ 68.43014, 23.99542 ], [ 68.43682, 23.98764 ], [ 68.43208, 23.95958 ], [ 68.41875, 23.93403 ], [ 68.40264, 23.92069 ], [ 68.35042, 23.90847 ], [ 68.34236, 23.88986 ], [ 68.34736, 23.85957 ], [ 68.33625, 23.83876 ], [ 68.33764, 23.81931 ], [ 68.31458, 23.82403 ], [ 68.30625, 23.82514 ], [ 68.29403, 23.82069 ], [ 68.29569, 23.80431 ], [ 68.27431, 23.79736 ], [ 68.26208, 23.76014 ], [ 68.26569, 23.7457 ], [ 68.25542, 23.71181 ], [ 68.26708, 23.69569 ], [ 68.25596, 23.67958 ], [ 68.23847, 23.68097 ], [ 68.20764, 23.70681 ], [ 68.19264, 23.73097 ], [ 68.2057, 23.75486 ], [ 68.22598, 23.76264 ], [ 68.2093, 23.81097 ], [ 68.21597, 23.83625 ], [ 68.23458, 23.83597 ], [ 68.2543, 23.85875 ], [ 68.25847, 23.88042 ], [ 68.27541, 23.89847 ], [ 68.28347, 23.92042 ], [ 68.32625, 23.9143 ], [ 68.34236, 23.92458 ], [ 68.34764, 23.96292 ], [ 68.37431, 23.98431 ], [ 68.38736, 23.96486 ], [ 68.39986, 23.96764 ], [ 68.43014, 23.99542 ] ] ] ] } },
{ "type": "Feature", "properties": { "source": "https://simplemaps.com", "id": "INHR", "name": "Haryana" }, "geometry": { "type": "MultiPolygon", "coordinates": [ [ [ [ 76.81981, 30.68583 ], [ 76.82111, 30.69678 ], [ 76.8363, 30.71427 ], [ 76.82481, 30.73082 ], [ 76.82819, 30.76379 ], [ 76.84679, 30.79252 ], [ 76.83351, 30.80457 ], [ 76.82775, 30.83257 ], [ 76.80122, 30.84252 ], [ 76.76904, 30.87653 ], [ 76.76254, 30.89341 ], [ 76.76986, 30.90639 ], [ 76.81019, 30.93038 ], [ 76.8098, 30.9068 ], [ 76.82266, 30.8881 ], [ 76.85243, 30.87069 ], [ 76.90216, 30.89723 ], [ 76.92661, 30.85444 ], [ 76.92751, 30.83735 ], [ 76.94283, 30.82919 ], [ 76.95375, 30.81121 ], [ 76.96864, 30.80796 ], [ 76.99796, 30.81429 ], [ 77.00003, 30.78902 ], [ 76.9886, 30.77707 ], [ 77.00446, 30.76635 ], [ 77.0131, 30.74221 ], [ 77.04706, 30.74867 ], [ 77.07684, 30.74476 ], [ 77.10235, 30.73078 ], [ 77.12512, 30.7071 ], [ 77.15353, 30.68872 ], [ 77.15273, 30.6542 ], [ 77.16236, 30.63865 ], [ 77.15749, 30.59955 ], [ 77.13985, 30.5832 ], [ 77.1115, 30.56729 ], [ 77.12234, 30.54823 ], [ 77.13758, 30.53858 ], [ 77.18535, 30.52588 ], [ 77.19966, 30.5066 ], [ 77.20261, 30.48034 ], [ 77.22677, 30.48861 ], [ 77.25178, 30.48441 ], [ 77.26358, 30.46667 ], [ 77.3107, 30.45362 ], [ 77.32239, 30.46212 ], [ 77.34608, 30.4619 ], [ 77.3568, 30.44206 ], [ 77.38039, 30.44614 ], [ 77.39546, 30.42094 ], [ 77.4262, 30.44112 ], [ 77.44569, 30.46567 ], [ 77.45335, 30.44036 ], [ 77.43972, 30.4244 ], [ 77.43495, 30.40367 ], [ 77.46098, 30.40538 ], [ 77.49135, 30.41735 ], [ 77.49294, 30.43305 ], [ 77.50985, 30.44883 ], [ 77.52577, 30.41714 ], [ 77.54289, 30.39723 ], [ 77.57489, 30.38452 ], [ 77.59202, 30.37086 ], [ 77.56989, 30.33711 ], [ 77.57035, 30.31123 ], [ 77.53218, 30.28686 ], [ 77.51984, 30.26013 ], [ 77.49599, 30.23363 ], [ 77.47327, 30.18859 ], [ 77.44685, 30.16861 ], [ 77.42355, 30.16848 ], [ 77.41083, 30.14588 ], [ 77.41419, 30.11111 ], [ 77.39246, 30.09441 ], [ 77.37343, 30.09302 ], [ 77.33174, 30.06445 ], [ 77.29759, 30.06032 ], [ 77.27041, 30.04834 ], [ 77.27314, 30.03404 ], [ 77.25047, 29.98845 ], [ 77.20257, 29.93109 ], [ 77.18913, 29.92204 ], [ 77.17956, 29.90227 ], [ 77.18246, 29.87328 ], [ 77.16759, 29.84639 ], [ 77.16904, 29.82958 ], [ 77.15565, 29.81679 ], [ 77.15238, 29.79328 ], [ 77.11829, 29.77555 ], [ 77.11295, 29.7486 ], [ 77.14021, 29.71727 ], [ 77.1426, 29.70164 ], [ 77.12553, 29.69691 ], [ 77.11998, 29.68026 ], [ 77.12942, 29.65859 ], [ 77.1097, 29.64724 ], [ 77.08562, 29.6008 ], [ 77.10198, 29.577 ], [ 77.10972, 29.55299 ], [ 77.08491, 29.53359 ], [ 77.09761, 29.51201 ], [ 77.11452, 29.50316 ], [ 77.12332, 29.48606 ], [ 77.11784, 29.45646 ], [ 77.13939, 29.4421 ], [ 77.12488, 29.42217 ], [ 77.13865, 29.38391 ], [ 77.11694, 29.37668 ], [ 77.12003, 29.34979 ], [ 77.14645, 29.34506 ], [ 77.15421, 29.31692 ], [ 77.12949, 29.27279 ], [ 77.1428, 29.23779 ], [ 77.12722, 29.22814 ], [ 77.13999, 29.18208 ], [ 77.12662, 29.15402 ], [ 77.13858, 29.13477 ], [ 77.12438, 29.10149 ], [ 77.15719, 29.07753 ], [ 77.16264, 29.04857 ], [ 77.1916, 29.02129 ], [ 77.21419, 29.00596 ], [ 77.19096, 28.96165 ], [ 77.19079, 28.94686 ], [ 77.20537, 28.93646 ], [ 77.19677, 28.92093 ], [ 77.21687, 28.90034 ], [ 77.18177, 28.8898 ], [ 77.18687, 28.86682 ], [ 77.18364, 28.8623 ], [ 77.16459, 28.86063 ], [ 77.15065, 28.84845 ], [ 77.13559, 28.85269 ], [ 77.12854, 28.86539 ], [ 77.1097, 28.86613 ], [ 77.09946, 28.87244 ], [ 77.08335, 28.87462 ], [ 77.04976, 28.87319 ], [ 77.03767, 28.85278 ], [ 77.03154, 28.83679 ], [ 77.00663, 28.83526 ], [ 76.9835, 28.83908 ], [ 76.97955, 28.8367 ], [ 76.95801, 28.83033 ], [ 76.94823, 28.81766 ], [ 76.93747, 28.8035 ], [ 76.94309, 28.79512 ], [ 76.94657, 28.77403 ], [ 76.93821, 28.75962 ], [ 76.95032, 28.74665 ], [ 76.94126, 28.71703 ], [ 76.95, 28.69413 ], [ 76.94725, 28.67716 ], [ 76.94255, 28.67511 ], [ 76.9231, 28.66921 ], [ 76.91821, 28.65327 ], [ 76.91035, 28.63783 ], [ 76.89368, 28.63275 ], [ 76.87794, 28.63763 ], [ 76.85481, 28.59235 ], [ 76.83503, 28.5914 ], [ 76.83292, 28.58251 ], [ 76.83762, 28.55699 ], [ 76.85921, 28.54192 ], [ 76.87946, 28.524 ], [ 76.87937, 28.50905 ], [ 76.89372, 28.51614 ], [ 76.90848, 28.51491 ], [ 76.93322, 28.51604 ], [ 76.94463, 28.51363 ], [ 76.97653, 28.52381 ], [ 77.00555, 28.51444 ], [ 77.0114, 28.52411 ], [ 77.00021, 28.542 ], [ 77.01566, 28.53332 ], [ 77.01964, 28.53327 ], [ 77.04166, 28.51896 ], [ 77.04877, 28.51524 ], [ 77.05696, 28.51386 ], [ 77.07248, 28.52028 ], [ 77.09032, 28.50545 ], [ 77.10767, 28.49387 ], [ 77.10334, 28.48311 ], [ 77.11251, 28.45023 ], [ 77.13139, 28.4387 ], [ 77.15186, 28.42832 ], [ 77.16577, 28.40846 ], [ 77.19522, 28.41253 ], [ 77.21531, 28.41574 ], [ 77.24062, 28.42886 ], [ 77.24328, 28.44749 ], [ 77.22575, 28.46401 ], [ 77.2324, 28.4758 ], [ 77.25397, 28.48554 ], [ 77.27805, 28.49815 ], [ 77.30095, 28.49012 ], [ 77.31488, 28.49457 ], [ 77.32899, 28.50832 ], [ 77.33774, 28.50897 ], [ 77.36048, 28.49786 ], [ 77.37601, 28.47616 ], [ 77.3979, 28.47117 ], [ 77.3978, 28.45864 ], [ 77.42578, 28.45454 ], [ 77.436, 28.43161 ], [ 77.47456, 28.41351 ], [ 77.46954, 28.3943 ], [ 77.48589, 28.3797 ], [ 77.49424, 28.35826 ], [ 77.46641, 28.34121 ], [ 77.49579, 28.30704 ], [ 77.49274, 28.28063 ], [ 77.47225, 28.28121 ], [ 77.4673, 28.26972 ], [ 77.51225, 28.25433 ], [ 77.53878, 28.25441 ], [ 77.53562, 28.24052 ], [ 77.51558, 28.22976 ], [ 77.52328, 28.20717 ], [ 77.53795, 28.19089 ], [ 77.53177, 28.17026 ], [ 77.49891, 28.16301 ], [ 77.4994, 28.12259 ], [ 77.47307, 28.10372 ], [ 77.46887, 28.08601 ], [ 77.4829, 28.06071 ], [ 77.47764, 28.0491 ], [ 77.50652, 28.02234 ], [ 77.51189, 28.01025 ], [ 77.53522, 27.99333 ], [ 77.50958, 27.97333 ], [ 77.53592, 27.96555 ], [ 77.53613, 27.9493 ], [ 77.51921, 27.93188 ], [ 77.46873, 27.93291 ], [ 77.47462, 27.91206 ], [ 77.46982, 27.89473 ], [ 77.4422, 27.87848 ], [ 77.4222, 27.89448 ], [ 77.40155, 27.8819 ], [ 77.41239, 27.85907 ], [ 77.37389, 27.8637 ], [ 77.33933, 27.85959 ], [ 77.31293, 27.83005 ], [ 77.27578, 27.80655 ], [ 77.23456, 27.78581 ], [ 77.22215, 27.79765 ], [ 77.18894, 27.79843 ], [ 77.17238, 27.81632 ], [ 77.14973, 27.81243 ], [ 77.14728, 27.78666 ], [ 77.10117, 27.78549 ], [ 77.07241, 27.80952 ], [ 77.03828, 27.82004 ], [ 77.02305, 27.78719 ], [ 77.0501, 27.76104 ], [ 77.0707, 27.75884 ], [ 77.07797, 27.73734 ], [ 77.05321, 27.72786 ], [ 77.03197, 27.74841 ], [ 76.99438, 27.74204 ], [ 76.9791, 27.70616 ], [ 76.9705, 27.65714 ], [ 76.9342, 27.6751 ], [ 76.90948, 27.6568 ], [ 76.89165, 27.67989 ], [ 76.91457, 27.70082 ], [ 76.88854, 27.71955 ], [ 76.89561, 27.78614 ], [ 76.9066, 27.80766 ], [ 76.90038, 27.82115 ], [ 76.90788, 27.83592 ], [ 76.92664, 27.83422 ], [ 76.92991, 27.85523 ], [ 76.92609, 27.89442 ], [ 76.93818, 27.89599 ], [ 76.93882, 27.91903 ], [ 76.9191, 27.92486 ], [ 76.92493, 27.97836 ], [ 76.91865, 27.99761 ], [ 76.93186, 28.04202 ], [ 76.94656, 28.07134 ], [ 76.96176, 28.14401 ], [ 76.94174, 28.1487 ], [ 76.88405, 28.19166 ], [ 76.89985, 28.20477 ], [ 76.86618, 28.21152 ], [ 76.86363, 28.22464 ], [ 76.83343, 28.22485 ], [ 76.8056, 28.20038 ], [ 76.79025, 28.19376 ], [ 76.79614, 28.17048 ], [ 76.79149, 28.15724 ], [ 76.75508, 28.14661 ], [ 76.73913, 28.12904 ], [ 76.70996, 28.13236 ], [ 76.68218, 28.09777 ], [ 76.64785, 28.09221 ], [ 76.65099, 28.04446 ], [ 76.66007, 28.01905 ], [ 76.63688, 28.01066 ], [ 76.59897, 28.00984 ], [ 76.54659, 27.97137 ], [ 76.53104, 27.97933 ], [ 76.53855, 28.0167 ], [ 76.53852, 28.03912 ], [ 76.51141, 28.03536 ], [ 76.49222, 28.0471 ], [ 76.45574, 28.04648 ], [ 76.45798, 28.06197 ], [ 76.48382, 28.05828 ], [ 76.49766, 28.06473 ], [ 76.46989, 28.08632 ], [ 76.44857, 28.09317 ], [ 76.45689, 28.11039 ], [ 76.4978, 28.10662 ], [ 76.48972, 28.13368 ], [ 76.47234, 28.1496 ], [ 76.43713, 28.15215 ], [ 76.42729, 28.14594 ], [ 76.39704, 28.14779 ], [ 76.37677, 28.13807 ], [ 76.35983, 28.14338 ], [ 76.35325, 28.16619 ], [ 76.33591, 28.17734 ], [ 76.30872, 28.18336 ], [ 76.27907, 28.17872 ], [ 76.27818, 28.16857 ], [ 76.32275, 28.14922 ], [ 76.35561, 28.12845 ], [ 76.33189, 28.10672 ], [ 76.30803, 28.11128 ], [ 76.33735, 28.07306 ], [ 76.35329, 28.06557 ], [ 76.3368, 28.02966 ], [ 76.3166, 28.02099 ], [ 76.29012, 28.0299 ], [ 76.29008, 28.04911 ], [ 76.27179, 28.06639 ], [ 76.2511, 28.07092 ], [ 76.23337, 28.05642 ], [ 76.17734, 28.05926 ], [ 76.17689, 28.04896 ], [ 76.20346, 28.03036 ], [ 76.17426, 28.02191 ], [ 76.15387, 27.99253 ], [ 76.17947, 27.97284 ], [ 76.16975, 27.90975 ], [ 76.19864, 27.89899 ], [ 76.19032, 27.88158 ], [ 76.19311, 27.86391 ], [ 76.20595, 27.84799 ], [ 76.17292, 27.80746 ], [ 76.12777, 27.8332 ], [ 76.12214, 27.8544 ], [ 76.08807, 27.86845 ], [ 76.08009, 27.85107 ], [ 76.06003, 27.85718 ], [ 76.04963, 27.84786 ], [ 76.00931, 27.86261 ], [ 75.97545, 27.86463 ], [ 75.97739, 27.90926 ], [ 75.95589, 27.91955 ], [ 75.92883, 27.91681 ], [ 75.92362, 27.93309 ], [ 75.94461, 27.94009 ], [ 75.96317, 27.93695 ], [ 75.96833, 27.96231 ], [ 75.98691, 27.98463 ], [ 75.95547, 27.98864 ], [ 75.9564, 28.00102 ], [ 75.97268, 28.01814 ], [ 75.97436, 28.03694 ], [ 76.01008, 28.03671 ], [ 76.01667, 28.05611 ], [ 76.03312, 28.06865 ], [ 76.01486, 28.08108 ], [ 76.00192, 28.06073 ], [ 75.97707, 28.08418 ], [ 75.95897, 28.08406 ], [ 75.93609, 28.09353 ], [ 75.9425, 28.10563 ], [ 75.97707, 28.1272 ], [ 75.99111, 28.12818 ], [ 75.99467, 28.1506 ], [ 76.02775, 28.17272 ], [ 76.06635, 28.16777 ], [ 76.06506, 28.14447 ], [ 76.0832, 28.14225 ], [ 76.09289, 28.15522 ], [ 76.07481, 28.17243 ], [ 76.06561, 28.19895 ], [ 76.04507, 28.20293 ], [ 76.05301, 28.22423 ], [ 76.01119, 28.24175 ], [ 76.0074, 28.25315 ], [ 76.01872, 28.28096 ], [ 75.98657, 28.29589 ], [ 75.95631, 28.33837 ], [ 75.92741, 28.3451 ], [ 75.92238, 28.36891 ], [ 75.87213, 28.39085 ], [ 75.83508, 28.3977 ], [ 75.82824, 28.40907 ], [ 75.80259, 28.41423 ], [ 75.78759, 28.40444 ], [ 75.77032, 28.40762 ], [ 75.76545, 28.42078 ], [ 75.78513, 28.43921 ], [ 75.77823, 28.45761 ], [ 75.735, 28.47264 ], [ 75.73655, 28.4872 ], [ 75.69008, 28.4991 ], [ 75.66393, 28.52086 ], [ 75.66549, 28.53328 ], [ 75.6291, 28.54597 ], [ 75.61905, 28.58873 ], [ 75.60934, 28.60588 ], [ 75.58495, 28.60638 ], [ 75.577, 28.61667 ], [ 75.55571, 28.61459 ], [ 75.54901, 28.64312 ], [ 75.53957, 28.64887 ], [ 75.53094, 28.73282 ], [ 75.51608, 28.77223 ], [ 75.49854, 28.78766 ], [ 75.51337, 28.83659 ], [ 75.48799, 28.85965 ], [ 75.48843, 28.89832 ], [ 75.46708, 28.92625 ], [ 75.46889, 28.93799 ], [ 75.49757, 28.94149 ], [ 75.50294, 28.96148 ], [ 75.51652, 28.97539 ], [ 75.5111, 29.01083 ], [ 75.47343, 29.0202 ], [ 75.43474, 29.01654 ], [ 75.44056, 29.04152 ], [ 75.43026, 29.06472 ], [ 75.38065, 29.07032 ], [ 75.3807, 29.11072 ], [ 75.39621, 29.12844 ], [ 75.36115, 29.14262 ], [ 75.36896, 29.16996 ], [ 75.38857, 29.1707 ], [ 75.40065, 29.18891 ], [ 75.3873, 29.22904 ], [ 75.39937, 29.24027 ], [ 75.39571, 29.26194 ], [ 75.37955, 29.26393 ], [ 75.35017, 29.24738 ], [ 75.34531, 29.22616 ], [ 75.31493, 29.23596 ], [ 75.32318, 29.25175 ], [ 75.32537, 29.27831 ], [ 75.31927, 29.29344 ], [ 75.27672, 29.27345 ], [ 75.27173, 29.25437 ], [ 75.23523, 29.25194 ], [ 75.22346, 29.23495 ], [ 75.19531, 29.24422 ], [ 75.17999, 29.26862 ], [ 75.16402, 29.26438 ], [ 75.14748, 29.24585 ], [ 75.11375, 29.2429 ], [ 75.10818, 29.22677 ], [ 75.07808, 29.23245 ], [ 75.05094, 29.26371 ], [ 75.03992, 29.28715 ], [ 75.02386, 29.29153 ], [ 74.99104, 29.27175 ], [ 74.97691, 29.28112 ], [ 74.95311, 29.28194 ], [ 74.94011, 29.30482 ], [ 74.95057, 29.31851 ], [ 74.93592, 29.33795 ], [ 74.92715, 29.36464 ], [ 74.88848, 29.38667 ], [ 74.87058, 29.38511 ], [ 74.84952, 29.40279 ], [ 74.80955, 29.39848 ], [ 74.77592, 29.36015 ], [ 74.7317, 29.35379 ], [ 74.71124, 29.36891 ], [ 74.68868, 29.36516 ], [ 74.65018, 29.37237 ], [ 74.64182, 29.3312 ], [ 74.59578, 29.32831 ], [ 74.60004, 29.35433 ], [ 74.5729, 29.38645 ], [ 74.57003, 29.40616 ], [ 74.55217, 29.4224 ], [ 74.5313, 29.42498 ], [ 74.53463, 29.46503 ], [ 74.57891, 29.45862 ], [ 74.59266, 29.49212 ], [ 74.61169, 29.52001 ], [ 74.61143, 29.5315 ], [ 74.57175, 29.55558 ], [ 74.57028, 29.58592 ], [ 74.57536, 29.62732 ], [ 74.58604, 29.63526 ], [ 74.57852, 29.65475 ], [ 74.60348, 29.72143 ], [ 74.6054, 29.75288 ], [ 74.59254, 29.76672 ], [ 74.5714, 29.75325 ], [ 74.53779, 29.75386 ], [ 74.52583, 29.74137 ], [ 74.472, 29.74403 ], [ 74.46526, 29.78755 ], [ 74.47057, 29.802 ], [ 74.49167, 29.82651 ], [ 74.53253, 29.83928 ], [ 74.55357, 29.86564 ], [ 74.53369, 29.90262 ], [ 74.50503, 29.90776 ], [ 74.51907, 29.94335 ], [ 74.57295, 29.92589 ], [ 74.5858, 29.91476 ], [ 74.63963, 29.90395 ], [ 74.63986, 29.92249 ], [ 74.68096, 29.94919 ], [ 74.6955, 29.97153 ], [ 74.72401, 29.96186 ], [ 74.73724, 29.96905 ], [ 74.77599, 29.9744 ], [ 74.80118, 29.99257 ], [ 74.82139, 29.97305 ], [ 74.84963, 29.95913 ], [ 74.87196, 29.95913 ], [ 74.92409, 29.94153 ], [ 74.94318, 29.90254 ], [ 74.96989, 29.88992 ], [ 74.96947, 29.88067 ], [ 74.98993, 29.85646 ], [ 75.01413, 29.86463 ], [ 75.0375, 29.88178 ], [ 75.06548, 29.87904 ], [ 75.07774, 29.91231 ], [ 75.10268, 29.89702 ], [ 75.10059, 29.86789 ], [ 75.08469, 29.85859 ], [ 75.08575, 29.84481 ], [ 75.10409, 29.83801 ], [ 75.09334, 29.81931 ], [ 75.10229, 29.80255 ], [ 75.12492, 29.80562 ], [ 75.13142, 29.78486 ], [ 75.14951, 29.79164 ], [ 75.15543, 29.81981 ], [ 75.18234, 29.8387 ], [ 75.20091, 29.83 ], [ 75.19796, 29.79622 ], [ 75.21239, 29.78652 ], [ 75.23098, 29.75207 ], [ 75.22137, 29.73307 ], [ 75.1981, 29.7308 ], [ 75.18725, 29.71192 ], [ 75.19767, 29.69647 ], [ 75.18889, 29.68083 ], [ 75.15892, 29.66936 ], [ 75.1733, 29.64948 ], [ 75.17334, 29.63008 ], [ 75.19937, 29.62269 ], [ 75.22124, 29.60655 ], [ 75.21119, 29.5824 ], [ 75.23807, 29.55154 ], [ 75.29065, 29.56176 ], [ 75.30451, 29.58848 ], [ 75.28035, 29.60325 ], [ 75.28786, 29.61977 ], [ 75.30753, 29.63256 ], [ 75.31773, 29.6707 ], [ 75.34604, 29.67142 ], [ 75.33385, 29.68805 ], [ 75.36195, 29.71289 ], [ 75.37878, 29.7113 ], [ 75.38372, 29.73401 ], [ 75.39723, 29.76102 ], [ 75.44379, 29.78618 ], [ 75.44427, 29.80785 ], [ 75.50633, 29.77407 ], [ 75.5564, 29.76583 ], [ 75.56309, 29.74424 ], [ 75.62262, 29.75362 ], [ 75.62536, 29.77323 ], [ 75.66617, 29.7727 ], [ 75.67831, 29.75706 ], [ 75.69745, 29.75521 ], [ 75.70593, 29.80862 ], [ 75.7484, 29.81212 ], [ 75.77162, 29.82539 ], [ 75.79605, 29.80712 ], [ 75.81998, 29.81538 ], [ 75.84363, 29.77596 ], [ 75.86378, 29.75233 ], [ 75.87928, 29.74707 ], [ 75.89723, 29.75553 ], [ 75.91395, 29.73877 ], [ 75.93401, 29.73253 ], [ 75.97255, 29.73237 ], [ 76.00383, 29.75093 ], [ 76.02425, 29.7556 ], [ 76.04148, 29.74878 ], [ 76.05843, 29.77315 ], [ 76.07434, 29.78124 ], [ 76.07767, 29.80577 ], [ 76.09438, 29.81156 ], [ 76.11639, 29.7964 ], [ 76.13927, 29.81676 ], [ 76.16666, 29.81832 ], [ 76.19418, 29.84497 ], [ 76.22852, 29.85453 ], [ 76.24201, 29.86903 ], [ 76.2253, 29.88506 ], [ 76.1974, 29.88402 ], [ 76.18271, 29.89388 ], [ 76.18199, 29.92324 ], [ 76.16629, 29.92866 ], [ 76.17891, 29.94627 ], [ 76.20387, 29.94412 ], [ 76.18938, 30.00419 ], [ 76.19891, 30.03483 ], [ 76.22992, 30.08057 ], [ 76.25378, 30.10603 ], [ 76.23083, 30.10852 ], [ 76.20471, 30.12786 ], [ 76.21053, 30.15608 ], [ 76.25116, 30.119 ], [ 76.27985, 30.11365 ], [ 76.29308, 30.11863 ], [ 76.32838, 30.10951 ], [ 76.34892, 30.12766 ], [ 76.39001, 30.12754 ], [ 76.38457, 30.14581 ], [ 76.40164, 30.15773 ], [ 76.381, 30.18324 ], [ 76.39884, 30.199 ], [ 76.42001, 30.19788 ], [ 76.42858, 30.17979 ], [ 76.42604, 30.14756 ], [ 76.44448, 30.12288 ], [ 76.45209, 30.10071 ], [ 76.49083, 30.09715 ], [ 76.50112, 30.07663 ], [ 76.53364, 30.08278 ], [ 76.55487, 30.09876 ], [ 76.58953, 30.0793 ], [ 76.61948, 30.09536 ], [ 76.6294, 30.13477 ], [ 76.62274, 30.1703 ], [ 76.63925, 30.18521 ], [ 76.63892, 30.20594 ], [ 76.60428, 30.21517 ], [ 76.61187, 30.22563 ], [ 76.59032, 30.25412 ], [ 76.57589, 30.25586 ], [ 76.54767, 30.23444 ], [ 76.54582, 30.25863 ], [ 76.58094, 30.26987 ], [ 76.61438, 30.27527 ], [ 76.65128, 30.29934 ], [ 76.67088, 30.31917 ], [ 76.69768, 30.32486 ], [ 76.73853, 30.35965 ], [ 76.70015, 30.39361 ], [ 76.72655, 30.405 ], [ 76.72517, 30.42042 ], [ 76.74887, 30.42663 ], [ 76.78069, 30.41502 ], [ 76.80846, 30.41186 ], [ 76.83246, 30.43388 ], [ 76.84727, 30.4149 ], [ 76.86473, 30.40879 ], [ 76.88043, 30.38299 ], [ 76.87644, 30.36334 ], [ 76.89777, 30.3626 ], [ 76.9273, 30.38864 ], [ 76.90926, 30.40327 ], [ 76.90168, 30.42833 ], [ 76.88993, 30.43669 ], [ 76.89519, 30.45557 ], [ 76.89386, 30.48964 ], [ 76.91237, 30.49366 ], [ 76.92007, 30.52469 ], [ 76.88504, 30.54042 ], [ 76.90224, 30.55104 ], [ 76.89889, 30.56672 ], [ 76.91343, 30.5997 ], [ 76.8996, 30.62003 ], [ 76.87267, 30.64002 ], [ 76.85858, 30.64063 ], [ 76.86311, 30.67151 ], [ 76.81882, 30.66059 ], [ 76.81981, 30.68583 ] ] ] ] } },
{ "type": "Feature", "properties": { "source": "https://simplemaps.com", "id": "INHP", "name": "Himachal Pradesh" }, "geometry": { "type": "MultiPolygon", "coordinates": [ [ [ [ 77.57489, 30.38452 ], [ 77.54289, 30.39723 ], [ 77.52577, 30.41714 ], [ 77.50985, 30.44883 ], [ 77.49294, 30.43305 ], [ 77.49135, 30.41735 ], [ 77.46098, 30.40538 ], [ 77.43495, 30.40367 ], [ 77.43972, 30.4244 ], [ 77.45335, 30.44036 ], [ 77.44569, 30.46567 ], [ 77.4262, 30.44112 ], [ 77.39546, 30.42094 ], [ 77.38039, 30.44614 ], [ 77.3568, 30.44206 ], [ 77.34608, 30.4619 ], [ 77.32239, 30.46212 ], [ 77.3107, 30.45362 ], [ 77.26358, 30.46667 ], [ 77.25178, 30.48441 ], [ 77.22677, 30.48861 ], [ 77.20261, 30.48034 ], [ 77.19966, 30.5066 ], [ 77.18535, 30.52588 ], [ 77.13758, 30.53858 ], [ 77.12234, 30.54823 ], [ 77.1115, 30.56729 ], [ 77.13985, 30.5832 ], [ 77.15749, 30.59955 ], [ 77.16236, 30.63865 ], [ 77.15273, 30.6542 ], [ 77.15353, 30.68872 ], [ 77.12512, 30.7071 ], [ 77.10235, 30.73078 ], [ 77.07684, 30.74476 ], [ 77.04706, 30.74867 ], [ 77.0131, 30.74221 ], [ 77.00446, 30.76635 ], [ 76.9886, 30.77707 ], [ 77.00003, 30.78902 ], [ 76.99796, 30.81429 ], [ 76.96864, 30.80796 ], [ 76.95375, 30.81121 ], [ 76.94283, 30.82919 ], [ 76.92751, 30.83735 ], [ 76.92661, 30.85444 ], [ 76.90216, 30.89723 ], [ 76.85243, 30.87069 ], [ 76.82266, 30.8881 ], [ 76.8098, 30.9068 ], [ 76.81019, 30.93038 ], [ 76.76986, 30.90639 ], [ 76.74863, 30.92916 ], [ 76.72602, 30.93933 ], [ 76.7126, 30.96342 ], [ 76.69424, 30.97249 ], [ 76.66819, 30.96988 ], [ 76.65306, 30.98181 ], [ 76.61007, 31.00423 ], [ 76.6136, 31.02199 ], [ 76.59897, 31.05355 ], [ 76.6049, 31.07838 ], [ 76.62573, 31.11024 ], [ 76.58932, 31.1277 ], [ 76.59875, 31.15117 ], [ 76.59007, 31.15727 ], [ 76.59039, 31.18286 ], [ 76.61221, 31.20264 ], [ 76.63542, 31.21298 ], [ 76.61626, 31.22944 ], [ 76.58677, 31.21606 ], [ 76.57597, 31.22579 ], [ 76.60162, 31.25091 ], [ 76.5705, 31.28015 ], [ 76.54592, 31.25588 ], [ 76.51091, 31.28262 ], [ 76.48859, 31.2734 ], [ 76.46671, 31.31021 ], [ 76.44827, 31.30599 ], [ 76.42802, 31.32518 ], [ 76.39105, 31.37863 ], [ 76.3904, 31.39733 ], [ 76.36314, 31.44135 ], [ 76.35915, 31.41563 ], [ 76.34689, 31.40571 ], [ 76.31584, 31.40238 ], [ 76.32958, 31.37952 ], [ 76.33008, 31.34528 ], [ 76.29597, 31.34223 ], [ 76.30227, 31.32636 ], [ 76.29039, 31.31563 ], [ 76.26117, 31.30583 ], [ 76.25562, 31.31495 ], [ 76.22319, 31.31306 ], [ 76.2064, 31.30526 ], [ 76.17283, 31.30674 ], [ 76.16632, 31.34146 ], [ 76.13961, 31.35312 ], [ 76.13409, 31.38264 ], [ 76.15675, 31.40451 ], [ 76.14346, 31.43229 ], [ 76.12824, 31.44376 ], [ 76.10816, 31.49511 ], [ 76.084, 31.53718 ], [ 76.04316, 31.59197 ], [ 76.04403, 31.60303 ], [ 76.02319, 31.61547 ], [ 76.00275, 31.64657 ], [ 76.00473, 31.66303 ], [ 75.97737, 31.705 ], [ 75.94506, 31.78128 ], [ 75.93645, 31.78435 ], [ 75.92183, 31.81718 ], [ 75.9529, 31.82396 ], [ 75.94973, 31.8481 ], [ 75.89455, 31.9498 ], [ 75.86617, 31.96882 ], [ 75.83637, 31.98165 ], [ 75.79512, 31.98858 ], [ 75.7743, 32.00079 ], [ 75.73398, 32.03733 ], [ 75.71049, 32.03602 ], [ 75.69228, 32.05945 ], [ 75.64936, 32.07717 ], [ 75.59853, 32.06601 ], [ 75.57876, 32.08168 ], [ 75.61056, 32.09961 ], [ 75.65548, 32.14606 ], [ 75.65616, 32.17662 ], [ 75.62022, 32.18517 ], [ 75.62254, 32.23468 ], [ 75.65244, 32.25544 ], [ 75.67584, 32.26402 ], [ 75.7364, 32.27376 ], [ 75.75468, 32.28608 ], [ 75.76337, 32.30215 ], [ 75.84388, 32.37931 ], [ 75.87193, 32.39845 ], [ 75.92593, 32.41178 ], [ 75.93463, 32.42476 ], [ 75.9155, 32.4487 ], [ 75.85528, 32.49958 ], [ 75.85139, 32.52131 ], [ 75.85637, 32.53769 ], [ 75.86175, 32.54583 ], [ 75.87133, 32.55743 ], [ 75.90349, 32.59078 ], [ 75.93857, 32.64233 ], [ 75.94149, 32.65749 ], [ 75.92103, 32.67265 ], [ 75.91226, 32.69084 ], [ 75.92687, 32.72116 ], [ 75.9298, 32.75755 ], [ 75.91518, 32.76967 ], [ 75.8918, 32.81516 ], [ 75.83625, 32.84244 ], [ 75.80995, 32.86973 ], [ 75.8041, 32.89399 ], [ 75.81579, 32.90309 ], [ 75.82456, 32.93037 ], [ 75.83918, 32.93341 ], [ 75.83933, 32.93345 ], [ 75.85087, 32.93644 ], [ 75.88303, 32.93037 ], [ 75.9181, 32.91521 ], [ 75.9298, 32.90612 ], [ 75.93857, 32.89702 ], [ 75.94882, 32.88638 ], [ 75.95026, 32.88489 ], [ 75.96195, 32.88489 ], [ 76.03503, 32.91825 ], [ 76.0438, 32.93644 ], [ 76.09642, 32.96676 ], [ 76.11104, 33.00618 ], [ 76.14611, 33.00921 ], [ 76.1695, 33.02134 ], [ 76.25427, 33.03347 ], [ 76.27181, 33.05166 ], [ 76.29227, 33.1032 ], [ 76.30981, 33.1214 ], [ 76.3332, 33.13049 ], [ 76.37705, 33.15778 ], [ 76.4092, 33.18507 ], [ 76.41483, 33.18507 ], [ 76.42178, 33.18181 ], [ 76.44181, 33.18047 ], [ 76.44719, 33.18204 ], [ 76.4472, 33.18204 ], [ 76.4589, 33.17901 ], [ 76.48813, 33.17901 ], [ 76.51736, 33.1972 ], [ 76.55244, 33.20023 ], [ 76.56121, 33.20629 ], [ 76.56125, 33.20634 ], [ 76.56295, 33.20618 ], [ 76.56762, 33.20705 ], [ 76.58619, 33.20422 ], [ 76.59959, 33.17376 ], [ 76.62701, 33.16248 ], [ 76.63318, 33.16347 ], [ 76.64598, 33.16081 ], [ 76.66937, 33.16991 ], [ 76.70444, 33.17294 ], [ 76.71029, 33.17597 ], [ 76.71178, 33.17907 ], [ 76.71419, 33.17744 ], [ 76.72522, 33.17884 ], [ 76.73075, 33.17597 ], [ 76.74829, 33.17901 ], [ 76.77752, 33.22449 ], [ 76.78045, 33.23965 ], [ 76.77486, 33.24834 ], [ 76.7746, 33.24874 ], [ 76.78045, 33.25481 ], [ 76.78132, 33.25481 ], [ 76.79506, 33.25481 ], [ 76.80383, 33.25178 ], [ 76.81031, 33.24505 ], [ 76.81553, 33.23965 ], [ 76.82137, 33.23662 ], [ 76.82254, 33.23662 ], [ 76.81786, 33.23114 ], [ 76.81108, 33.21546 ], [ 76.81859, 33.20557 ], [ 76.80331, 33.19385 ], [ 76.79813, 33.1733 ], [ 76.80346, 33.15569 ], [ 76.82917, 33.13772 ], [ 76.83411, 33.12056 ], [ 76.85257, 33.11155 ], [ 76.85769, 33.11469 ], [ 76.8623, 33.1123 ], [ 76.87107, 33.10927 ], [ 76.8764, 33.1148 ], [ 76.87691, 33.11533 ], [ 76.88568, 33.11836 ], [ 76.90322, 33.09714 ], [ 76.90907, 33.07895 ], [ 76.93245, 33.0365 ], [ 76.97922, 33.01224 ], [ 76.98507, 33.00618 ], [ 76.99969, 33.00011 ], [ 77.00553, 32.99405 ], [ 77.00738, 32.99213 ], [ 77.00846, 32.99102 ], [ 77.01723, 32.98798 ], [ 77.03769, 32.99102 ], [ 77.04353, 32.99405 ], [ 77.04516, 32.99461 ], [ 77.0523, 32.99708 ], [ 77.07569, 32.98495 ], [ 77.08446, 32.98495 ], [ 77.09031, 32.97586 ], [ 77.09056, 32.9756 ], [ 77.09323, 32.97282 ], [ 77.11369, 32.97586 ], [ 77.11831, 32.98304 ], [ 77.12007, 32.98271 ], [ 77.13639, 32.98046 ], [ 77.13638, 32.95777 ], [ 77.15743, 32.91324 ], [ 77.1818, 32.91545 ], [ 77.22826, 32.89557 ], [ 77.22408, 32.8827 ], [ 77.24758, 32.86493 ], [ 77.25285, 32.87054 ], [ 77.254, 32.86973 ], [ 77.25693, 32.86367 ], [ 77.2657, 32.86367 ], [ 77.26912, 32.86722 ], [ 77.2701, 32.8664 ], [ 77.27434, 32.85976 ], [ 77.28874, 32.85262 ], [ 77.30516, 32.85405 ], [ 77.32162, 32.82239 ], [ 77.33596, 32.81891 ], [ 77.34024, 32.82046 ], [ 77.34462, 32.81819 ], [ 77.35339, 32.81516 ], [ 77.37386, 32.82425 ], [ 77.37678, 32.8576 ], [ 77.39724, 32.87883 ], [ 77.40385, 32.88111 ], [ 77.41013, 32.87822 ], [ 77.41775, 32.87921 ], [ 77.41938, 32.88012 ], [ 77.42063, 32.87883 ], [ 77.42647, 32.8758 ], [ 77.43123, 32.8758 ], [ 77.43224, 32.87045 ], [ 77.43617, 32.86589 ], [ 77.45522, 32.86174 ], [ 77.45645, 32.86291 ], [ 77.4674, 32.86064 ], [ 77.47324, 32.86064 ], [ 77.50248, 32.88489 ], [ 77.51125, 32.87883 ], [ 77.53756, 32.88489 ], [ 77.56679, 32.91218 ], [ 77.58725, 32.91825 ], [ 77.61063, 32.93947 ], [ 77.64279, 32.9425 ], [ 77.6691, 32.95463 ], [ 77.67787, 32.96676 ], [ 77.68079, 32.97282 ], [ 77.68208, 32.97815 ], [ 77.69087, 32.97942 ], [ 77.69501, 32.97782 ], [ 77.69988, 32.96904 ], [ 77.71249, 32.9718 ], [ 77.75957, 32.92741 ], [ 77.79017, 32.90543 ], [ 77.77274, 32.89091 ], [ 77.76143, 32.86483 ], [ 77.799, 32.84584 ], [ 77.80821, 32.83604 ], [ 77.81432, 32.83617 ], [ 77.81882, 32.83853 ], [ 77.82142, 32.83909 ], [ 77.82695, 32.83335 ], [ 77.8328, 32.83335 ], [ 77.83357, 32.83415 ], [ 77.8476, 32.82841 ], [ 77.86127, 32.81616 ], [ 77.86697, 32.79029 ], [ 77.8809, 32.77541 ], [ 77.89088, 32.77451 ], [ 77.89568, 32.77496 ], [ 77.90003, 32.77271 ], [ 77.90484, 32.77271 ], [ 77.90893, 32.77212 ], [ 77.91513, 32.76606 ], [ 77.91793, 32.75692 ], [ 77.90325, 32.6931 ], [ 77.92021, 32.67951 ], [ 77.9767, 32.59194 ], [ 77.98705, 32.5882 ], [ 77.99357, 32.58795 ], [ 77.99357, 32.58775 ], [ 77.99942, 32.58472 ], [ 78.04619, 32.58472 ], [ 78.05788, 32.59685 ], [ 78.04911, 32.62413 ], [ 78.08419, 32.6211 ], [ 78.09004, 32.64233 ], [ 78.09589, 32.64839 ], [ 78.10352, 32.65433 ], [ 78.10758, 32.65749 ], [ 78.11635, 32.65749 ], [ 78.12448, 32.64624 ], [ 78.12512, 32.64536 ], [ 78.13389, 32.63929 ], [ 78.14558, 32.64536 ], [ 78.15435, 32.66658 ], [ 78.16897, 32.67568 ], [ 78.17251, 32.67568 ], [ 78.17481, 32.67568 ], [ 78.18943, 32.67265 ], [ 78.1982, 32.66658 ], [ 78.19836, 32.66625 ], [ 78.20112, 32.66052 ], [ 78.21866, 32.66052 ], [ 78.24205, 32.67265 ], [ 78.25374, 32.69084 ], [ 78.30343, 32.70297 ], [ 78.31513, 32.7151 ], [ 78.30636, 32.73329 ], [ 78.3619, 32.76058 ], [ 78.37241, 32.76058 ], [ 78.38236, 32.76058 ], [ 78.39113, 32.75755 ], [ 78.38821, 32.73026 ], [ 78.39697, 32.7151 ], [ 78.38528, 32.6969 ], [ 78.38236, 32.66962 ], [ 78.38821, 32.63323 ], [ 78.40574, 32.6211 ], [ 78.33559, 32.57562 ], [ 78.31513, 32.57259 ], [ 78.31805, 32.52711 ], [ 78.29466, 32.50285 ], [ 78.31746, 32.48157 ], [ 78.32389, 32.47556 ], [ 78.32682, 32.47253 ], [ 78.37359, 32.50891 ], [ 78.39405, 32.52104 ], [ 78.3991, 32.52628 ], [ 78.40025, 32.52368 ], [ 78.40141, 32.51818 ], [ 78.40917, 32.51202 ], [ 78.43169, 32.51028 ], [ 78.44872, 32.49014 ], [ 78.43811, 32.45639 ], [ 78.46199, 32.44798 ], [ 78.47814, 32.42586 ], [ 78.50259, 32.42622 ], [ 78.51876, 32.4185 ], [ 78.49588, 32.39077 ], [ 78.49397, 32.37731 ], [ 78.46799, 32.35799 ], [ 78.46124, 32.337 ], [ 78.46698, 32.2919 ], [ 78.46432, 32.27778 ], [ 78.43921, 32.24646 ], [ 78.48285, 32.24313 ], [ 78.52374, 32.25045 ], [ 78.54308, 32.24874 ], [ 78.59291, 32.21867 ], [ 78.5942, 32.18848 ], [ 78.57431, 32.15862 ], [ 78.5883, 32.14737 ], [ 78.59633, 32.12341 ], [ 78.64787, 32.10713 ], [ 78.65241, 32.08826 ], [ 78.68611, 32.05763 ], [ 78.69012, 32.04573 ], [ 78.73707, 32.00408 ], [ 78.77103, 31.99981 ], [ 78.76106, 31.96378 ], [ 78.74541, 31.92504 ], [ 78.73276, 31.91303 ], [ 78.72476, 31.885 ], [ 78.72053, 31.83533 ], [ 78.69297, 31.81432 ], [ 78.69135, 31.79335 ], [ 78.70332, 31.77041 ], [ 78.72466, 31.76386 ], [ 78.71177, 31.74486 ], [ 78.72147, 31.73033 ], [ 78.7344, 31.69198 ], [ 78.74753, 31.6851 ], [ 78.77965, 31.68984 ], [ 78.78423, 31.66126 ], [ 78.82689, 31.62799 ], [ 78.82281, 31.60062 ], [ 78.79729, 31.57615 ], [ 78.76812, 31.56574 ], [ 78.75001, 31.54883 ], [ 78.72126, 31.54095 ], [ 78.70677, 31.5211 ], [ 78.71605, 31.48717 ], [ 78.74419, 31.49033 ], [ 78.79548, 31.45276 ], [ 78.79248, 31.41786 ], [ 78.77604, 31.40238 ], [ 78.82722, 31.38128 ], [ 78.84029, 31.35444 ], [ 78.82901, 31.3302 ], [ 78.84838, 31.32234 ], [ 78.86747, 31.30138 ], [ 78.87954, 31.27072 ], [ 78.90688, 31.25919 ], [ 78.90991, 31.23389 ], [ 78.93513, 31.22236 ], [ 78.94621, 31.19356 ], [ 78.97187, 31.18237 ], [ 78.97809, 31.14566 ], [ 78.9967, 31.11759 ], [ 78.96565, 31.11537 ], [ 78.94212, 31.10503 ], [ 78.90379, 31.11547 ], [ 78.88004, 31.10384 ], [ 78.86225, 31.11241 ], [ 78.81873, 31.14721 ], [ 78.80051, 31.17826 ], [ 78.79504, 31.20504 ], [ 78.74945, 31.19435 ], [ 78.69557, 31.19629 ], [ 78.67609, 31.20319 ], [ 78.65067, 31.19785 ], [ 78.636, 31.21958 ], [ 78.6006, 31.23585 ], [ 78.56658, 31.23374 ], [ 78.53712, 31.20671 ], [ 78.47011, 31.20375 ], [ 78.46657, 31.22094 ], [ 78.44414, 31.2442 ], [ 78.41946, 31.25988 ], [ 78.39308, 31.26228 ], [ 78.36926, 31.2879 ], [ 78.35632, 31.29087 ], [ 78.31693, 31.28508 ], [ 78.29836, 31.28821 ], [ 78.29342, 31.26604 ], [ 78.26902, 31.27136 ], [ 78.23259, 31.23502 ], [ 78.20682, 31.23723 ], [ 78.18492, 31.22333 ], [ 78.17142, 31.23181 ], [ 78.14783, 31.23157 ], [ 78.1349, 31.21612 ], [ 78.11916, 31.21404 ], [ 78.09238, 31.19283 ], [ 78.05383, 31.19293 ], [ 78.02995, 31.18531 ], [ 78.00772, 31.15708 ], [ 77.99258, 31.16703 ], [ 77.96938, 31.16515 ], [ 77.95476, 31.17878 ], [ 77.91469, 31.15658 ], [ 77.90218, 31.15882 ], [ 77.8804, 31.13743 ], [ 77.87872, 31.12467 ], [ 77.85153, 31.11097 ], [ 77.84283, 31.08129 ], [ 77.82473, 31.07443 ], [ 77.80502, 31.05407 ], [ 77.82471, 31.00519 ], [ 77.80754, 30.99384 ], [ 77.79642, 30.96982 ], [ 77.75392, 30.97684 ], [ 77.73634, 30.96359 ], [ 77.73328, 30.9495 ], [ 77.7456, 30.92231 ], [ 77.79337, 30.92598 ], [ 77.80085, 30.91274 ], [ 77.7864, 30.89605 ], [ 77.7835, 30.87206 ], [ 77.76517, 30.86518 ], [ 77.74452, 30.88119 ], [ 77.73146, 30.85077 ], [ 77.74407, 30.83624 ], [ 77.71942, 30.80831 ], [ 77.70453, 30.77902 ], [ 77.68829, 30.76867 ], [ 77.69395, 30.74617 ], [ 77.70724, 30.74553 ], [ 77.7411, 30.71066 ], [ 77.73341, 30.68583 ], [ 77.76591, 30.66528 ], [ 77.77498, 30.64112 ], [ 77.75661, 30.62032 ], [ 77.75724, 30.6048 ], [ 77.73211, 30.60713 ], [ 77.75353, 30.57023 ], [ 77.77827, 30.55736 ], [ 77.80586, 30.56074 ], [ 77.8122, 30.53805 ], [ 77.79918, 30.51139 ], [ 77.76762, 30.50436 ], [ 77.72144, 30.47777 ], [ 77.71123, 30.47727 ], [ 77.66161, 30.44878 ], [ 77.64024, 30.45235 ], [ 77.63055, 30.43616 ], [ 77.60375, 30.43744 ], [ 77.56288, 30.41708 ], [ 77.56306, 30.40449 ], [ 77.57489, 30.38452 ] ] ], [ [ [ 76.82875, 33.24347 ], [ 76.82887, 33.24255 ], [ 76.82581, 33.23976 ], [ 76.82722, 33.24268 ], [ 76.82875, 33.24347 ] ] ] ] } },
{ "type": "Feature", "properties": { "source": "https://simplemaps.com", "id": "INJH", "name": "Jharkhand" }, "geometry": { "type": "MultiPolygon", "coordinates": [ [ [ [ 83.49817, 24.52706 ], [ 83.54244, 24.52618 ], [ 83.60016, 24.51324 ], [ 83.68246, 24.51558 ], [ 83.71669, 24.50495 ], [ 83.74866, 24.51053 ], [ 83.79901, 24.52988 ], [ 83.85769, 24.53756 ], [ 83.86804, 24.53288 ], [ 83.92846, 24.54791 ], [ 83.95758, 24.57633 ], [ 83.97235, 24.59663 ], [ 83.99221, 24.63803 ], [ 84.02417, 24.62906 ], [ 84.04674, 24.61229 ], [ 84.05975, 24.57698 ], [ 84.07248, 24.5696 ], [ 84.07834, 24.54501 ], [ 84.08969, 24.53393 ], [ 84.0891, 24.50413 ], [ 84.10978, 24.4814 ], [ 84.13996, 24.5048 ], [ 84.13629, 24.52936 ], [ 84.14606, 24.5403 ], [ 84.16441, 24.53371 ], [ 84.15364, 24.51764 ], [ 84.17926, 24.51042 ], [ 84.1824, 24.52361 ], [ 84.17282, 24.54198 ], [ 84.22068, 24.55033 ], [ 84.25847, 24.53769 ], [ 84.26945, 24.54137 ], [ 84.26923, 24.56425 ], [ 84.29298, 24.56599 ], [ 84.31911, 24.52231 ], [ 84.32635, 24.50272 ], [ 84.32171, 24.48976 ], [ 84.29419, 24.48076 ], [ 84.28526, 24.46592 ], [ 84.29321, 24.45082 ], [ 84.31499, 24.44751 ], [ 84.3304, 24.43119 ], [ 84.32587, 24.41093 ], [ 84.33586, 24.39583 ], [ 84.36137, 24.38663 ], [ 84.38222, 24.3897 ], [ 84.39494, 24.36779 ], [ 84.42254, 24.35915 ], [ 84.41743, 24.33136 ], [ 84.45454, 24.33865 ], [ 84.46511, 24.30839 ], [ 84.49354, 24.28704 ], [ 84.51741, 24.33367 ], [ 84.52152, 24.37626 ], [ 84.54585, 24.3737 ], [ 84.56578, 24.38394 ], [ 84.55912, 24.39711 ], [ 84.57248, 24.41234 ], [ 84.60097, 24.40098 ], [ 84.61929, 24.40206 ], [ 84.65826, 24.39374 ], [ 84.66779, 24.41296 ], [ 84.66623, 24.43119 ], [ 84.67892, 24.45634 ], [ 84.70653, 24.47236 ], [ 84.72491, 24.47295 ], [ 84.74202, 24.49646 ], [ 84.7799, 24.50485 ], [ 84.78368, 24.51771 ], [ 84.8195, 24.52482 ], [ 84.83263, 24.51148 ], [ 84.82719, 24.47012 ], [ 84.86293, 24.45764 ], [ 84.88017, 24.4628 ], [ 84.8779, 24.42263 ], [ 84.89818, 24.39382 ], [ 84.90331, 24.37231 ], [ 84.92534, 24.37804 ], [ 84.94794, 24.37177 ], [ 84.96857, 24.37595 ], [ 84.9904, 24.41223 ], [ 85.0321, 24.42535 ], [ 85.05329, 24.41513 ], [ 85.06907, 24.43566 ], [ 85.07455, 24.40846 ], [ 85.06548, 24.38676 ], [ 85.09245, 24.38152 ], [ 85.11506, 24.40902 ], [ 85.14796, 24.41819 ], [ 85.16938, 24.42947 ], [ 85.15289, 24.46415 ], [ 85.20326, 24.47295 ], [ 85.22392, 24.47119 ], [ 85.25444, 24.49793 ], [ 85.28197, 24.4972 ], [ 85.27936, 24.5191 ], [ 85.29735, 24.52864 ], [ 85.31856, 24.52463 ], [ 85.38278, 24.53253 ], [ 85.40305, 24.54494 ], [ 85.43327, 24.53608 ], [ 85.49446, 24.55062 ], [ 85.50436, 24.52973 ], [ 85.53419, 24.53219 ], [ 85.54035, 24.55035 ], [ 85.56829, 24.5652 ], [ 85.56139, 24.58367 ], [ 85.57658, 24.60301 ], [ 85.59825, 24.59757 ], [ 85.60852, 24.58504 ], [ 85.64428, 24.57829 ], [ 85.6647, 24.58193 ], [ 85.67213, 24.6194 ], [ 85.6607, 24.6506 ], [ 85.65997, 24.67473 ], [ 85.64953, 24.68704 ], [ 85.67966, 24.69377 ], [ 85.70477, 24.72873 ], [ 85.70356, 24.75745 ], [ 85.7098, 24.78099 ], [ 85.72099, 24.78696 ], [ 85.73674, 24.82265 ], [ 85.76545, 24.81251 ], [ 85.77724, 24.79895 ], [ 85.81066, 24.7945 ], [ 85.82722, 24.80964 ], [ 85.87778, 24.80029 ], [ 85.91051, 24.75367 ], [ 85.9503, 24.73212 ], [ 85.97017, 24.73358 ], [ 85.97726, 24.74763 ], [ 85.99998, 24.75138 ], [ 86.00611, 24.76568 ], [ 86.04788, 24.77829 ], [ 86.06319, 24.75167 ], [ 86.10554, 24.73597 ], [ 86.12444, 24.70516 ], [ 86.1336, 24.67551 ], [ 86.11825, 24.64189 ], [ 86.12559, 24.61182 ], [ 86.15227, 24.59971 ], [ 86.16566, 24.58368 ], [ 86.21571, 24.59117 ], [ 86.21738, 24.61177 ], [ 86.24855, 24.58513 ], [ 86.29263, 24.58609 ], [ 86.31937, 24.57446 ], [ 86.30405, 24.55829 ], [ 86.30134, 24.53198 ], [ 86.31242, 24.50847 ], [ 86.29388, 24.47643 ], [ 86.3009, 24.4568 ], [ 86.3195, 24.44016 ], [ 86.3535, 24.44206 ], [ 86.37327, 24.41585 ], [ 86.3987, 24.40029 ], [ 86.41559, 24.37921 ], [ 86.44633, 24.36844 ], [ 86.4618, 24.37672 ], [ 86.46712, 24.39516 ], [ 86.46583, 24.42188 ], [ 86.48859, 24.425 ], [ 86.49194, 24.4393 ], [ 86.49028, 24.48437 ], [ 86.50572, 24.5177 ], [ 86.52353, 24.53575 ], [ 86.54669, 24.53504 ], [ 86.55464, 24.55927 ], [ 86.58315, 24.57278 ], [ 86.58389, 24.58532 ], [ 86.59998, 24.59949 ], [ 86.64576, 24.56722 ], [ 86.6684, 24.56064 ], [ 86.71862, 24.57821 ], [ 86.73158, 24.5758 ], [ 86.74565, 24.5895 ], [ 86.75405, 24.61476 ], [ 86.79185, 24.61531 ], [ 86.80578, 24.5945 ], [ 86.80872, 24.56377 ], [ 86.83705, 24.56828 ], [ 86.85464, 24.55046 ], [ 86.8764, 24.56732 ], [ 86.90716, 24.54338 ], [ 86.89808, 24.58654 ], [ 86.93606, 24.63037 ], [ 86.96556, 24.63187 ], [ 87.0102, 24.60626 ], [ 87.05047, 24.60677 ], [ 87.0444, 24.62403 ], [ 87.05473, 24.6706 ], [ 87.07063, 24.6945 ], [ 87.08186, 24.72454 ], [ 87.07455, 24.74472 ], [ 87.08631, 24.75832 ], [ 87.08285, 24.77923 ], [ 87.09568, 24.7976 ], [ 87.0773, 24.80835 ], [ 87.10605, 24.84733 ], [ 87.14734, 24.86241 ], [ 87.15812, 24.88563 ], [ 87.14763, 24.9178 ], [ 87.15369, 24.99097 ], [ 87.14388, 25.01079 ], [ 87.17664, 25.06402 ], [ 87.18777, 25.067 ], [ 87.21136, 25.0896 ], [ 87.23388, 25.08582 ], [ 87.23986, 25.09946 ], [ 87.25875, 25.10461 ], [ 87.27025, 25.09364 ], [ 87.29111, 25.08927 ], [ 87.29791, 25.13466 ], [ 87.30798, 25.15029 ], [ 87.32346, 25.22309 ], [ 87.36846, 25.2069 ], [ 87.37714, 25.22262 ], [ 87.39178, 25.22752 ], [ 87.45512, 25.1975 ], [ 87.47216, 25.19467 ], [ 87.47264, 25.24088 ], [ 87.49559, 25.2653 ], [ 87.48151, 25.29517 ], [ 87.51287, 25.29214 ], [ 87.52552, 25.28098 ], [ 87.5385, 25.29623 ], [ 87.54745, 25.33094 ], [ 87.56711, 25.33389 ], [ 87.60688, 25.31138 ], [ 87.62622, 25.31572 ], [ 87.65179, 25.30725 ], [ 87.68415, 25.31013 ], [ 87.6935, 25.30305 ], [ 87.69131, 25.28139 ], [ 87.70797, 25.27136 ], [ 87.70779, 25.25641 ], [ 87.78331, 25.24618 ], [ 87.78758, 25.22049 ], [ 87.77104, 25.15227 ], [ 87.77267, 25.0991 ], [ 87.79288, 25.07573 ], [ 87.83494, 25.05702 ], [ 87.86434, 25.03985 ], [ 87.90337, 24.9984 ], [ 87.90649, 24.98581 ], [ 87.96169, 24.93593 ], [ 87.96997, 24.92358 ], [ 87.97334, 24.89648 ], [ 87.96651, 24.8813 ], [ 87.91125, 24.85594 ], [ 87.89777, 24.84278 ], [ 87.86539, 24.77432 ], [ 87.85023, 24.76127 ], [ 87.81806, 24.76598 ], [ 87.83971, 24.73819 ], [ 87.90083, 24.7216 ], [ 87.89656, 24.69066 ], [ 87.88625, 24.67809 ], [ 87.9116, 24.66229 ], [ 87.90161, 24.61258 ], [ 87.90997, 24.59387 ], [ 87.89149, 24.57962 ], [ 87.88732, 24.56271 ], [ 87.86586, 24.56083 ], [ 87.84821, 24.55105 ], [ 87.82451, 24.55948 ], [ 87.809, 24.57623 ], [ 87.79617, 24.56238 ], [ 87.80122, 24.51769 ], [ 87.79853, 24.49186 ], [ 87.81785, 24.46845 ], [ 87.7881, 24.43209 ], [ 87.7879, 24.41153 ], [ 87.79821, 24.39973 ], [ 87.79751, 24.38218 ], [ 87.76124, 24.33331 ], [ 87.75628, 24.30359 ], [ 87.72719, 24.28622 ], [ 87.71032, 24.29207 ], [ 87.70599, 24.26783 ], [ 87.68136, 24.24644 ], [ 87.64715, 24.24856 ], [ 87.63773, 24.21158 ], [ 87.67095, 24.20574 ], [ 87.69668, 24.17535 ], [ 87.68957, 24.14984 ], [ 87.64067, 24.15493 ], [ 87.62754, 24.16313 ], [ 87.57975, 24.16154 ], [ 87.58602, 24.14752 ], [ 87.60491, 24.13211 ], [ 87.58173, 24.1234 ], [ 87.56922, 24.10675 ], [ 87.57021, 24.08762 ], [ 87.53917, 24.0878 ], [ 87.5213, 24.10423 ], [ 87.4966, 24.1158 ], [ 87.49001, 24.08547 ], [ 87.50578, 24.08208 ], [ 87.49123, 24.05202 ], [ 87.50784, 24.04567 ], [ 87.50135, 24.02233 ], [ 87.4714, 24.01089 ], [ 87.44852, 24.01634 ], [ 87.4414, 24.00323 ], [ 87.45836, 23.9935 ], [ 87.4391, 23.97813 ], [ 87.38976, 24.00196 ], [ 87.35664, 24.00919 ], [ 87.33729, 23.99495 ], [ 87.31539, 24.00442 ], [ 87.33236, 24.03101 ], [ 87.27428, 24.03184 ], [ 87.2436, 24.04212 ], [ 87.23265, 24.0246 ], [ 87.24687, 23.99702 ], [ 87.26803, 23.98463 ], [ 87.25954, 23.96992 ], [ 87.29182, 23.9557 ], [ 87.28513, 23.93389 ], [ 87.29259, 23.89014 ], [ 87.26493, 23.87483 ], [ 87.25987, 23.90211 ], [ 87.24432, 23.90039 ], [ 87.24609, 23.85658 ], [ 87.25522, 23.8393 ], [ 87.24573, 23.82807 ], [ 87.21976, 23.82721 ], [ 87.22248, 23.85764 ], [ 87.19434, 23.84212 ], [ 87.18736, 23.85718 ], [ 87.13582, 23.86814 ], [ 87.13033, 23.85091 ], [ 87.154, 23.82574 ], [ 87.16644, 23.81959 ], [ 87.14874, 23.79437 ], [ 87.10593, 23.79952 ], [ 87.05695, 23.81626 ], [ 87.03441, 23.83683 ], [ 87.00206, 23.85249 ], [ 86.96304, 23.86477 ], [ 86.9432, 23.84286 ], [ 86.92541, 23.85384 ], [ 86.92416, 23.86588 ], [ 86.89501, 23.87995 ], [ 86.87527, 23.86238 ], [ 86.88017, 23.8422 ], [ 86.86085, 23.84217 ], [ 86.84443, 23.82185 ], [ 86.82077, 23.81131 ], [ 86.80097, 23.81333 ], [ 86.79769, 23.79772 ], [ 86.81672, 23.77615 ], [ 86.8161, 23.74483 ], [ 86.80451, 23.73985 ], [ 86.79094, 23.6985 ], [ 86.79204, 23.68737 ], [ 86.73813, 23.67761 ], [ 86.7317, 23.69379 ], [ 86.71101, 23.69723 ], [ 86.64885, 23.68287 ], [ 86.59062, 23.66224 ], [ 86.52866, 23.62898 ], [ 86.48129, 23.63504 ], [ 86.44491, 23.63153 ], [ 86.40623, 23.58798 ], [ 86.38093, 23.58436 ], [ 86.38288, 23.57202 ], [ 86.35797, 23.54306 ], [ 86.36765, 23.52256 ], [ 86.3569, 23.51289 ], [ 86.35184, 23.46363 ], [ 86.32621, 23.45756 ], [ 86.30015, 23.44371 ], [ 86.31333, 23.42606 ], [ 86.3, 23.42006 ], [ 86.28237, 23.42746 ], [ 86.28068, 23.43961 ], [ 86.24665, 23.43415 ], [ 86.22466, 23.43568 ], [ 86.22098, 23.45598 ], [ 86.20326, 23.45868 ], [ 86.17915, 23.47512 ], [ 86.14268, 23.47733 ], [ 86.15511, 23.50423 ], [ 86.14293, 23.52734 ], [ 86.15327, 23.55159 ], [ 86.13861, 23.57002 ], [ 86.10155, 23.5739 ], [ 86.07277, 23.56822 ], [ 86.07144, 23.57848 ], [ 86.03738, 23.58346 ], [ 86.01101, 23.56124 ], [ 86.01077, 23.55165 ], [ 86.03269, 23.51802 ], [ 86.04137, 23.49025 ], [ 86.02037, 23.48791 ], [ 85.93794, 23.45514 ], [ 85.90637, 23.47175 ], [ 85.87412, 23.47623 ], [ 85.85954, 23.45095 ], [ 85.86288, 23.40997 ], [ 85.87846, 23.40803 ], [ 85.89586, 23.37698 ], [ 85.86626, 23.36485 ], [ 85.8716, 23.33016 ], [ 85.8615, 23.30333 ], [ 85.83366, 23.28068 ], [ 85.82636, 23.26312 ], [ 85.83501, 23.1921 ], [ 85.85752, 23.19436 ], [ 85.87721, 23.17296 ], [ 85.87731, 23.15866 ], [ 85.90038, 23.1481 ], [ 85.91499, 23.12953 ], [ 85.94381, 23.12947 ], [ 85.95155, 23.13816 ], [ 85.98194, 23.1459 ], [ 86.03693, 23.14361 ], [ 86.04839, 23.12917 ], [ 86.04424, 23.11186 ], [ 86.0918, 23.09077 ], [ 86.11569, 23.09363 ], [ 86.13804, 23.08048 ], [ 86.13457, 23.06294 ], [ 86.16016, 23.03906 ], [ 86.17563, 23.01299 ], [ 86.20087, 23.01514 ], [ 86.21248, 22.99185 ], [ 86.26129, 22.99553 ], [ 86.27937, 23.01072 ], [ 86.33215, 22.9889 ], [ 86.35998, 22.99668 ], [ 86.38045, 22.99075 ], [ 86.39304, 22.97424 ], [ 86.41628, 22.99479 ], [ 86.46309, 22.98522 ], [ 86.49735, 22.98991 ], [ 86.51224, 22.96626 ], [ 86.53416, 22.98136 ], [ 86.53851, 22.96187 ], [ 86.51836, 22.94433 ], [ 86.49869, 22.94774 ], [ 86.4868, 22.93554 ], [ 86.47012, 22.94662 ], [ 86.45821, 22.93296 ], [ 86.43709, 22.92729 ], [ 86.43242, 22.91577 ], [ 86.46304, 22.89663 ], [ 86.45102, 22.88297 ], [ 86.44688, 22.85878 ], [ 86.43284, 22.86049 ], [ 86.43391, 22.82859 ], [ 86.42159, 22.80882 ], [ 86.41615, 22.77651 ], [ 86.45401, 22.75964 ], [ 86.47898, 22.72239 ], [ 86.54952, 22.71091 ], [ 86.58078, 22.68899 ], [ 86.61787, 22.67339 ], [ 86.63669, 22.65512 ], [ 86.63432, 22.59726 ], [ 86.64828, 22.59161 ], [ 86.6517, 22.57579 ], [ 86.6728, 22.57238 ], [ 86.70602, 22.58036 ], [ 86.75599, 22.57427 ], [ 86.76452, 22.55063 ], [ 86.78407, 22.54424 ], [ 86.78971, 22.52038 ], [ 86.78922, 22.47451 ], [ 86.75333, 22.48012 ], [ 86.74513, 22.47054 ], [ 86.76389, 22.42289 ], [ 86.80526, 22.41649 ], [ 86.84393, 22.39606 ], [ 86.84094, 22.36902 ], [ 86.82894, 22.3415 ], [ 86.82919, 22.32459 ], [ 86.87259, 22.29877 ], [ 86.88845, 22.28141 ], [ 86.88568, 22.25212 ], [ 86.85015, 22.25927 ], [ 86.82034, 22.26061 ], [ 86.79642, 22.24991 ], [ 86.80987, 22.238 ], [ 86.79137, 22.21754 ], [ 86.7478, 22.20798 ], [ 86.72279, 22.21525 ], [ 86.68217, 22.21951 ], [ 86.66989, 22.23684 ], [ 86.64818, 22.23569 ], [ 86.64558, 22.26137 ], [ 86.61606, 22.276 ], [ 86.58993, 22.28214 ], [ 86.57846, 22.29782 ], [ 86.55206, 22.29529 ], [ 86.52455, 22.30285 ], [ 86.52365, 22.31857 ], [ 86.50799, 22.32402 ], [ 86.49995, 22.34095 ], [ 86.45824, 22.32211 ], [ 86.43839, 22.32337 ], [ 86.42438, 22.30627 ], [ 86.37553, 22.33712 ], [ 86.35274, 22.34542 ], [ 86.33932, 22.36605 ], [ 86.32534, 22.37308 ], [ 86.3177, 22.39059 ], [ 86.28796, 22.42536 ], [ 86.27982, 22.44552 ], [ 86.26518, 22.43954 ], [ 86.22038, 22.44909 ], [ 86.20239, 22.47028 ], [ 86.14623, 22.47914 ], [ 86.10138, 22.49015 ], [ 86.06921, 22.54307 ], [ 86.03849, 22.56359 ], [ 86.01834, 22.54363 ], [ 86.02827, 22.53433 ], [ 85.99592, 22.50896 ], [ 85.96925, 22.49978 ], [ 85.96675, 22.48216 ], [ 85.95351, 22.45597 ], [ 85.99297, 22.42214 ], [ 86.00874, 22.42432 ], [ 86.0215, 22.38176 ], [ 86.01686, 22.36223 ], [ 85.99288, 22.33816 ], [ 86.02043, 22.3294 ], [ 86.0059, 22.31591 ], [ 86.01778, 22.30455 ], [ 85.98519, 22.26721 ], [ 85.96979, 22.2434 ], [ 85.99284, 22.21548 ], [ 86.01739, 22.19876 ], [ 86.02672, 22.18522 ], [ 85.99463, 22.13178 ], [ 86.00259, 22.11302 ], [ 85.979, 22.08336 ], [ 85.97529, 22.07179 ], [ 85.94258, 22.01913 ], [ 85.92877, 22.01936 ], [ 85.91224, 22.0048 ], [ 85.89417, 21.97829 ], [ 85.84042, 21.97648 ], [ 85.78428, 21.9786 ], [ 85.76075, 21.98972 ], [ 85.75613, 22.00839 ], [ 85.77894, 22.03626 ], [ 85.77033, 22.05128 ], [ 85.78794, 22.07719 ], [ 85.81437, 22.07007 ], [ 85.83076, 22.07697 ], [ 85.80205, 22.11083 ], [ 85.79092, 22.10039 ], [ 85.75782, 22.08498 ], [ 85.74606, 22.06988 ], [ 85.72235, 22.05813 ], [ 85.68788, 22.05608 ], [ 85.6815, 22.04878 ], [ 85.64461, 22.09028 ], [ 85.63125, 22.08154 ], [ 85.59109, 22.07444 ], [ 85.58224, 22.08099 ], [ 85.53605, 22.09441 ], [ 85.50568, 22.11146 ], [ 85.4858, 22.11649 ], [ 85.45701, 22.13577 ], [ 85.41029, 22.15608 ], [ 85.3632, 22.15457 ], [ 85.36172, 22.12476 ], [ 85.32301, 22.12499 ], [ 85.27416, 22.08009 ], [ 85.24106, 22.01252 ], [ 85.23094, 22.00027 ], [ 85.21489, 22.01071 ], [ 85.21075, 22.04318 ], [ 85.14084, 22.07355 ], [ 85.11888, 22.06647 ], [ 85.09971, 22.08454 ], [ 85.09901, 22.09612 ], [ 85.06945, 22.10713 ], [ 85.0439, 22.1107 ], [ 85.01995, 22.10337 ], [ 85.00232, 22.07994 ], [ 84.98743, 22.07674 ], [ 84.9805, 22.09126 ], [ 85.02374, 22.11199 ], [ 85.03115, 22.13736 ], [ 85.0254, 22.154 ], [ 85.04961, 22.17931 ], [ 85.04692, 22.18579 ], [ 85.06948, 22.23065 ], [ 85.07432, 22.25094 ], [ 85.07051, 22.27216 ], [ 85.10529, 22.29114 ], [ 85.11404, 22.31421 ], [ 85.08591, 22.31698 ], [ 85.09296, 22.34109 ], [ 85.07406, 22.34859 ], [ 85.08308, 22.37844 ], [ 85.07459, 22.41346 ], [ 85.06369, 22.42322 ], [ 85.05704, 22.44471 ], [ 85.07111, 22.4559 ], [ 85.0732, 22.47287 ], [ 85.0514, 22.47942 ], [ 84.96024, 22.44372 ], [ 84.95245, 22.45277 ], [ 84.9174, 22.43438 ], [ 84.90771, 22.41964 ], [ 84.88025, 22.41759 ], [ 84.8778, 22.44251 ], [ 84.83575, 22.42755 ], [ 84.81269, 22.43161 ], [ 84.80125, 22.44371 ], [ 84.75269, 22.44201 ], [ 84.74385, 22.41475 ], [ 84.66161, 22.41392 ], [ 84.6321, 22.42865 ], [ 84.57216, 22.42301 ], [ 84.5433, 22.4172 ], [ 84.50179, 22.41532 ], [ 84.47448, 22.40173 ], [ 84.47281, 22.38269 ], [ 84.44785, 22.37908 ], [ 84.42694, 22.36465 ], [ 84.42584, 22.35203 ], [ 84.39449, 22.34385 ], [ 84.372, 22.34905 ], [ 84.32397, 22.33892 ], [ 84.28922, 22.33732 ], [ 84.26617, 22.34783 ], [ 84.24656, 22.3737 ], [ 84.19411, 22.37181 ], [ 84.18344, 22.38368 ], [ 84.15249, 22.40093 ], [ 84.13588, 22.42068 ], [ 84.1331, 22.44531 ], [ 84.13744, 22.4671 ], [ 84.10612, 22.47385 ], [ 84.07921, 22.48885 ], [ 84.05759, 22.51015 ], [ 84.0025, 22.52086 ], [ 83.99944, 22.5395 ], [ 84.00505, 22.56956 ], [ 84.02135, 22.58723 ], [ 84.04813, 22.59414 ], [ 84.08039, 22.63655 ], [ 84.14993, 22.63442 ], [ 84.18035, 22.64984 ], [ 84.197, 22.66378 ], [ 84.21479, 22.66456 ], [ 84.23224, 22.68858 ], [ 84.22536, 22.73516 ], [ 84.2601, 22.76494 ], [ 84.28529, 22.76337 ], [ 84.29031, 22.78716 ], [ 84.30997, 22.79898 ], [ 84.3177, 22.81718 ], [ 84.32031, 22.84942 ], [ 84.32946, 22.85955 ], [ 84.35793, 22.8606 ], [ 84.37596, 22.87364 ], [ 84.37671, 22.89773 ], [ 84.38905, 22.93874 ], [ 84.37779, 22.95192 ], [ 84.37054, 22.97507 ], [ 84.33181, 22.97914 ], [ 84.30676, 22.96751 ], [ 84.27857, 22.96125 ], [ 84.26888, 22.97903 ], [ 84.25091, 22.97143 ], [ 84.23741, 22.9804 ], [ 84.21706, 22.97647 ], [ 84.19679, 23.0041 ], [ 84.19994, 23.01512 ], [ 84.17905, 23.02256 ], [ 84.1686, 22.995 ], [ 84.16786, 22.97096 ], [ 84.148, 22.96387 ], [ 84.14421, 22.98819 ], [ 84.12461, 23.03075 ], [ 84.13077, 23.06336 ], [ 84.12647, 23.08515 ], [ 84.11245, 23.08718 ], [ 84.08787, 23.10949 ], [ 84.06671, 23.10711 ], [ 84.03368, 23.13844 ], [ 84.02909, 23.15388 ], [ 84.04399, 23.1846 ], [ 84.05612, 23.19641 ], [ 84.05045, 23.24095 ], [ 84.06382, 23.29224 ], [ 84.05995, 23.3082 ], [ 84.07025, 23.32999 ], [ 84.04996, 23.35186 ], [ 84.04339, 23.37401 ], [ 84.02074, 23.37546 ], [ 84.00653, 23.3528 ], [ 83.98302, 23.35955 ], [ 83.96689, 23.37423 ], [ 83.96778, 23.39299 ], [ 83.97945, 23.42669 ], [ 83.96973, 23.44767 ], [ 83.99725, 23.49311 ], [ 84.00876, 23.49958 ], [ 84.02267, 23.54424 ], [ 84.02512, 23.56579 ], [ 84.0203, 23.60018 ], [ 84.00187, 23.62044 ], [ 83.97546, 23.63083 ], [ 83.93789, 23.62243 ], [ 83.92959, 23.59368 ], [ 83.93526, 23.56304 ], [ 83.82122, 23.58485 ], [ 83.80634, 23.58231 ], [ 83.77489, 23.5995 ], [ 83.76494, 23.62148 ], [ 83.74779, 23.62665 ], [ 83.75208, 23.64898 ], [ 83.71473, 23.68254 ], [ 83.73214, 23.70467 ], [ 83.7294, 23.75473 ], [ 83.71236, 23.77233 ], [ 83.7108, 23.78953 ], [ 83.69559, 23.8076 ], [ 83.69539, 23.82067 ], [ 83.6722, 23.82008 ], [ 83.65833, 23.82782 ], [ 83.65624, 23.84364 ], [ 83.60057, 23.85348 ], [ 83.58117, 23.86192 ], [ 83.57015, 23.89036 ], [ 83.54937, 23.89284 ], [ 83.53732, 23.91463 ], [ 83.53894, 23.9335 ], [ 83.51244, 23.967 ], [ 83.50751, 24.00139 ], [ 83.50963, 24.0254 ], [ 83.47895, 24.03855 ], [ 83.44759, 24.04248 ], [ 83.43324, 24.0547 ], [ 83.42537, 24.08376 ], [ 83.4007, 24.08178 ], [ 83.38326, 24.09987 ], [ 83.34575, 24.09707 ], [ 83.32356, 24.10133 ], [ 83.34901, 24.12644 ], [ 83.35735, 24.15684 ], [ 83.37834, 24.20079 ], [ 83.3769, 24.23093 ], [ 83.40189, 24.266 ], [ 83.39616, 24.29339 ], [ 83.37561, 24.31345 ], [ 83.40333, 24.33739 ], [ 83.43431, 24.34747 ], [ 83.44321, 24.37279 ], [ 83.42989, 24.40379 ], [ 83.39896, 24.41208 ], [ 83.40067, 24.43714 ], [ 83.38141, 24.45565 ], [ 83.39256, 24.48028 ], [ 83.39301, 24.50119 ], [ 83.42636, 24.51278 ], [ 83.49817, 24.52706 ] ] ] ] } },
{ "type": "Feature", "properties": { "source": "https://simplemaps.com", "id": "INKA", "name": "Karnataka" }, "geometry": { "type": "MultiPolygon", "coordinates": [ [ [ [ 77.54996, 18.29135 ], [ 77.57066, 18.29047 ], [ 77.60302, 18.278 ], [ 77.57253, 18.24056 ], [ 77.58496, 18.21674 ], [ 77.57002, 18.18916 ], [ 77.57936, 18.16212 ], [ 77.59777, 18.15184 ], [ 77.59351, 18.12786 ], [ 77.60056, 18.0994 ], [ 77.59746, 18.08429 ], [ 77.56734, 18.07629 ], [ 77.54575, 18.05376 ], [ 77.55312, 18.03467 ], [ 77.60667, 18.01801 ], [ 77.6288, 17.99252 ], [ 77.64618, 17.9932 ], [ 77.6534, 17.96935 ], [ 77.64399, 17.94637 ], [ 77.62001, 17.94446 ], [ 77.61658, 17.90287 ], [ 77.58517, 17.90823 ], [ 77.59249, 17.8795 ], [ 77.56744, 17.86614 ], [ 77.56347, 17.842 ], [ 77.55432, 17.83049 ], [ 77.526, 17.82682 ], [ 77.52608, 17.81169 ], [ 77.51088, 17.80144 ], [ 77.50449, 17.78259 ], [ 77.52304, 17.77962 ], [ 77.55445, 17.76126 ], [ 77.56203, 17.74711 ], [ 77.53936, 17.72542 ], [ 77.52756, 17.72712 ], [ 77.49428, 17.71604 ], [ 77.48933, 17.7068 ], [ 77.45786, 17.69896 ], [ 77.44565, 17.65746 ], [ 77.45081, 17.63236 ], [ 77.44051, 17.60409 ], [ 77.43993, 17.58147 ], [ 77.46122, 17.57703 ], [ 77.47408, 17.56511 ], [ 77.49, 17.56627 ], [ 77.50162, 17.54088 ], [ 77.52742, 17.57322 ], [ 77.54839, 17.54946 ], [ 77.58539, 17.55836 ], [ 77.59173, 17.53268 ], [ 77.62122, 17.52225 ], [ 77.65662, 17.52134 ], [ 77.688, 17.49854 ], [ 77.68401, 17.47285 ], [ 77.64809, 17.48118 ], [ 77.63403, 17.47223 ], [ 77.61095, 17.46994 ], [ 77.61061, 17.44423 ], [ 77.5959, 17.44268 ], [ 77.5732, 17.4542 ], [ 77.57256, 17.42952 ], [ 77.53347, 17.44095 ], [ 77.51015, 17.42726 ], [ 77.51069, 17.41254 ], [ 77.53358, 17.39885 ], [ 77.52133, 17.38633 ], [ 77.52081, 17.36205 ], [ 77.48261, 17.35446 ], [ 77.47534, 17.36815 ], [ 77.4516, 17.37049 ], [ 77.45635, 17.34499 ], [ 77.44964, 17.3149 ], [ 77.43402, 17.28826 ], [ 77.45451, 17.27589 ], [ 77.38036, 17.21977 ], [ 77.39319, 17.21148 ], [ 77.39149, 17.19237 ], [ 77.37075, 17.19007 ], [ 77.35999, 17.16162 ], [ 77.37633, 17.13789 ], [ 77.40373, 17.12321 ], [ 77.46264, 17.10407 ], [ 77.46031, 17.09284 ], [ 77.47692, 17.07623 ], [ 77.47806, 17.06099 ], [ 77.49323, 17.03299 ], [ 77.49939, 17.00732 ], [ 77.47837, 16.99025 ], [ 77.47919, 16.96803 ], [ 77.46407, 16.95269 ], [ 77.46774, 16.91711 ], [ 77.4534, 16.90903 ], [ 77.4604, 16.84411 ], [ 77.45663, 16.82375 ], [ 77.47176, 16.79629 ], [ 77.46734, 16.7766 ], [ 77.43528, 16.77762 ], [ 77.43721, 16.76313 ], [ 77.42342, 16.71453 ], [ 77.46877, 16.70871 ], [ 77.46504, 16.67828 ], [ 77.41657, 16.66281 ], [ 77.43294, 16.63764 ], [ 77.46142, 16.64883 ], [ 77.47134, 16.64353 ], [ 77.45388, 16.60742 ], [ 77.45639, 16.581 ], [ 77.43673, 16.58121 ], [ 77.42096, 16.56517 ], [ 77.39144, 16.5652 ], [ 77.40157, 16.54678 ], [ 77.41566, 16.544 ], [ 77.41532, 16.51783 ], [ 77.38116, 16.51154 ], [ 77.36909, 16.50211 ], [ 77.36629, 16.48411 ], [ 77.32441, 16.48093 ], [ 77.29665, 16.49147 ], [ 77.292, 16.47364 ], [ 77.25151, 16.4679 ], [ 77.26439, 16.43005 ], [ 77.28466, 16.403 ], [ 77.33273, 16.3883 ], [ 77.35254, 16.37661 ], [ 77.3732, 16.37992 ], [ 77.41174, 16.36268 ], [ 77.43811, 16.37443 ], [ 77.48138, 16.37777 ], [ 77.51886, 16.37011 ], [ 77.53516, 16.35294 ], [ 77.58439, 16.32804 ], [ 77.59084, 16.31198 ], [ 77.58068, 16.28606 ], [ 77.56499, 16.29771 ], [ 77.54321, 16.28706 ], [ 77.52442, 16.26978 ], [ 77.50123, 16.26781 ], [ 77.48756, 16.24982 ], [ 77.49532, 16.213 ], [ 77.49492, 16.18712 ], [ 77.48363, 16.15855 ], [ 77.48667, 16.11576 ], [ 77.49789, 16.09722 ], [ 77.50294, 16.07323 ], [ 77.49072, 16.03063 ], [ 77.50169, 16.00554 ], [ 77.51011, 16.00225 ], [ 77.50552, 15.97267 ], [ 77.51488, 15.96315 ], [ 77.50945, 15.92086 ], [ 77.46698, 15.92758 ], [ 77.42642, 15.94228 ], [ 77.40763, 15.93565 ], [ 77.37622, 15.93325 ], [ 77.35361, 15.9437 ], [ 77.28245, 15.94736 ], [ 77.24892, 15.95774 ], [ 77.23609, 15.95271 ], [ 77.18063, 15.95006 ], [ 77.14343, 15.9406 ], [ 77.12994, 15.93039 ], [ 77.10461, 15.92453 ], [ 77.0768, 15.90974 ], [ 77.03319, 15.85308 ], [ 77.02815, 15.82559 ], [ 77.06389, 15.82317 ], [ 77.06248, 15.77839 ], [ 77.04669, 15.75133 ], [ 77.04709, 15.72501 ], [ 77.07627, 15.72141 ], [ 77.08437, 15.70896 ], [ 77.07593, 15.69088 ], [ 77.10084, 15.67888 ], [ 77.12498, 15.65905 ], [ 77.1162, 15.62511 ], [ 77.08144, 15.65284 ], [ 77.06887, 15.64091 ], [ 77.02711, 15.62935 ], [ 77.02889, 15.59826 ], [ 77.02371, 15.57638 ], [ 77.02886, 15.52512 ], [ 77.0266, 15.49999 ], [ 76.99603, 15.49973 ], [ 76.97189, 15.50633 ], [ 76.97039, 15.49092 ], [ 76.996, 15.46746 ], [ 77.0061, 15.44823 ], [ 77.0274, 15.43518 ], [ 77.02854, 15.4013 ], [ 77.04382, 15.38374 ], [ 77.03803, 15.35878 ], [ 77.0629, 15.33791 ], [ 77.06909, 15.31947 ], [ 77.10969, 15.32728 ], [ 77.11542, 15.28985 ], [ 77.14791, 15.28567 ], [ 77.14803, 15.27095 ], [ 77.16525, 15.25097 ], [ 77.14025, 15.25155 ], [ 77.1209, 15.22124 ], [ 77.14138, 15.21813 ], [ 77.15816, 15.19382 ], [ 77.16448, 15.16847 ], [ 77.15771, 15.14895 ], [ 77.13697, 15.14925 ], [ 77.13536, 15.13601 ], [ 77.15276, 15.13162 ], [ 77.14771, 15.10733 ], [ 77.12761, 15.09364 ], [ 77.12553, 15.06821 ], [ 77.10957, 15.02857 ], [ 77.08207, 15.02229 ], [ 77.07882, 15.00001 ], [ 77.04101, 15.00548 ], [ 77.04688, 15.02921 ], [ 77.00068, 15.02959 ], [ 76.9668, 15.01317 ], [ 76.95067, 15.02443 ], [ 76.91352, 15.03095 ], [ 76.8767, 15.02868 ], [ 76.86057, 15.05671 ], [ 76.83741, 15.07247 ], [ 76.82127, 15.07485 ], [ 76.79694, 15.09076 ], [ 76.77256, 15.06512 ], [ 76.77113, 15.05409 ], [ 76.78458, 15.01667 ], [ 76.75699, 14.98297 ], [ 76.76377, 14.96987 ], [ 76.79688, 14.96292 ], [ 76.81545, 14.96381 ], [ 76.8279, 14.95101 ], [ 76.84116, 14.96117 ], [ 76.86446, 14.96402 ], [ 76.86548, 14.9376 ], [ 76.86031, 14.89119 ], [ 76.84614, 14.89033 ], [ 76.85168, 14.86252 ], [ 76.84939, 14.8387 ], [ 76.84009, 14.83004 ], [ 76.83377, 14.78491 ], [ 76.78035, 14.77926 ], [ 76.79807, 14.73459 ], [ 76.77128, 14.67384 ], [ 76.76091, 14.59628 ], [ 76.77815, 14.57933 ], [ 76.78617, 14.55306 ], [ 76.79973, 14.52773 ], [ 76.84393, 14.50915 ], [ 76.86381, 14.47467 ], [ 76.8803, 14.47053 ], [ 76.90652, 14.48416 ], [ 76.9734, 14.47828 ], [ 76.95859, 14.44539 ], [ 76.94379, 14.4451 ], [ 76.94157, 14.39954 ], [ 76.9131, 14.41355 ], [ 76.89664, 14.39448 ], [ 76.88314, 14.39029 ], [ 76.87862, 14.35139 ], [ 76.89897, 14.31924 ], [ 76.94294, 14.30538 ], [ 76.94376, 14.28168 ], [ 76.92486, 14.27218 ], [ 76.93784, 14.24012 ], [ 76.95139, 14.23415 ], [ 76.98248, 14.23815 ], [ 77.00412, 14.23157 ], [ 77.03304, 14.24049 ], [ 77.04963, 14.23954 ], [ 77.07534, 14.20935 ], [ 77.09522, 14.20948 ], [ 77.10995, 14.22148 ], [ 77.11552, 14.25682 ], [ 77.10693, 14.26176 ], [ 77.11192, 14.28753 ], [ 77.12577, 14.30153 ], [ 77.13192, 14.33059 ], [ 77.15215, 14.33774 ], [ 77.19636, 14.3143 ], [ 77.24509, 14.31453 ], [ 77.25785, 14.3257 ], [ 77.28114, 14.33111 ], [ 77.27959, 14.27609 ], [ 77.35926, 14.26933 ], [ 77.35541, 14.23004 ], [ 77.37662, 14.21671 ], [ 77.38379, 14.19182 ], [ 77.41488, 14.20322 ], [ 77.40102, 14.26041 ], [ 77.38987, 14.26139 ], [ 77.37501, 14.29519 ], [ 77.37882, 14.31708 ], [ 77.39489, 14.32916 ], [ 77.42587, 14.32081 ], [ 77.44234, 14.30975 ], [ 77.44363, 14.27755 ], [ 77.4547, 14.27219 ], [ 77.47913, 14.28374 ], [ 77.49937, 14.26051 ], [ 77.49008, 14.22763 ], [ 77.51035, 14.17202 ], [ 77.50044, 14.15096 ], [ 77.46333, 14.16423 ], [ 77.38972, 14.16526 ], [ 77.37669, 14.1296 ], [ 77.34773, 14.12434 ], [ 77.35246, 14.10535 ], [ 77.38974, 14.11857 ], [ 77.39545, 14.10344 ], [ 77.37966, 14.09039 ], [ 77.37238, 14.07185 ], [ 77.35012, 14.05338 ], [ 77.33797, 14.05383 ], [ 77.32619, 14.02294 ], [ 77.36233, 14.01599 ], [ 77.38336, 14.00736 ], [ 77.37321, 13.98171 ], [ 77.38651, 13.974 ], [ 77.4205, 13.97687 ], [ 77.43064, 13.96878 ], [ 77.4287, 13.94334 ], [ 77.40771, 13.9361 ], [ 77.41897, 13.89491 ], [ 77.39706, 13.88054 ], [ 77.39042, 13.89769 ], [ 77.34834, 13.89654 ], [ 77.34261, 13.91224 ], [ 77.36261, 13.9423 ], [ 77.34374, 13.95089 ], [ 77.35378, 13.98232 ], [ 77.33347, 13.98805 ], [ 77.31349, 14.02482 ], [ 77.30356, 14.02673 ], [ 77.27851, 14.0069 ], [ 77.27151, 14.0281 ], [ 77.24257, 14.00631 ], [ 77.21885, 14.00791 ], [ 77.19456, 14.00286 ], [ 77.17139, 14.0086 ], [ 77.15444, 13.99061 ], [ 77.13435, 13.99813 ], [ 77.1211, 14.04218 ], [ 77.09076, 14.03826 ], [ 77.06903, 14.04719 ], [ 77.0237, 14.05326 ], [ 77.02399, 14.08337 ], [ 77.01044, 14.09205 ], [ 77.01659, 14.10609 ], [ 77.0138, 14.1274 ], [ 77.01983, 14.1727 ], [ 76.9585, 14.17551 ], [ 76.94164, 14.18931 ], [ 76.93698, 14.16589 ], [ 76.91718, 14.15767 ], [ 76.89143, 14.159 ], [ 76.88368, 14.13103 ], [ 76.91251, 14.12211 ], [ 76.92242, 14.12904 ], [ 76.94292, 14.1119 ], [ 76.95143, 14.08537 ], [ 76.96809, 14.07974 ], [ 76.97153, 14.05239 ], [ 76.93797, 14.0476 ], [ 76.9311, 14.02273 ], [ 76.94857, 14.00678 ], [ 76.97518, 13.99659 ], [ 76.99438, 13.98149 ], [ 76.989, 13.95669 ], [ 77.0081, 13.94737 ], [ 77.03584, 13.92559 ], [ 77.04128, 13.8974 ], [ 77.01728, 13.89337 ], [ 77.00599, 13.85009 ], [ 76.96883, 13.81024 ], [ 76.98372, 13.80419 ], [ 76.98123, 13.7858 ], [ 76.99259, 13.74255 ], [ 77.01142, 13.73272 ], [ 77.01987, 13.76986 ], [ 77.03519, 13.76928 ], [ 77.06004, 13.73886 ], [ 77.08059, 13.73739 ], [ 77.08036, 13.75342 ], [ 77.09527, 13.76088 ], [ 77.12352, 13.75089 ], [ 77.16658, 13.75467 ], [ 77.17134, 13.77205 ], [ 77.1541, 13.80056 ], [ 77.16194, 13.81546 ], [ 77.14577, 13.83494 ], [ 77.12527, 13.84301 ], [ 77.13939, 13.85904 ], [ 77.16492, 13.86622 ], [ 77.15594, 13.89981 ], [ 77.17703, 13.9174 ], [ 77.18221, 13.9013 ], [ 77.17513, 13.8614 ], [ 77.19271, 13.85622 ], [ 77.22548, 13.89547 ], [ 77.2401, 13.89408 ], [ 77.25044, 13.83947 ], [ 77.28552, 13.84603 ], [ 77.30693, 13.85724 ], [ 77.32001, 13.82575 ], [ 77.3522, 13.84438 ], [ 77.37286, 13.83129 ], [ 77.42472, 13.82669 ], [ 77.40866, 13.79925 ], [ 77.42866, 13.78799 ], [ 77.44057, 13.80229 ], [ 77.45079, 13.78553 ], [ 77.46262, 13.74358 ], [ 77.45685, 13.71264 ], [ 77.44482, 13.69576 ], [ 77.44975, 13.67579 ], [ 77.47649, 13.6776 ], [ 77.48514, 13.68669 ], [ 77.47972, 13.70321 ], [ 77.50277, 13.70441 ], [ 77.50797, 13.6888 ], [ 77.52152, 13.68787 ], [ 77.52784, 13.70703 ], [ 77.51967, 13.74385 ], [ 77.53951, 13.74372 ], [ 77.54814, 13.72041 ], [ 77.58154, 13.73057 ], [ 77.5956, 13.74358 ], [ 77.61565, 13.72836 ], [ 77.61435, 13.76031 ], [ 77.64909, 13.77584 ], [ 77.67023, 13.7775 ], [ 77.6685, 13.75228 ], [ 77.69553, 13.76143 ], [ 77.71101, 13.73771 ], [ 77.71286, 13.79052 ], [ 77.72842, 13.80174 ], [ 77.76921, 13.80854 ], [ 77.7741, 13.83173 ], [ 77.80278, 13.84067 ], [ 77.82772, 13.86062 ], [ 77.82099, 13.88923 ], [ 77.81108, 13.8947 ], [ 77.80635, 13.91755 ], [ 77.81423, 13.931 ], [ 77.86243, 13.9268 ], [ 77.88699, 13.93118 ], [ 77.88969, 13.91135 ], [ 77.91161, 13.89724 ], [ 77.95076, 13.92792 ], [ 77.96127, 13.94997 ], [ 77.97858, 13.94765 ], [ 77.97351, 13.92423 ], [ 77.97803, 13.89335 ], [ 77.94952, 13.88447 ], [ 77.94184, 13.87105 ], [ 77.94814, 13.8248 ], [ 77.96578, 13.82016 ], [ 77.98516, 13.86167 ], [ 78.03783, 13.85285 ], [ 78.04115, 13.88673 ], [ 78.07092, 13.87196 ], [ 78.07491, 13.85492 ], [ 78.10604, 13.85354 ], [ 78.11726, 13.82177 ], [ 78.10766, 13.8036 ], [ 78.11823, 13.7769 ], [ 78.11101, 13.76175 ], [ 78.08492, 13.73349 ], [ 78.10938, 13.71023 ], [ 78.10538, 13.6844 ], [ 78.08515, 13.68063 ], [ 78.06406, 13.68818 ], [ 78.06586, 13.66449 ], [ 78.07999, 13.65039 ], [ 78.08073, 13.63534 ], [ 78.10736, 13.64709 ], [ 78.14617, 13.64966 ], [ 78.159, 13.64517 ], [ 78.16054, 13.62343 ], [ 78.19394, 13.61616 ], [ 78.19374, 13.5949 ], [ 78.17947, 13.57894 ], [ 78.189, 13.55638 ], [ 78.2085, 13.58188 ], [ 78.22769, 13.58722 ], [ 78.24968, 13.5743 ], [ 78.31248, 13.5835 ], [ 78.34367, 13.57778 ], [ 78.38032, 13.58131 ], [ 78.39776, 13.56619 ], [ 78.38547, 13.53167 ], [ 78.36729, 13.49517 ], [ 78.36256, 13.45207 ], [ 78.37128, 13.391 ], [ 78.35516, 13.35507 ], [ 78.39738, 13.33233 ], [ 78.39125, 13.30371 ], [ 78.41526, 13.31713 ], [ 78.42907, 13.31711 ], [ 78.43598, 13.29835 ], [ 78.4664, 13.31012 ], [ 78.47018, 13.2939 ], [ 78.50116, 13.27721 ], [ 78.5208, 13.25559 ], [ 78.52876, 13.27586 ], [ 78.56717, 13.27177 ], [ 78.57747, 13.26205 ], [ 78.55989, 13.23337 ], [ 78.55326, 13.18924 ], [ 78.56908, 13.15648 ], [ 78.53878, 13.15157 ], [ 78.53545, 13.13074 ], [ 78.50875, 13.11959 ], [ 78.5162, 13.10082 ], [ 78.51381, 13.08468 ], [ 78.49857, 13.06979 ], [ 78.50458, 13.05276 ], [ 78.46705, 13.04137 ], [ 78.45158, 13.03153 ], [ 78.45036, 13.01487 ], [ 78.46143, 12.97912 ], [ 78.4579, 12.96324 ], [ 78.42265, 12.9686 ], [ 78.42136, 12.92353 ], [ 78.45613, 12.89275 ], [ 78.45695, 12.86606 ], [ 78.43849, 12.87974 ], [ 78.43583, 12.90067 ], [ 78.41734, 12.88903 ], [ 78.40292, 12.89132 ], [ 78.3884, 12.90552 ], [ 78.37834, 12.89519 ], [ 78.34543, 12.92806 ], [ 78.32719, 12.88923 ], [ 78.31646, 12.89261 ], [ 78.30409, 12.86576 ], [ 78.3031, 12.8472 ], [ 78.27569, 12.84916 ], [ 78.26263, 12.85659 ], [ 78.2411, 12.84742 ], [ 78.24187, 12.81233 ], [ 78.2295, 12.76201 ], [ 78.22065, 12.75259 ], [ 78.16615, 12.765 ], [ 78.15814, 12.76022 ], [ 78.12067, 12.77001 ], [ 78.11449, 12.78707 ], [ 78.08648, 12.80334 ], [ 78.06457, 12.83017 ], [ 78.02216, 12.84122 ], [ 77.9933, 12.81367 ], [ 78.00148, 12.79544 ], [ 77.9814, 12.79564 ], [ 77.98135, 12.81042 ], [ 77.958, 12.83634 ], [ 77.9399, 12.82935 ], [ 77.93298, 12.81292 ], [ 77.90923, 12.82202 ], [ 77.91534, 12.84427 ], [ 77.9278, 12.85047 ], [ 77.91437, 12.87354 ], [ 77.88746, 12.86692 ], [ 77.88226, 12.8584 ], [ 77.8256, 12.85899 ], [ 77.82209, 12.84985 ], [ 77.78356, 12.82825 ], [ 77.80102, 12.82081 ], [ 77.78793, 12.78132 ], [ 77.77163, 12.75983 ], [ 77.78497, 12.74505 ], [ 77.77808, 12.73367 ], [ 77.75837, 12.72932 ], [ 77.76304, 12.71446 ], [ 77.75024, 12.68716 ], [ 77.72726, 12.68287 ], [ 77.7184, 12.66198 ], [ 77.70382, 12.67374 ], [ 77.69547, 12.65124 ], [ 77.66781, 12.65064 ], [ 77.6703, 12.67124 ], [ 77.65429, 12.67417 ], [ 77.59034, 12.65754 ], [ 77.58797, 12.64269 ], [ 77.59782, 12.62102 ], [ 77.58212, 12.60509 ], [ 77.58146, 12.58423 ], [ 77.57005, 12.55793 ], [ 77.57851, 12.50701 ], [ 77.6052, 12.50333 ], [ 77.60178, 12.49166 ], [ 77.57536, 12.46838 ], [ 77.59665, 12.46461 ], [ 77.61729, 12.48551 ], [ 77.62521, 12.47726 ], [ 77.61583, 12.40488 ], [ 77.60383, 12.35375 ], [ 77.5686, 12.32419 ], [ 77.5561, 12.29716 ], [ 77.54271, 12.28371 ], [ 77.52352, 12.281 ], [ 77.51834, 12.26953 ], [ 77.49319, 12.27279 ], [ 77.47018, 12.26187 ], [ 77.46295, 12.23577 ], [ 77.47366, 12.22494 ], [ 77.46567, 12.20226 ], [ 77.48248, 12.19012 ], [ 77.51131, 12.18397 ], [ 77.53852, 12.19449 ], [ 77.55583, 12.18711 ], [ 77.60412, 12.19516 ], [ 77.62891, 12.18632 ], [ 77.65545, 12.18775 ], [ 77.72636, 12.16732 ], [ 77.73907, 12.14786 ], [ 77.74025, 12.12929 ], [ 77.76701, 12.10914 ], [ 77.7461, 12.06932 ], [ 77.72037, 12.05335 ], [ 77.68945, 12.00995 ], [ 77.66371, 11.95296 ], [ 77.66471, 11.9397 ], [ 77.63673, 11.94026 ], [ 77.57329, 11.92401 ], [ 77.548, 11.93075 ], [ 77.52365, 11.92148 ], [ 77.49043, 11.92974 ], [ 77.47597, 11.88955 ], [ 77.45393, 11.89055 ], [ 77.4563, 11.83912 ], [ 77.43105, 11.77168 ], [ 77.41247, 11.76228 ], [ 77.3819, 11.77616 ], [ 77.35516, 11.77837 ], [ 77.34566, 11.76407 ], [ 77.32612, 11.75894 ], [ 77.28481, 11.79836 ], [ 77.2783, 11.78974 ], [ 77.24174, 11.80246 ], [ 77.22705, 11.78375 ], [ 77.18967, 11.78282 ], [ 77.16592, 11.77423 ], [ 77.13724, 11.77197 ], [ 77.11389, 11.76183 ], [ 77.09627, 11.72312 ], [ 77.07589, 11.72389 ], [ 77.05011, 11.75775 ], [ 77.06185, 11.77206 ], [ 77.04126, 11.77759 ], [ 77.02276, 11.79498 ], [ 77.00443, 11.80302 ], [ 76.97484, 11.79102 ], [ 76.9596, 11.7652 ], [ 76.94444, 11.78134 ], [ 76.89969, 11.78327 ], [ 76.88797, 11.7659 ], [ 76.88087, 11.72459 ], [ 76.85356, 11.69878 ], [ 76.83003, 11.64904 ], [ 76.8297, 11.62934 ], [ 76.85091, 11.60183 ], [ 76.83597, 11.58403 ], [ 76.81651, 11.59721 ], [ 76.7514, 11.60671 ], [ 76.62566, 11.60382 ], [ 76.60787, 11.60044 ], [ 76.55363, 11.61292 ], [ 76.54042, 11.67051 ], [ 76.50421, 11.69804 ], [ 76.47368, 11.67814 ], [ 76.45136, 11.65512 ], [ 76.42346, 11.65932 ], [ 76.41021, 11.66457 ], [ 76.4022, 11.68312 ], [ 76.40311, 11.70678 ], [ 76.41899, 11.7215 ], [ 76.40442, 11.74985 ], [ 76.37234, 11.7362 ], [ 76.35605, 11.73991 ], [ 76.33498, 11.73063 ], [ 76.3105, 11.74386 ], [ 76.29996, 11.77615 ], [ 76.28365, 11.78487 ], [ 76.27509, 11.80076 ], [ 76.24439, 11.79531 ], [ 76.21853, 11.80004 ], [ 76.20551, 11.81958 ], [ 76.20342, 11.84906 ], [ 76.18404, 11.86376 ], [ 76.13902, 11.85711 ], [ 76.12565, 11.84477 ], [ 76.10806, 11.85118 ], [ 76.10791, 11.97064 ], [ 76.09127, 11.96159 ], [ 76.07281, 11.96128 ], [ 76.02959, 11.93278 ], [ 76.00397, 11.93192 ], [ 75.99819, 11.92362 ], [ 75.97627, 11.92497 ], [ 75.94839, 11.93391 ], [ 75.93112, 11.93111 ], [ 75.87675, 11.94071 ], [ 75.85109, 11.95704 ], [ 75.84444, 11.97027 ], [ 75.82439, 11.98428 ], [ 75.82752, 12.00285 ], [ 75.79996, 12.03029 ], [ 75.79535, 12.07423 ], [ 75.76296, 12.07858 ], [ 75.71706, 12.06209 ], [ 75.7142, 12.06921 ], [ 75.70653, 12.08281 ], [ 75.70033, 12.08803 ], [ 75.69196, 12.10259 ], [ 75.67274, 12.09067 ], [ 75.66243, 12.09118 ], [ 75.64298, 12.11993 ], [ 75.64251, 12.13077 ], [ 75.63679, 12.14042 ], [ 75.62937, 12.14162 ], [ 75.62687, 12.14505 ], [ 75.60815, 12.14867 ], [ 75.59472, 12.14536 ], [ 75.59145, 12.14305 ], [ 75.58271, 12.15043 ], [ 75.56384, 12.16683 ], [ 75.55113, 12.18444 ], [ 75.54386, 12.19197 ], [ 75.54037, 12.19237 ], [ 75.53299, 12.19909 ], [ 75.53805, 12.20678 ], [ 75.52533, 12.21963 ], [ 75.52336, 12.22887 ], [ 75.51994, 12.23317 ], [ 75.51929, 12.23594 ], [ 75.51308, 12.24932 ], [ 75.51111, 12.25332 ], [ 75.50393, 12.26316 ], [ 75.494, 12.26513 ], [ 75.49252, 12.26682 ], [ 75.48273, 12.28618 ], [ 75.46721, 12.29538 ], [ 75.44141, 12.29001 ], [ 75.43073, 12.292 ], [ 75.41913, 12.2864 ], [ 75.4304, 12.29952 ], [ 75.42308, 12.30814 ], [ 75.41118, 12.33782 ], [ 75.41428, 12.34393 ], [ 75.42143, 12.3619 ], [ 75.41887, 12.36952 ], [ 75.40337, 12.37256 ], [ 75.40114, 12.3757 ], [ 75.39433, 12.37983 ], [ 75.37859, 12.38667 ], [ 75.3656, 12.40704 ], [ 75.36944, 12.44563 ], [ 75.36662, 12.45166 ], [ 75.39193, 12.44509 ], [ 75.4035, 12.44757 ], [ 75.41467, 12.45409 ], [ 75.42429, 12.46625 ], [ 75.41449, 12.49671 ], [ 75.40424, 12.4896 ], [ 75.39732, 12.49781 ], [ 75.38657, 12.49192 ], [ 75.38107, 12.49149 ], [ 75.37721, 12.48643 ], [ 75.373, 12.47716 ], [ 75.35564, 12.45802 ], [ 75.34087, 12.45605 ], [ 75.34053, 12.46463 ], [ 75.33558, 12.48505 ], [ 75.32064, 12.49125 ], [ 75.30431, 12.49751 ], [ 75.30466, 12.51729 ], [ 75.28114, 12.51814 ], [ 75.27092, 12.55354 ], [ 75.2914, 12.57488 ], [ 75.31619, 12.56866 ], [ 75.30149, 12.59906 ], [ 75.27673, 12.61166 ], [ 75.23819, 12.56411 ], [ 75.21404, 12.57341 ], [ 75.20954, 12.59727 ], [ 75.19871, 12.60616 ], [ 75.20143, 12.62511 ], [ 75.18258, 12.62744 ], [ 75.17001, 12.61656 ], [ 75.15488, 12.61958 ], [ 75.15033, 12.64189 ], [ 75.16129, 12.66407 ], [ 75.14451, 12.6729 ], [ 75.11267, 12.67591 ], [ 75.10442, 12.69155 ], [ 75.08498, 12.68968 ], [ 75.08309, 12.66641 ], [ 75.07027, 12.65802 ], [ 75.04781, 12.66009 ], [ 75.04468, 12.68744 ], [ 75.05679, 12.68672 ], [ 75.04967, 12.7147 ], [ 75.03812, 12.71859 ], [ 75.00307, 12.71369 ], [ 74.99175, 12.73817 ], [ 75.00861, 12.76043 ], [ 75.00528, 12.78549 ], [ 74.97067, 12.77256 ], [ 74.9542, 12.77928 ], [ 74.89453, 12.7561 ], [ 74.8856, 12.74877 ], [ 74.86708, 12.75445 ], [ 74.84514, 12.79764 ], [ 74.82875, 12.84653 ], [ 74.82125, 12.85292 ], [ 74.80681, 12.91931 ], [ 74.79736, 12.9732 ], [ 74.77903, 13.05431 ], [ 74.78208, 13.06375 ], [ 74.76958, 13.09542 ], [ 74.75792, 13.15069 ], [ 74.73347, 13.23708 ], [ 74.72375, 13.27986 ], [ 74.7232, 13.30292 ], [ 74.7143, 13.33458 ], [ 74.6982, 13.35264 ], [ 74.69431, 13.45403 ], [ 74.69041, 13.4607 ], [ 74.68125, 13.54903 ], [ 74.6618, 13.65542 ], [ 74.6507, 13.66764 ], [ 74.64403, 13.69375 ], [ 74.62764, 13.78597 ], [ 74.60931, 13.86208 ], [ 74.59458, 13.88846 ], [ 74.59125, 13.90708 ], [ 74.5668, 13.94903 ], [ 74.55042, 13.9482 ], [ 74.51458, 13.98625 ], [ 74.50153, 14.02264 ], [ 74.49931, 14.04986 ], [ 74.4882, 14.08681 ], [ 74.4743, 14.16875 ], [ 74.4668, 14.19681 ], [ 74.45319, 14.20153 ], [ 74.41319, 14.31736 ], [ 74.40542, 14.37208 ], [ 74.39264, 14.41875 ], [ 74.35957, 14.50181 ], [ 74.36069, 14.51986 ], [ 74.38319, 14.53708 ], [ 74.36903, 14.55847 ], [ 74.34986, 14.54403 ], [ 74.35403, 14.52125 ], [ 74.31625, 14.51903 ], [ 74.31125, 14.55181 ], [ 74.27348, 14.62708 ], [ 74.28403, 14.63097 ], [ 74.2782, 14.65875 ], [ 74.28181, 14.67792 ], [ 74.24958, 14.73958 ], [ 74.19347, 14.73514 ], [ 74.17932, 14.74986 ], [ 74.15986, 14.75486 ], [ 74.14292, 14.77792 ], [ 74.11014, 14.78458 ], [ 74.09264, 14.80319 ], [ 74.12625, 14.81597 ], [ 74.12458, 14.83736 ], [ 74.0993, 14.88042 ], [ 74.10417, 14.90375 ], [ 74.13342, 14.91595 ], [ 74.14571, 14.91743 ], [ 74.17539, 14.90892 ], [ 74.17516, 14.91615 ], [ 74.16596, 14.93676 ], [ 74.16966, 14.94218 ], [ 74.1699, 14.9473 ], [ 74.18656, 14.95338 ], [ 74.19742, 14.94327 ], [ 74.20416, 14.93785 ], [ 74.20309, 14.92742 ], [ 74.21927, 14.93138 ], [ 74.24168, 14.94645 ], [ 74.24387, 14.95749 ], [ 74.25101, 14.96082 ], [ 74.26207, 14.95755 ], [ 74.26659, 14.96682 ], [ 74.27391, 14.97522 ], [ 74.27159, 14.99774 ], [ 74.27103, 14.99881 ], [ 74.28186, 15.01557 ], [ 74.28979, 15.02161 ], [ 74.28906, 15.03012 ], [ 74.30234, 15.03986 ], [ 74.28722, 15.06936 ], [ 74.28107, 15.10183 ], [ 74.29309, 15.11996 ], [ 74.28957, 15.14313 ], [ 74.31087, 15.16203 ], [ 74.32191, 15.18407 ], [ 74.30213, 15.22814 ], [ 74.26352, 15.24188 ], [ 74.27662, 15.27445 ], [ 74.30231, 15.28586 ], [ 74.33413, 15.28286 ], [ 74.34165, 15.29293 ], [ 74.32334, 15.32959 ], [ 74.32837, 15.36725 ], [ 74.30569, 15.3805 ], [ 74.28996, 15.38122 ], [ 74.27562, 15.4239 ], [ 74.28252, 15.44312 ], [ 74.25633, 15.48952 ], [ 74.2819, 15.51295 ], [ 74.28728, 15.526 ], [ 74.27258, 15.55426 ], [ 74.25431, 15.56583 ], [ 74.26516, 15.59016 ], [ 74.26747, 15.61705 ], [ 74.25943, 15.62446 ], [ 74.25526, 15.65421 ], [ 74.23158, 15.66652 ], [ 74.22409, 15.65031 ], [ 74.19633, 15.66491 ], [ 74.17544, 15.67016 ], [ 74.17343, 15.65205 ], [ 74.14278, 15.64711 ], [ 74.12603, 15.65029 ], [ 74.09802, 15.66597 ], [ 74.1336, 15.6784 ], [ 74.14153, 15.70036 ], [ 74.13486, 15.72218 ], [ 74.16013, 15.73435 ], [ 74.16767, 15.74925 ], [ 74.19707, 15.75022 ], [ 74.21133, 15.75859 ], [ 74.21741, 15.77876 ], [ 74.24034, 15.78075 ], [ 74.23517, 15.75961 ], [ 74.24387, 15.7444 ], [ 74.27401, 15.75312 ], [ 74.29217, 15.73931 ], [ 74.32408, 15.75653 ], [ 74.32975, 15.77038 ], [ 74.35094, 15.76336 ], [ 74.36485, 15.77365 ], [ 74.37551, 15.79672 ], [ 74.36916, 15.81216 ], [ 74.38741, 15.84711 ], [ 74.35377, 15.8481 ], [ 74.35296, 15.85924 ], [ 74.36998, 15.87568 ], [ 74.39919, 15.87435 ], [ 74.39187, 15.90116 ], [ 74.43523, 15.95117 ], [ 74.44996, 15.98323 ], [ 74.44967, 15.99853 ], [ 74.46391, 16.02256 ], [ 74.46796, 16.0467 ], [ 74.44048, 16.05702 ], [ 74.41122, 16.04901 ], [ 74.39005, 16.03513 ], [ 74.37099, 16.05957 ], [ 74.40406, 16.09098 ], [ 74.43459, 16.11062 ], [ 74.46455, 16.10211 ], [ 74.48909, 16.08732 ], [ 74.49711, 16.11237 ], [ 74.49095, 16.142 ], [ 74.49782, 16.18134 ], [ 74.51288, 16.18826 ], [ 74.50317, 16.21156 ], [ 74.50833, 16.22294 ], [ 74.48412, 16.24673 ], [ 74.42253, 16.25745 ], [ 74.42123, 16.28059 ], [ 74.39127, 16.2756 ], [ 74.38007, 16.2935 ], [ 74.36257, 16.28714 ], [ 74.33705, 16.26572 ], [ 74.32869, 16.27943 ], [ 74.34872, 16.29147 ], [ 74.3344, 16.34052 ], [ 74.32371, 16.35361 ], [ 74.33501, 16.38872 ], [ 74.34577, 16.38952 ], [ 74.3519, 16.3663 ], [ 74.36868, 16.39117 ], [ 74.36457, 16.40324 ], [ 74.34265, 16.40049 ], [ 74.33887, 16.45216 ], [ 74.32194, 16.45004 ], [ 74.29484, 16.47435 ], [ 74.2999, 16.50263 ], [ 74.28895, 16.50378 ], [ 74.26878, 16.47603 ], [ 74.26313, 16.49895 ], [ 74.28669, 16.50677 ], [ 74.27663, 16.52061 ], [ 74.27637, 16.54453 ], [ 74.30692, 16.52917 ], [ 74.33215, 16.5537 ], [ 74.38544, 16.5274 ], [ 74.39565, 16.53567 ], [ 74.3955, 16.55952 ], [ 74.40348, 16.57867 ], [ 74.42883, 16.58273 ], [ 74.44082, 16.59869 ], [ 74.47246, 16.60481 ], [ 74.46447, 16.63399 ], [ 74.4648, 16.65295 ], [ 74.47739, 16.66078 ], [ 74.49551, 16.62767 ], [ 74.55144, 16.63321 ], [ 74.54985, 16.59218 ], [ 74.56556, 16.59038 ], [ 74.55967, 16.55975 ], [ 74.57405, 16.55197 ], [ 74.617, 16.56797 ], [ 74.64052, 16.58194 ], [ 74.64114, 16.60469 ], [ 74.66387, 16.60108 ], [ 74.69431, 16.61519 ], [ 74.66051, 16.63758 ], [ 74.67174, 16.66353 ], [ 74.69611, 16.67498 ], [ 74.6982, 16.7152 ], [ 74.73662, 16.71584 ], [ 74.77901, 16.74859 ], [ 74.85034, 16.76032 ], [ 74.85497, 16.77077 ], [ 74.92382, 16.76995 ], [ 74.91586, 16.78568 ], [ 74.91196, 16.85594 ], [ 74.94862, 16.88009 ], [ 74.9641, 16.87788 ], [ 74.96726, 16.90538 ], [ 74.95284, 16.90648 ], [ 74.92703, 16.92562 ], [ 74.93839, 16.94099 ], [ 74.95454, 16.93 ], [ 74.96671, 16.93565 ], [ 74.98582, 16.92902 ], [ 75.0037, 16.94583 ], [ 75.04815, 16.93871 ], [ 75.09415, 16.94723 ], [ 75.09471, 16.92115 ], [ 75.10693, 16.90952 ], [ 75.1384, 16.89292 ], [ 75.14113, 16.87354 ], [ 75.17175, 16.8648 ], [ 75.19252, 16.86956 ], [ 75.1832, 16.84204 ], [ 75.23001, 16.84092 ], [ 75.241, 16.86296 ], [ 75.2683, 16.86086 ], [ 75.28278, 16.87424 ], [ 75.29178, 16.90114 ], [ 75.28558, 16.90943 ], [ 75.28462, 16.95355 ], [ 75.34533, 16.95252 ], [ 75.37169, 16.96869 ], [ 75.39476, 16.97639 ], [ 75.43102, 16.96346 ], [ 75.4438, 16.97949 ], [ 75.46791, 16.98533 ], [ 75.48969, 16.96539 ], [ 75.49301, 16.94518 ], [ 75.51701, 16.95193 ], [ 75.53001, 16.96583 ], [ 75.57034, 16.96362 ], [ 75.56992, 17.00617 ], [ 75.60952, 17.00311 ], [ 75.61066, 16.96962 ], [ 75.63634, 16.96581 ], [ 75.64503, 16.95103 ], [ 75.67842, 16.96394 ], [ 75.66868, 16.98322 ], [ 75.67224, 17.03573 ], [ 75.654, 17.03064 ], [ 75.64787, 17.04657 ], [ 75.68108, 17.07114 ], [ 75.6741, 17.11355 ], [ 75.65363, 17.11313 ], [ 75.65273, 17.13273 ], [ 75.63139, 17.16007 ], [ 75.6307, 17.18616 ], [ 75.66388, 17.21375 ], [ 75.65748, 17.27057 ], [ 75.63232, 17.27222 ], [ 75.62469, 17.2938 ], [ 75.60596, 17.30326 ], [ 75.61604, 17.32876 ], [ 75.61311, 17.34229 ], [ 75.58405, 17.35134 ], [ 75.57854, 17.38293 ], [ 75.61581, 17.39186 ], [ 75.61543, 17.42203 ], [ 75.62533, 17.45811 ], [ 75.63559, 17.47751 ], [ 75.6623, 17.45968 ], [ 75.68082, 17.45397 ], [ 75.68081, 17.43616 ], [ 75.69119, 17.41261 ], [ 75.70806, 17.40832 ], [ 75.73704, 17.4219 ], [ 75.76977, 17.40684 ], [ 75.78232, 17.37881 ], [ 75.81133, 17.36994 ], [ 75.82199, 17.41968 ], [ 75.83889, 17.42054 ], [ 75.856, 17.40768 ], [ 75.85911, 17.38897 ], [ 75.89436, 17.4059 ], [ 75.89366, 17.35362 ], [ 75.91071, 17.34582 ], [ 75.93115, 17.32411 ], [ 75.97153, 17.33646 ], [ 76.00027, 17.33775 ], [ 76.01546, 17.35061 ], [ 76.0632, 17.3519 ], [ 76.07874, 17.33007 ], [ 76.102, 17.36226 ], [ 76.12121, 17.36634 ], [ 76.13759, 17.35257 ], [ 76.16315, 17.34091 ], [ 76.1638, 17.30033 ], [ 76.17892, 17.31392 ], [ 76.17233, 17.34873 ], [ 76.18291, 17.3565 ], [ 76.229, 17.36323 ], [ 76.27018, 17.35653 ], [ 76.27588, 17.33053 ], [ 76.31721, 17.32944 ], [ 76.31301, 17.34327 ], [ 76.34361, 17.34993 ], [ 76.35227, 17.31059 ], [ 76.38171, 17.31181 ], [ 76.39299, 17.33628 ], [ 76.41064, 17.34769 ], [ 76.40807, 17.36929 ], [ 76.362, 17.37508 ], [ 76.37318, 17.43442 ], [ 76.33366, 17.43229 ], [ 76.3308, 17.46882 ], [ 76.35001, 17.47213 ], [ 76.3723, 17.48578 ], [ 76.36659, 17.49529 ], [ 76.34595, 17.4916 ], [ 76.34634, 17.51148 ], [ 76.36641, 17.51671 ], [ 76.3609, 17.53626 ], [ 76.34003, 17.54257 ], [ 76.33167, 17.59487 ], [ 76.41567, 17.6042 ], [ 76.42873, 17.64441 ], [ 76.4523, 17.65555 ], [ 76.4893, 17.66067 ], [ 76.48465, 17.66963 ], [ 76.48637, 17.71352 ], [ 76.52364, 17.71523 ], [ 76.5237, 17.75889 ], [ 76.55978, 17.76314 ], [ 76.56811, 17.7398 ], [ 76.56943, 17.70374 ], [ 76.58703, 17.70789 ], [ 76.5988, 17.72797 ], [ 76.60406, 17.75583 ], [ 76.62695, 17.75596 ], [ 76.63065, 17.729 ], [ 76.65521, 17.7164 ], [ 76.66314, 17.68786 ], [ 76.69055, 17.67995 ], [ 76.69236, 17.70526 ], [ 76.71797, 17.74787 ], [ 76.71938, 17.7853 ], [ 76.73943, 17.77913 ], [ 76.76276, 17.78711 ], [ 76.77628, 17.79938 ], [ 76.78817, 17.82647 ], [ 76.76574, 17.8508 ], [ 76.73746, 17.85706 ], [ 76.74068, 17.89801 ], [ 76.76595, 17.89843 ], [ 76.77457, 17.87696 ], [ 76.8028, 17.86832 ], [ 76.80823, 17.88309 ], [ 76.85384, 17.89784 ], [ 76.88118, 17.89305 ], [ 76.90021, 17.91469 ], [ 76.91644, 17.91509 ], [ 76.91322, 17.93721 ], [ 76.91959, 17.98538 ], [ 76.91772, 18.03323 ], [ 76.95206, 18.03771 ], [ 76.94974, 18.08233 ], [ 76.96828, 18.09711 ], [ 76.95339, 18.11011 ], [ 76.92256, 18.11611 ], [ 76.94376, 18.15474 ], [ 76.95411, 18.18489 ], [ 76.99146, 18.18665 ], [ 76.99776, 18.16685 ], [ 77.02399, 18.16268 ], [ 77.03284, 18.18378 ], [ 77.04945, 18.17321 ], [ 77.05767, 18.15236 ], [ 77.10889, 18.15269 ], [ 77.11633, 18.16761 ], [ 77.09554, 18.1951 ], [ 77.12099, 18.2067 ], [ 77.1395, 18.20724 ], [ 77.1572, 18.25309 ], [ 77.17784, 18.28185 ], [ 77.20618, 18.27796 ], [ 77.19541, 18.31271 ], [ 77.20998, 18.31374 ], [ 77.22727, 18.3449 ], [ 77.23287, 18.38613 ], [ 77.24023, 18.40865 ], [ 77.31327, 18.43938 ], [ 77.32558, 18.45512 ], [ 77.34208, 18.43029 ], [ 77.35407, 18.44874 ], [ 77.36441, 18.42985 ], [ 77.36975, 18.40071 ], [ 77.4005, 18.3978 ], [ 77.40788, 18.37849 ], [ 77.39182, 18.36593 ], [ 77.39283, 18.34055 ], [ 77.36702, 18.32232 ], [ 77.36253, 18.30829 ], [ 77.40781, 18.29956 ], [ 77.43637, 18.30649 ], [ 77.43693, 18.28204 ], [ 77.46539, 18.25996 ], [ 77.49223, 18.26588 ], [ 77.51264, 18.28198 ], [ 77.50843, 18.30217 ], [ 77.51978, 18.30737 ], [ 77.54996, 18.29135 ] ] ] ] } },
{ "type": "Feature", "properties": { "source": "https://simplemaps.com", "id": "INKL", "name": "Kerala" }, "geometry": { "type": "MultiPolygon", "coordinates": [ [ [ [ 74.86708, 12.75445 ], [ 74.8856, 12.74877 ], [ 74.89453, 12.7561 ], [ 74.9542, 12.77928 ], [ 74.97067, 12.77256 ], [ 75.00528, 12.78549 ], [ 75.00861, 12.76043 ], [ 74.99175, 12.73817 ], [ 75.00307, 12.71369 ], [ 75.03812, 12.71859 ], [ 75.04967, 12.7147 ], [ 75.05679, 12.68672 ], [ 75.04468, 12.68744 ], [ 75.04781, 12.66009 ], [ 75.07027, 12.65802 ], [ 75.08309, 12.66641 ], [ 75.08498, 12.68968 ], [ 75.10442, 12.69155 ], [ 75.11267, 12.67591 ], [ 75.14451, 12.6729 ], [ 75.16129, 12.66407 ], [ 75.15033, 12.64189 ], [ 75.15488, 12.61958 ], [ 75.17001, 12.61656 ], [ 75.18258, 12.62744 ], [ 75.20143, 12.62511 ], [ 75.19871, 12.60616 ], [ 75.20954, 12.59727 ], [ 75.21404, 12.57341 ], [ 75.23819, 12.56411 ], [ 75.27673, 12.61166 ], [ 75.30149, 12.59906 ], [ 75.31619, 12.56866 ], [ 75.2914, 12.57488 ], [ 75.27092, 12.55354 ], [ 75.28114, 12.51814 ], [ 75.30466, 12.51729 ], [ 75.30431, 12.49751 ], [ 75.32064, 12.49125 ], [ 75.33558, 12.48505 ], [ 75.34053, 12.46463 ], [ 75.34087, 12.45605 ], [ 75.35564, 12.45802 ], [ 75.373, 12.47716 ], [ 75.37721, 12.48643 ], [ 75.38107, 12.49149 ], [ 75.38657, 12.49192 ], [ 75.39732, 12.49781 ], [ 75.40424, 12.4896 ], [ 75.41449, 12.49671 ], [ 75.42429, 12.46625 ], [ 75.41467, 12.45409 ], [ 75.4035, 12.44757 ], [ 75.39193, 12.44509 ], [ 75.36662, 12.45166 ], [ 75.36944, 12.44563 ], [ 75.3656, 12.40704 ], [ 75.37859, 12.38667 ], [ 75.39433, 12.37983 ], [ 75.40114, 12.3757 ], [ 75.40337, 12.37256 ], [ 75.41887, 12.36952 ], [ 75.42143, 12.3619 ], [ 75.41428, 12.34393 ], [ 75.41118, 12.33782 ], [ 75.42308, 12.30814 ], [ 75.4304, 12.29952 ], [ 75.41913, 12.2864 ], [ 75.43073, 12.292 ], [ 75.44141, 12.29001 ], [ 75.46721, 12.29538 ], [ 75.48273, 12.28618 ], [ 75.49252, 12.26682 ], [ 75.494, 12.26513 ], [ 75.50393, 12.26316 ], [ 75.51111, 12.25332 ], [ 75.51308, 12.24932 ], [ 75.51929, 12.23594 ], [ 75.51994, 12.23317 ], [ 75.52336, 12.22887 ], [ 75.52533, 12.21963 ], [ 75.53805, 12.20678 ], [ 75.53299, 12.19909 ], [ 75.54037, 12.19237 ], [ 75.54386, 12.19197 ], [ 75.55113, 12.18444 ], [ 75.56384, 12.16683 ], [ 75.58271, 12.15043 ], [ 75.59145, 12.14305 ], [ 75.59472, 12.14536 ], [ 75.60815, 12.14867 ], [ 75.62687, 12.14505 ], [ 75.62937, 12.14162 ], [ 75.63679, 12.14042 ], [ 75.64251, 12.13077 ], [ 75.64298, 12.11993 ], [ 75.66243, 12.09118 ], [ 75.67274, 12.09067 ], [ 75.69196, 12.10259 ], [ 75.70033, 12.08803 ], [ 75.70653, 12.08281 ], [ 75.7142, 12.06921 ], [ 75.71706, 12.06209 ], [ 75.76296, 12.07858 ], [ 75.79535, 12.07423 ], [ 75.79996, 12.03029 ], [ 75.82752, 12.00285 ], [ 75.82439, 11.98428 ], [ 75.84444, 11.97027 ], [ 75.85109, 11.95704 ], [ 75.87675, 11.94071 ], [ 75.93112, 11.93111 ], [ 75.94839, 11.93391 ], [ 75.97627, 11.92497 ], [ 75.99819, 11.92362 ], [ 76.00397, 11.93192 ], [ 76.02959, 11.93278 ], [ 76.07281, 11.96128 ], [ 76.09127, 11.96159 ], [ 76.10791, 11.97064 ], [ 76.10806, 11.85118 ], [ 76.12565, 11.84477 ], [ 76.13902, 11.85711 ], [ 76.18404, 11.86376 ], [ 76.20342, 11.84906 ], [ 76.20551, 11.81958 ], [ 76.21853, 11.80004 ], [ 76.24439, 11.79531 ], [ 76.27509, 11.80076 ], [ 76.28365, 11.78487 ], [ 76.29996, 11.77615 ], [ 76.3105, 11.74386 ], [ 76.33498, 11.73063 ], [ 76.35605, 11.73991 ], [ 76.37234, 11.7362 ], [ 76.40442, 11.74985 ], [ 76.41899, 11.7215 ], [ 76.40311, 11.70678 ], [ 76.4022, 11.68312 ], [ 76.41021, 11.66457 ], [ 76.42346, 11.65932 ], [ 76.43422, 11.63352 ], [ 76.42129, 11.6251 ], [ 76.38007, 11.62242 ], [ 76.3707, 11.59347 ], [ 76.33559, 11.57834 ], [ 76.32858, 11.58855 ], [ 76.2979, 11.56433 ], [ 76.29064, 11.58056 ], [ 76.27097, 11.59291 ], [ 76.22575, 11.56444 ], [ 76.24296, 11.52419 ], [ 76.2332, 11.51868 ], [ 76.24476, 11.49432 ], [ 76.2401, 11.45964 ], [ 76.25793, 11.47322 ], [ 76.27806, 11.47453 ], [ 76.32091, 11.4447 ], [ 76.33369, 11.45871 ], [ 76.36148, 11.44796 ], [ 76.39058, 11.42796 ], [ 76.41039, 11.43359 ], [ 76.40817, 11.41482 ], [ 76.44839, 11.38142 ], [ 76.51008, 11.36115 ], [ 76.50949, 11.34661 ], [ 76.5382, 11.35159 ], [ 76.53979, 11.32095 ], [ 76.51353, 11.26196 ], [ 76.44639, 11.23046 ], [ 76.44288, 11.20009 ], [ 76.45272, 11.18021 ], [ 76.46587, 11.19874 ], [ 76.50601, 11.20198 ], [ 76.52123, 11.19027 ], [ 76.57778, 11.19684 ], [ 76.60206, 11.19547 ], [ 76.62304, 11.18567 ], [ 76.69697, 11.23133 ], [ 76.72655, 11.20647 ], [ 76.72115, 11.18451 ], [ 76.70644, 11.17962 ], [ 76.68601, 11.1577 ], [ 76.69668, 11.13268 ], [ 76.74061, 11.10991 ], [ 76.73414, 11.09336 ], [ 76.74573, 11.08392 ], [ 76.7345, 11.06389 ], [ 76.7371, 11.04751 ], [ 76.75113, 11.04676 ], [ 76.75697, 11.02459 ], [ 76.71205, 11.03245 ], [ 76.69041, 11.0175 ], [ 76.67979, 10.99943 ], [ 76.67777, 10.9797 ], [ 76.66045, 10.96046 ], [ 76.65279, 10.91996 ], [ 76.6846, 10.90243 ], [ 76.7004, 10.90079 ], [ 76.73269, 10.88098 ], [ 76.77299, 10.88164 ], [ 76.78527, 10.87147 ], [ 76.81756, 10.8618 ], [ 76.84519, 10.8265 ], [ 76.83713, 10.81554 ], [ 76.85999, 10.7998 ], [ 76.8883, 10.79988 ], [ 76.89751, 10.7708 ], [ 76.89314, 10.7504 ], [ 76.87505, 10.70672 ], [ 76.85507, 10.6724 ], [ 76.87016, 10.6641 ], [ 76.87262, 10.62943 ], [ 76.80499, 10.62634 ], [ 76.80327, 10.61408 ], [ 76.8154, 10.5883 ], [ 76.82973, 10.58506 ], [ 76.82452, 10.53764 ], [ 76.83196, 10.52916 ], [ 76.82029, 10.49068 ], [ 76.81745, 10.43849 ], [ 76.80733, 10.41492 ], [ 76.82265, 10.39406 ], [ 76.81567, 10.38653 ], [ 76.83935, 10.35971 ], [ 76.82756, 10.33758 ], [ 76.81967, 10.29524 ], [ 76.83195, 10.28377 ], [ 76.86207, 10.28255 ], [ 76.8623, 10.26706 ], [ 76.88463, 10.25508 ], [ 76.89232, 10.23267 ], [ 76.90935, 10.2232 ], [ 76.92777, 10.22959 ], [ 76.95879, 10.21873 ], [ 76.98145, 10.21991 ], [ 77.01859, 10.24183 ], [ 77.03855, 10.24816 ], [ 77.0461, 10.27429 ], [ 77.07344, 10.29579 ], [ 77.11426, 10.31056 ], [ 77.16296, 10.34628 ], [ 77.22216, 10.3403 ], [ 77.21449, 10.3058 ], [ 77.25055, 10.25375 ], [ 77.25122, 10.22436 ], [ 77.26997, 10.22433 ], [ 77.28045, 10.20725 ], [ 77.26441, 10.17974 ], [ 77.25915, 10.15535 ], [ 77.26102, 10.12869 ], [ 77.25327, 10.11141 ], [ 77.23051, 10.12012 ], [ 77.18814, 10.09565 ], [ 77.1952, 10.07354 ], [ 77.20444, 10.06849 ], [ 77.24893, 10.01581 ], [ 77.24071, 10.00289 ], [ 77.24984, 9.97278 ], [ 77.26142, 9.96372 ], [ 77.24992, 9.94254 ], [ 77.24021, 9.94306 ], [ 77.22192, 9.92282 ], [ 77.20444, 9.89432 ], [ 77.19911, 9.86598 ], [ 77.22374, 9.84296 ], [ 77.21899, 9.81325 ], [ 77.23399, 9.78852 ], [ 77.20982, 9.77994 ], [ 77.21242, 9.75539 ], [ 77.20823, 9.72167 ], [ 77.18993, 9.71551 ], [ 77.19169, 9.68618 ], [ 77.1796, 9.66038 ], [ 77.16566, 9.64823 ], [ 77.15458, 9.61395 ], [ 77.1555, 9.6015 ], [ 77.17457, 9.59716 ], [ 77.18597, 9.60592 ], [ 77.22281, 9.57279 ], [ 77.26114, 9.56668 ], [ 77.28649, 9.5873 ], [ 77.30431, 9.59304 ], [ 77.32101, 9.56737 ], [ 77.35057, 9.54026 ], [ 77.35055, 9.52629 ], [ 77.37072, 9.50869 ], [ 77.39623, 9.49654 ], [ 77.38392, 9.47909 ], [ 77.38683, 9.46737 ], [ 77.37224, 9.44527 ], [ 77.35161, 9.4497 ], [ 77.33425, 9.43105 ], [ 77.32168, 9.40565 ], [ 77.32742, 9.39406 ], [ 77.3198, 9.37613 ], [ 77.32061, 9.35109 ], [ 77.28676, 9.30811 ], [ 77.26682, 9.29088 ], [ 77.26761, 9.2624 ], [ 77.2595, 9.22441 ], [ 77.26681, 9.20882 ], [ 77.25027, 9.19024 ], [ 77.25178, 9.14304 ], [ 77.23258, 9.11791 ], [ 77.21173, 9.10636 ], [ 77.19586, 9.08842 ], [ 77.19285, 9.06503 ], [ 77.18019, 9.0448 ], [ 77.15376, 9.03656 ], [ 77.13218, 9.01185 ], [ 77.13425, 8.99998 ], [ 77.15845, 8.97819 ], [ 77.16323, 8.96234 ], [ 77.18017, 8.94702 ], [ 77.18044, 8.91575 ], [ 77.19386, 8.92191 ], [ 77.20625, 8.89318 ], [ 77.2239, 8.88515 ], [ 77.23987, 8.86806 ], [ 77.24705, 8.83188 ], [ 77.21736, 8.79703 ], [ 77.21468, 8.77576 ], [ 77.17652, 8.73502 ], [ 77.15532, 8.73756 ], [ 77.16703, 8.70763 ], [ 77.17929, 8.69962 ], [ 77.19848, 8.6411 ], [ 77.22828, 8.6129 ], [ 77.22841, 8.59781 ], [ 77.25153, 8.57099 ], [ 77.26516, 8.53745 ], [ 77.24754, 8.50138 ], [ 77.22256, 8.48832 ], [ 77.20639, 8.50443 ], [ 77.19092, 8.48819 ], [ 77.20952, 8.43772 ], [ 77.18868, 8.43474 ], [ 77.17978, 8.40909 ], [ 77.15369, 8.37744 ], [ 77.13482, 8.37853 ], [ 77.15681, 8.3452 ], [ 77.14977, 8.32194 ], [ 77.12195, 8.32294 ], [ 77.10465, 8.3016 ], [ 77.0907, 8.29747 ], [ 77.01625, 8.35653 ], [ 77.00181, 8.37125 ], [ 76.97875, 8.38153 ], [ 76.9632, 8.41736 ], [ 76.88931, 8.50458 ], [ 76.86514, 8.53597 ], [ 76.78571, 8.63236 ], [ 76.76847, 8.65625 ], [ 76.70458, 8.73431 ], [ 76.67958, 8.77264 ], [ 76.61931, 8.85043 ], [ 76.59348, 8.87375 ], [ 76.56847, 8.87903 ], [ 76.55153, 8.89597 ], [ 76.54125, 8.91542 ], [ 76.52792, 8.96681 ], [ 76.51847, 9.01792 ], [ 76.51097, 9.02958 ], [ 76.48431, 9.09153 ], [ 76.46042, 9.14069 ], [ 76.4107, 9.25097 ], [ 76.35181, 9.37792 ], [ 76.32875, 9.44847 ], [ 76.31069, 9.52292 ], [ 76.30042, 9.58625 ], [ 76.28375, 9.75013 ], [ 76.2607, 9.87819 ], [ 76.23708, 9.96486 ], [ 76.25986, 9.96236 ], [ 76.26764, 9.93208 ], [ 76.29264, 9.92153 ], [ 76.28625, 9.90236 ], [ 76.25847, 9.89931 ], [ 76.26958, 9.86625 ], [ 76.28098, 9.87181 ], [ 76.28848, 9.89125 ], [ 76.33041, 9.87264 ], [ 76.34014, 9.85625 ], [ 76.34264, 9.83486 ], [ 76.3707, 9.81736 ], [ 76.35958, 9.79681 ], [ 76.36792, 9.77681 ], [ 76.3718, 9.74153 ], [ 76.36653, 9.72847 ], [ 76.36542, 9.69625 ], [ 76.37292, 9.68458 ], [ 76.39098, 9.67958 ], [ 76.39069, 9.65819 ], [ 76.36708, 9.61097 ], [ 76.36764, 9.58319 ], [ 76.35931, 9.57486 ], [ 76.3532, 9.53986 ], [ 76.35709, 9.52542 ], [ 76.50097, 9.52931 ], [ 76.41792, 9.55958 ], [ 76.41653, 9.57181 ], [ 76.42986, 9.61208 ], [ 76.41708, 9.63625 ], [ 76.40264, 9.64736 ], [ 76.40486, 9.67264 ], [ 76.41375, 9.69681 ], [ 76.38319, 9.70542 ], [ 76.39098, 9.74209 ], [ 76.38625, 9.75931 ], [ 76.37319, 9.77264 ], [ 76.36903, 9.79431 ], [ 76.3868, 9.81097 ], [ 76.38625, 9.84069 ], [ 76.3643, 9.89319 ], [ 76.35403, 9.9107 ], [ 76.33264, 9.91347 ], [ 76.34319, 9.88514 ], [ 76.31931, 9.88903 ], [ 76.31431, 9.91319 ], [ 76.30209, 9.93736 ], [ 76.29264, 9.94208 ], [ 76.27014, 9.98958 ], [ 76.27264, 10.01542 ], [ 76.25375, 10.04153 ], [ 76.25097, 10.05375 ], [ 76.2618, 10.07069 ], [ 76.25931, 10.08653 ], [ 76.22097, 10.12625 ], [ 76.20292, 10.13347 ], [ 76.23875, 10.03042 ], [ 76.23653, 10.00875 ], [ 76.24292, 9.98431 ], [ 76.22403, 9.97708 ], [ 76.21764, 10.00597 ], [ 76.20153, 10.05264 ], [ 76.18208, 10.1307 ], [ 76.15986, 10.18847 ], [ 76.13653, 10.25903 ], [ 76.1132, 10.34264 ], [ 76.07958, 10.42764 ], [ 75.99958, 10.58903 ], [ 75.99541, 10.60208 ], [ 75.93264, 10.73875 ], [ 75.91014, 10.79236 ], [ 75.87682, 10.94403 ], [ 75.85403, 11.02681 ], [ 75.8457, 11.06542 ], [ 75.83319, 11.10486 ], [ 75.80903, 11.16264 ], [ 75.80236, 11.16319 ], [ 75.77292, 11.24208 ], [ 75.74736, 11.31903 ], [ 75.73375, 11.33403 ], [ 75.73736, 11.34847 ], [ 75.70236, 11.41681 ], [ 75.68125, 11.44986 ], [ 75.64569, 11.46792 ], [ 75.63264, 11.46264 ], [ 75.61736, 11.47708 ], [ 75.61793, 11.48875 ], [ 75.58514, 11.57792 ], [ 75.55542, 11.65375 ], [ 75.52986, 11.70458 ], [ 75.50681, 11.73292 ], [ 75.47347, 11.76292 ], [ 75.45375, 11.77014 ], [ 75.44236, 11.79736 ], [ 75.40736, 11.83486 ], [ 75.37764, 11.85875 ], [ 75.36764, 11.85181 ], [ 75.32486, 11.90375 ], [ 75.3007, 11.93986 ], [ 75.30292, 11.96153 ], [ 75.2907, 11.98625 ], [ 75.26542, 12.00708 ], [ 75.2793, 12.02181 ], [ 75.30042, 12.01542 ], [ 75.31167, 12.04931 ], [ 75.30481, 12.05292 ], [ 75.30067, 12.05802 ], [ 75.29737, 12.06365 ], [ 75.31476, 12.08761 ], [ 75.30907, 12.10266 ], [ 75.31963, 12.10665 ], [ 75.32999, 12.10259 ], [ 75.33598, 12.09864 ], [ 75.35194, 12.10885 ], [ 75.36854, 12.12126 ], [ 75.3793, 12.12214 ], [ 75.38229, 12.12912 ], [ 75.39215, 12.12634 ], [ 75.40218, 12.13414 ], [ 75.39983, 12.1405 ], [ 75.38853, 12.14629 ], [ 75.37839, 12.14603 ], [ 75.37202, 12.14647 ], [ 75.36669, 12.13538 ], [ 75.34616, 12.13861 ], [ 75.32516, 12.14489 ], [ 75.32064, 12.14352 ], [ 75.31116, 12.13646 ], [ 75.30985, 12.13205 ], [ 75.28393, 12.11498 ], [ 75.27782, 12.10177 ], [ 75.26602, 12.10366 ], [ 75.25589, 12.10858 ], [ 75.24739, 12.10369 ], [ 75.24053, 12.10926 ], [ 75.2366, 12.11023 ], [ 75.22306, 12.10484 ], [ 75.22113, 12.10095 ], [ 75.22246, 12.08557 ], [ 75.22226, 12.07815 ], [ 75.22424, 12.07438 ], [ 75.22367, 12.05447 ], [ 75.22736, 12.0443 ], [ 75.2307, 12.02414 ], [ 75.20458, 12.00486 ], [ 75.18681, 12.03708 ], [ 75.17486, 12.08375 ], [ 75.17125, 12.11514 ], [ 75.15486, 12.14681 ], [ 75.14902, 12.16958 ], [ 75.13736, 12.18542 ], [ 75.12903, 12.21208 ], [ 75.11792, 12.20569 ], [ 75.07208, 12.31986 ], [ 75.04514, 12.37903 ], [ 75.01458, 12.41681 ], [ 74.99181, 12.46708 ], [ 74.97347, 12.49875 ], [ 74.96182, 12.53181 ], [ 74.91042, 12.65597 ], [ 74.88375, 12.70958 ], [ 74.86708, 12.75445 ] ] ], [ [ [ 76.43459, 9.55153 ], [ 76.43403, 9.52847 ], [ 76.40625, 9.52764 ], [ 76.40542, 9.54208 ], [ 76.43459, 9.55153 ] ] ], [ [ [ 76.43681, 9.55153 ], [ 76.46458, 9.54153 ], [ 76.46458, 9.53042 ], [ 76.43542, 9.52847 ], [ 76.43681, 9.55153 ] ] ], [ [ [ 76.41431, 9.5632 ], [ 76.42486, 9.54986 ], [ 76.38403, 9.53486 ], [ 76.38208, 9.5432 ], [ 76.41431, 9.5632 ] ] ], [ [ [ 76.34959, 9.87458 ], [ 76.36597, 9.85569 ], [ 76.3718, 9.83431 ], [ 76.34903, 9.83847 ], [ 76.34959, 9.87458 ] ] ], [ [ [ 76.2607, 9.9707 ], [ 76.27486, 9.96625 ], [ 76.28958, 9.93736 ], [ 76.26708, 9.93986 ], [ 76.2607, 9.9707 ] ] ], [ [ [ 76.24181, 10.01431 ], [ 76.2532, 10.00597 ], [ 76.26014, 9.98153 ], [ 76.24653, 9.97653 ], [ 76.24181, 10.01431 ] ] ] ] } },
{ "type": "Feature", "properties": { "source": "https://simplemaps.com", "id": "INMP", "name": "Madhya Pradesh" }, "geometry": { "type": "MultiPolygon", "coordinates": [ [ [ [ 82.80778, 23.96306 ], [ 82.79681, 23.96142 ], [ 82.77485, 23.93857 ], [ 82.75378, 23.93588 ], [ 82.7481, 23.92228 ], [ 82.70193, 23.92493 ], [ 82.68186, 23.91227 ], [ 82.65474, 23.90629 ], [ 82.64612, 23.88873 ], [ 82.66021, 23.87034 ], [ 82.64064, 23.85803 ], [ 82.62952, 23.839 ], [ 82.60591, 23.83616 ], [ 82.58598, 23.82286 ], [ 82.54822, 23.8269 ], [ 82.53976, 23.81183 ], [ 82.54452, 23.79419 ], [ 82.5162, 23.78423 ], [ 82.48508, 23.78838 ], [ 82.46351, 23.81085 ], [ 82.44904, 23.81165 ], [ 82.38823, 23.80137 ], [ 82.36835, 23.8111 ], [ 82.34703, 23.80371 ], [ 82.29759, 23.80816 ], [ 82.25529, 23.82189 ], [ 82.23153, 23.80779 ], [ 82.19926, 23.83192 ], [ 82.20389, 23.85299 ], [ 82.17249, 23.83791 ], [ 82.16972, 23.82468 ], [ 82.13408, 23.81816 ], [ 82.11746, 23.82312 ], [ 82.07802, 23.81707 ], [ 82.0454, 23.82059 ], [ 82.03516, 23.84256 ], [ 82.00073, 23.86314 ], [ 81.95071, 23.85289 ], [ 81.91644, 23.87299 ], [ 81.8941, 23.84406 ], [ 81.86208, 23.83481 ], [ 81.85294, 23.82432 ], [ 81.83165, 23.8213 ], [ 81.81173, 23.8095 ], [ 81.77263, 23.8142 ], [ 81.72685, 23.84096 ], [ 81.72092, 23.86082 ], [ 81.70268, 23.8634 ], [ 81.69739, 23.88596 ], [ 81.6824, 23.88979 ], [ 81.6795, 23.90765 ], [ 81.6616, 23.9256 ], [ 81.62922, 23.90766 ], [ 81.60757, 23.90327 ], [ 81.6002, 23.8834 ], [ 81.61485, 23.87277 ], [ 81.59844, 23.85368 ], [ 81.60942, 23.83579 ], [ 81.62571, 23.83582 ], [ 81.64256, 23.80458 ], [ 81.63837, 23.77788 ], [ 81.64416, 23.76808 ], [ 81.66933, 23.75735 ], [ 81.6721, 23.74002 ], [ 81.68729, 23.72135 ], [ 81.67321, 23.69343 ], [ 81.6495, 23.68345 ], [ 81.64313, 23.66033 ], [ 81.61324, 23.66098 ], [ 81.60268, 23.60003 ], [ 81.56973, 23.58865 ], [ 81.57707, 23.55489 ], [ 81.60227, 23.55367 ], [ 81.60522, 23.51089 ], [ 81.61722, 23.49487 ], [ 81.6311, 23.49174 ], [ 81.64765, 23.50243 ], [ 81.65453, 23.53155 ], [ 81.69309, 23.52334 ], [ 81.70638, 23.53358 ], [ 81.72923, 23.5651 ], [ 81.74796, 23.56538 ], [ 81.75639, 23.55252 ], [ 81.79756, 23.54883 ], [ 81.81007, 23.52261 ], [ 81.82718, 23.51129 ], [ 81.87936, 23.51843 ], [ 81.90392, 23.53509 ], [ 81.91636, 23.53209 ], [ 81.93445, 23.50555 ], [ 81.94894, 23.49674 ], [ 81.95033, 23.46606 ], [ 81.9714, 23.44747 ], [ 81.97054, 23.42387 ], [ 81.99953, 23.41281 ], [ 82.02325, 23.41018 ], [ 82.01429, 23.39351 ], [ 82.02324, 23.38376 ], [ 82.04923, 23.37873 ], [ 82.05677, 23.39354 ], [ 82.09848, 23.3977 ], [ 82.1045, 23.36318 ], [ 82.11445, 23.35403 ], [ 82.13783, 23.36184 ], [ 82.16008, 23.33219 ], [ 82.18751, 23.32223 ], [ 82.18946, 23.28459 ], [ 82.16982, 23.27018 ], [ 82.14249, 23.2277 ], [ 82.13732, 23.16497 ], [ 82.15138, 23.16055 ], [ 82.15108, 23.14174 ], [ 82.13277, 23.13162 ], [ 82.12825, 23.11211 ], [ 82.11588, 23.1038 ], [ 82.06137, 23.11594 ], [ 82.02825, 23.08166 ], [ 82.00219, 23.07841 ], [ 81.97997, 23.08554 ], [ 81.96931, 23.07937 ], [ 81.9381, 23.07781 ], [ 81.91843, 23.04098 ], [ 81.93722, 23.00949 ], [ 81.94025, 22.95709 ], [ 81.91386, 22.94822 ], [ 81.90147, 22.93306 ], [ 81.87461, 22.91332 ], [ 81.86111, 22.89395 ], [ 81.83143, 22.88297 ], [ 81.79583, 22.88025 ], [ 81.7694, 22.87351 ], [ 81.76932, 22.85116 ], [ 81.76086, 22.83434 ], [ 81.7759, 22.80014 ], [ 81.77441, 22.7856 ], [ 81.78428, 22.76662 ], [ 81.74661, 22.72649 ], [ 81.76598, 22.67612 ], [ 81.74893, 22.64607 ], [ 81.73694, 22.66905 ], [ 81.72295, 22.67621 ], [ 81.71411, 22.65563 ], [ 81.69887, 22.64588 ], [ 81.6786, 22.64888 ], [ 81.64139, 22.60754 ], [ 81.64012, 22.58655 ], [ 81.64942, 22.57608 ], [ 81.63792, 22.56211 ], [ 81.62357, 22.56428 ], [ 81.62189, 22.54383 ], [ 81.60896, 22.53644 ], [ 81.56306, 22.55101 ], [ 81.55693, 22.53216 ], [ 81.51542, 22.53675 ], [ 81.49321, 22.51962 ], [ 81.47986, 22.49331 ], [ 81.44624, 22.49586 ], [ 81.41759, 22.47363 ], [ 81.41412, 22.44852 ], [ 81.38887, 22.44484 ], [ 81.37874, 22.5053 ], [ 81.32294, 22.52433 ], [ 81.31481, 22.51591 ], [ 81.31591, 22.48971 ], [ 81.30396, 22.48175 ], [ 81.2802, 22.49882 ], [ 81.26045, 22.49356 ], [ 81.25552, 22.47248 ], [ 81.22356, 22.45161 ], [ 81.19419, 22.46208 ], [ 81.19264, 22.48248 ], [ 81.17066, 22.488 ], [ 81.14808, 22.45585 ], [ 81.10999, 22.44112 ], [ 81.10492, 22.43279 ], [ 81.10094, 22.38324 ], [ 81.11566, 22.34409 ], [ 81.10927, 22.32964 ], [ 81.11385, 22.29438 ], [ 81.09682, 22.27746 ], [ 81.08468, 22.24675 ], [ 81.04887, 22.24419 ], [ 81.01945, 22.22919 ], [ 81.01579, 22.21411 ], [ 81.02576, 22.19769 ], [ 81.0117, 22.18401 ], [ 81.01905, 22.16526 ], [ 81.01579, 22.13271 ], [ 80.9867, 22.13087 ], [ 80.97082, 22.11465 ], [ 80.99027, 22.10908 ], [ 81.00395, 22.09445 ], [ 80.99916, 22.0615 ], [ 80.97885, 22.04831 ], [ 80.96342, 22.05836 ], [ 80.96554, 22.08198 ], [ 80.95052, 22.11301 ], [ 80.91715, 22.12089 ], [ 80.89817, 22.10133 ], [ 80.89123, 22.06596 ], [ 80.87896, 22.0606 ], [ 80.86895, 22.03359 ], [ 80.8686, 22.01121 ], [ 80.85169, 21.97512 ], [ 80.83339, 21.94664 ], [ 80.8359, 21.92793 ], [ 80.82453, 21.90843 ], [ 80.82544, 21.88665 ], [ 80.83959, 21.8754 ], [ 80.84117, 21.85645 ], [ 80.83168, 21.84619 ], [ 80.83768, 21.82985 ], [ 80.8317, 21.80481 ], [ 80.81156, 21.76399 ], [ 80.8112, 21.74749 ], [ 80.78272, 21.73957 ], [ 80.7621, 21.75792 ], [ 80.74005, 21.75649 ], [ 80.72633, 21.73103 ], [ 80.72375, 21.6936 ], [ 80.70735, 21.67158 ], [ 80.71911, 21.64366 ], [ 80.72166, 21.61722 ], [ 80.7094, 21.60398 ], [ 80.70956, 21.58479 ], [ 80.71954, 21.5715 ], [ 80.71355, 21.55571 ], [ 80.73066, 21.53872 ], [ 80.72198, 21.49564 ], [ 80.73022, 21.47205 ], [ 80.71803, 21.4454 ], [ 80.69755, 21.4272 ], [ 80.69926, 21.41412 ], [ 80.68417, 21.37261 ], [ 80.65653, 21.33077 ], [ 80.61775, 21.31917 ], [ 80.59316, 21.32479 ], [ 80.58163, 21.34159 ], [ 80.56136, 21.34331 ], [ 80.56417, 21.35787 ], [ 80.53688, 21.36913 ], [ 80.51943, 21.38957 ], [ 80.47562, 21.39473 ], [ 80.44832, 21.40233 ], [ 80.44295, 21.3738 ], [ 80.43353, 21.37118 ], [ 80.39935, 21.38049 ], [ 80.38908, 21.40738 ], [ 80.41131, 21.4382 ], [ 80.40096, 21.46543 ], [ 80.37533, 21.49114 ], [ 80.37061, 21.52097 ], [ 80.33801, 21.53875 ], [ 80.32018, 21.57358 ], [ 80.29537, 21.57548 ], [ 80.26022, 21.62015 ], [ 80.22059, 21.61963 ], [ 80.2047, 21.63354 ], [ 80.18822, 21.6342 ], [ 80.14392, 21.60497 ], [ 80.11858, 21.6089 ], [ 80.1099, 21.59341 ], [ 80.09402, 21.5863 ], [ 80.06357, 21.55458 ], [ 80.02618, 21.55665 ], [ 79.99355, 21.53471 ], [ 79.97178, 21.55512 ], [ 79.92719, 21.55373 ], [ 79.91582, 21.52448 ], [ 79.88976, 21.52388 ], [ 79.85708, 21.53092 ], [ 79.82504, 21.54672 ], [ 79.81819, 21.55901 ], [ 79.79182, 21.58141 ], [ 79.73262, 21.60253 ], [ 79.71382, 21.59113 ], [ 79.69381, 21.59095 ], [ 79.68484, 21.58069 ], [ 79.65814, 21.57733 ], [ 79.65062, 21.55881 ], [ 79.60871, 21.55593 ], [ 79.57615, 21.54336 ], [ 79.56031, 21.54802 ], [ 79.53662, 21.54422 ], [ 79.53952, 21.5652 ], [ 79.50582, 21.59028 ], [ 79.49819, 21.61237 ], [ 79.51246, 21.62648 ], [ 79.48858, 21.67412 ], [ 79.45851, 21.68732 ], [ 79.44073, 21.68224 ], [ 79.4114, 21.69097 ], [ 79.39474, 21.67459 ], [ 79.28481, 21.69391 ], [ 79.25767, 21.71754 ], [ 79.23477, 21.71521 ], [ 79.22188, 21.7006 ], [ 79.21817, 21.68126 ], [ 79.2284, 21.67139 ], [ 79.21661, 21.65019 ], [ 79.14783, 21.66052 ], [ 79.14109, 21.63953 ], [ 79.12774, 21.62806 ], [ 79.09917, 21.6189 ], [ 79.10411, 21.60936 ], [ 79.03096, 21.60561 ], [ 79.00955, 21.6015 ], [ 78.99445, 21.61875 ], [ 78.97476, 21.61756 ], [ 78.94035, 21.59376 ], [ 78.91324, 21.59236 ], [ 78.91272, 21.56313 ], [ 78.92344, 21.52379 ], [ 78.93633, 21.51939 ], [ 78.93183, 21.4874 ], [ 78.89577, 21.50057 ], [ 78.88538, 21.48559 ], [ 78.85155, 21.4957 ], [ 78.84418, 21.48997 ], [ 78.78462, 21.48914 ], [ 78.77219, 21.46713 ], [ 78.76104, 21.48976 ], [ 78.74648, 21.49387 ], [ 78.73884, 21.4729 ], [ 78.72419, 21.46438 ], [ 78.68407, 21.48196 ], [ 78.65909, 21.47889 ], [ 78.63745, 21.4842 ], [ 78.62097, 21.47754 ], [ 78.60538, 21.48837 ], [ 78.58487, 21.48688 ], [ 78.56004, 21.51461 ], [ 78.53728, 21.52456 ], [ 78.50856, 21.52843 ], [ 78.4804, 21.50612 ], [ 78.43858, 21.50376 ], [ 78.42226, 21.56372 ], [ 78.4135, 21.57774 ], [ 78.42256, 21.60195 ], [ 78.40449, 21.6101 ], [ 78.37166, 21.61503 ], [ 78.37763, 21.5956 ], [ 78.36096, 21.5783 ], [ 78.33678, 21.59052 ], [ 78.31874, 21.57559 ], [ 78.27107, 21.59296 ], [ 78.26926, 21.57071 ], [ 78.23872, 21.56549 ], [ 78.21548, 21.55373 ], [ 78.18095, 21.55868 ], [ 78.17274, 21.5533 ], [ 78.17107, 21.52874 ], [ 78.17764, 21.51432 ], [ 78.16934, 21.4985 ], [ 78.06371, 21.43886 ], [ 78.04346, 21.43503 ], [ 78.01958, 21.42059 ], [ 77.99973, 21.41616 ], [ 77.98028, 21.4028 ], [ 77.94112, 21.39895 ], [ 77.93878, 21.38691 ], [ 77.89904, 21.37842 ], [ 77.86321, 21.38812 ], [ 77.81802, 21.40873 ], [ 77.79937, 21.4123 ], [ 77.79345, 21.39074 ], [ 77.74649, 21.38421 ], [ 77.73835, 21.36663 ], [ 77.70525, 21.35907 ], [ 77.70433, 21.3777 ], [ 77.67001, 21.37292 ], [ 77.66209, 21.38797 ], [ 77.6459, 21.39336 ], [ 77.60065, 21.38912 ], [ 77.60149, 21.36527 ], [ 77.5625, 21.37338 ], [ 77.54841, 21.38123 ], [ 77.48702, 21.37775 ], [ 77.48175, 21.41567 ], [ 77.46921, 21.43705 ], [ 77.46931, 21.4569 ], [ 77.43831, 21.47292 ], [ 77.43922, 21.48932 ], [ 77.4208, 21.51628 ], [ 77.42351, 21.54256 ], [ 77.44207, 21.54465 ], [ 77.45751, 21.55657 ], [ 77.50436, 21.55467 ], [ 77.52919, 21.54077 ], [ 77.56699, 21.52975 ], [ 77.58925, 21.53035 ], [ 77.60712, 21.54277 ], [ 77.59068, 21.56161 ], [ 77.571, 21.56262 ], [ 77.5722, 21.58767 ], [ 77.55856, 21.66867 ], [ 77.54218, 21.70103 ], [ 77.49687, 21.7492 ], [ 77.47587, 21.75788 ], [ 77.47138, 21.77125 ], [ 77.44988, 21.76341 ], [ 77.40113, 21.75618 ], [ 77.33739, 21.76156 ], [ 77.3213, 21.75703 ], [ 77.27708, 21.75981 ], [ 77.2869, 21.73644 ], [ 77.26738, 21.72907 ], [ 77.25803, 21.71583 ], [ 77.2246, 21.71789 ], [ 77.2216, 21.70011 ], [ 77.20742, 21.69401 ], [ 77.18433, 21.70446 ], [ 77.18803, 21.72257 ], [ 77.14751, 21.71465 ], [ 77.1211, 21.72535 ], [ 77.09393, 21.71963 ], [ 77.06904, 21.72181 ], [ 77.05949, 21.7094 ], [ 76.99728, 21.68161 ], [ 76.89175, 21.6007 ], [ 76.85215, 21.61503 ], [ 76.83355, 21.59307 ], [ 76.79535, 21.59754 ], [ 76.78024, 21.56247 ], [ 76.78554, 21.5353 ], [ 76.76293, 21.52265 ], [ 76.7918, 21.48989 ], [ 76.78419, 21.46649 ], [ 76.74339, 21.44314 ], [ 76.73209, 21.40881 ], [ 76.66841, 21.36947 ], [ 76.62865, 21.33977 ], [ 76.62584, 21.32974 ], [ 76.66107, 21.28242 ], [ 76.65849, 21.24781 ], [ 76.64258, 21.24772 ], [ 76.63169, 21.2289 ], [ 76.63158, 21.20537 ], [ 76.62337, 21.19266 ], [ 76.55939, 21.20581 ], [ 76.5292, 21.18929 ], [ 76.49117, 21.19782 ], [ 76.48245, 21.18823 ], [ 76.47489, 21.15207 ], [ 76.45751, 21.13834 ], [ 76.45269, 21.11487 ], [ 76.43374, 21.10669 ], [ 76.41183, 21.10727 ], [ 76.40944, 21.09409 ], [ 76.37637, 21.07731 ], [ 76.36132, 21.08 ], [ 76.28177, 21.07531 ], [ 76.26925, 21.09295 ], [ 76.18386, 21.08995 ], [ 76.16846, 21.10541 ], [ 76.13567, 21.12621 ], [ 76.13992, 21.14007 ], [ 76.11396, 21.16464 ], [ 76.12742, 21.17792 ], [ 76.16685, 21.17072 ], [ 76.16403, 21.22417 ], [ 76.14553, 21.23319 ], [ 76.15922, 21.25914 ], [ 76.145, 21.28777 ], [ 76.12926, 21.29751 ], [ 76.10695, 21.3602 ], [ 76.09867, 21.37393 ], [ 76.05238, 21.3527 ], [ 76.0346, 21.36527 ], [ 75.98488, 21.37718 ], [ 75.96874, 21.39397 ], [ 75.91654, 21.38983 ], [ 75.88811, 21.39963 ], [ 75.86278, 21.3873 ], [ 75.83263, 21.3833 ], [ 75.80141, 21.39015 ], [ 75.75894, 21.38549 ], [ 75.74409, 21.39319 ], [ 75.70676, 21.39132 ], [ 75.67342, 21.38035 ], [ 75.62946, 21.38123 ], [ 75.61945, 21.39346 ], [ 75.59126, 21.39174 ], [ 75.58125, 21.37986 ], [ 75.54815, 21.37249 ], [ 75.52458, 21.38716 ], [ 75.46841, 21.3942 ], [ 75.38448, 21.38559 ], [ 75.36138, 21.40323 ], [ 75.35378, 21.39349 ], [ 75.30316, 21.39519 ], [ 75.30185, 21.41483 ], [ 75.254, 21.40614 ], [ 75.23226, 21.41659 ], [ 75.21986, 21.41087 ], [ 75.18803, 21.42731 ], [ 75.12978, 21.44928 ], [ 75.10667, 21.46963 ], [ 75.09, 21.51433 ], [ 75.05775, 21.56494 ], [ 75.01784, 21.57261 ], [ 75.01341, 21.58119 ], [ 74.98068, 21.59602 ], [ 74.92596, 21.61065 ], [ 74.90276, 21.6298 ], [ 74.8663, 21.63112 ], [ 74.82524, 21.61021 ], [ 74.80103, 21.60983 ], [ 74.72398, 21.62399 ], [ 74.69478, 21.63338 ], [ 74.65643, 21.65427 ], [ 74.589, 21.66527 ], [ 74.5847, 21.68412 ], [ 74.56055, 21.68799 ], [ 74.55099, 21.71939 ], [ 74.52433, 21.71792 ], [ 74.51135, 21.72855 ], [ 74.51701, 21.76723 ], [ 74.50888, 21.77562 ], [ 74.50365, 21.80718 ], [ 74.51182, 21.82123 ], [ 74.51776, 21.88624 ], [ 74.5275, 21.90878 ], [ 74.51556, 21.93392 ], [ 74.4934, 21.95449 ], [ 74.47218, 21.96552 ], [ 74.45171, 21.9675 ], [ 74.44304, 21.98307 ], [ 74.44452, 22.01599 ], [ 74.43555, 22.031 ], [ 74.38831, 22.02018 ], [ 74.37818, 22.00217 ], [ 74.34556, 21.97522 ], [ 74.30136, 21.9668 ], [ 74.29226, 21.93725 ], [ 74.20064, 21.92565 ], [ 74.17179, 21.94509 ], [ 74.14602, 21.95406 ], [ 74.14336, 21.96988 ], [ 74.15385, 21.98642 ], [ 74.10034, 22.00159 ], [ 74.10119, 22.01828 ], [ 74.12513, 22.03589 ], [ 74.13783, 22.0535 ], [ 74.16299, 22.06057 ], [ 74.17021, 22.10133 ], [ 74.15466, 22.1055 ], [ 74.13259, 22.09632 ], [ 74.12663, 22.13212 ], [ 74.13504, 22.16165 ], [ 74.12648, 22.16654 ], [ 74.12278, 22.2129 ], [ 74.11383, 22.21918 ], [ 74.07578, 22.22188 ], [ 74.07827, 22.26825 ], [ 74.05915, 22.28575 ], [ 74.06827, 22.33073 ], [ 74.07597, 22.3413 ], [ 74.07198, 22.36024 ], [ 74.09528, 22.36244 ], [ 74.11196, 22.37161 ], [ 74.12914, 22.35269 ], [ 74.13429, 22.33233 ], [ 74.19106, 22.32193 ], [ 74.19835, 22.34302 ], [ 74.22704, 22.35854 ], [ 74.2402, 22.37682 ], [ 74.27395, 22.39304 ], [ 74.26412, 22.42464 ], [ 74.23726, 22.43934 ], [ 74.20461, 22.43717 ], [ 74.20449, 22.46668 ], [ 74.18271, 22.46453 ], [ 74.18668, 22.44415 ], [ 74.15598, 22.43987 ], [ 74.14075, 22.45388 ], [ 74.123, 22.42081 ], [ 74.10507, 22.43341 ], [ 74.10024, 22.46923 ], [ 74.07809, 22.46564 ], [ 74.08527, 22.50852 ], [ 74.04359, 22.51682 ], [ 74.04464, 22.54212 ], [ 74.06675, 22.5509 ], [ 74.08429, 22.54955 ], [ 74.12761, 22.52438 ], [ 74.15332, 22.51742 ], [ 74.15754, 22.53219 ], [ 74.19171, 22.55335 ], [ 74.19942, 22.57022 ], [ 74.21384, 22.56744 ], [ 74.22623, 22.58503 ], [ 74.23666, 22.61387 ], [ 74.25764, 22.62444 ], [ 74.25642, 22.63568 ], [ 74.27822, 22.64766 ], [ 74.29459, 22.64136 ], [ 74.32808, 22.64421 ], [ 74.36395, 22.63652 ], [ 74.38419, 22.64357 ], [ 74.3849, 22.66957 ], [ 74.39693, 22.69207 ], [ 74.40308, 22.73071 ], [ 74.43923, 22.78555 ], [ 74.43919, 22.80944 ], [ 74.46494, 22.81508 ], [ 74.47892, 22.85864 ], [ 74.46282, 22.91346 ], [ 74.45148, 22.924 ], [ 74.4187, 22.91837 ], [ 74.40038, 22.89938 ], [ 74.38161, 22.90991 ], [ 74.34164, 22.96469 ], [ 74.3708, 22.98005 ], [ 74.35536, 23.00307 ], [ 74.3492, 23.03024 ], [ 74.32772, 23.04269 ], [ 74.32278, 23.06269 ], [ 74.34788, 23.0708 ], [ 74.36112, 23.09031 ], [ 74.39119, 23.112 ], [ 74.43317, 23.10568 ], [ 74.44544, 23.09293 ], [ 74.46725, 23.08526 ], [ 74.51228, 23.08883 ], [ 74.53544, 23.10151 ], [ 74.54752, 23.11849 ], [ 74.5457, 23.13207 ], [ 74.60806, 23.14482 ], [ 74.62568, 23.16294 ], [ 74.65475, 23.18203 ], [ 74.66916, 23.20149 ], [ 74.71552, 23.19467 ], [ 74.7457, 23.21211 ], [ 74.75084, 23.23038 ], [ 74.71896, 23.21943 ], [ 74.69554, 23.22859 ], [ 74.72215, 23.24251 ], [ 74.70115, 23.27214 ], [ 74.67313, 23.27487 ], [ 74.65222, 23.26081 ], [ 74.63214, 23.2634 ], [ 74.6153, 23.2846 ], [ 74.58676, 23.28446 ], [ 74.56735, 23.29846 ], [ 74.54857, 23.28676 ], [ 74.53366, 23.32303 ], [ 74.54272, 23.33869 ], [ 74.54583, 23.3638 ], [ 74.56023, 23.36449 ], [ 74.57241, 23.38333 ], [ 74.57314, 23.41924 ], [ 74.59846, 23.42976 ], [ 74.61338, 23.46136 ], [ 74.65894, 23.4668 ], [ 74.66933, 23.48389 ], [ 74.7109, 23.50563 ], [ 74.73366, 23.50052 ], [ 74.74237, 23.51948 ], [ 74.76394, 23.52471 ], [ 74.77406, 23.5433 ], [ 74.79633, 23.54626 ], [ 74.80289, 23.53405 ], [ 74.85148, 23.5574 ], [ 74.86933, 23.5748 ], [ 74.88609, 23.60643 ], [ 74.90603, 23.62295 ], [ 74.93972, 23.63037 ], [ 74.92422, 23.6685 ], [ 74.90991, 23.6769 ], [ 74.92305, 23.69658 ], [ 74.92424, 23.71915 ], [ 74.94057, 23.73487 ], [ 74.93188, 23.75811 ], [ 74.93993, 23.76585 ], [ 74.92762, 23.79833 ], [ 74.91034, 23.80084 ], [ 74.91582, 23.84567 ], [ 74.90519, 23.86811 ], [ 74.91462, 23.91247 ], [ 74.94146, 23.96052 ], [ 74.96335, 23.97367 ], [ 74.97223, 24.00363 ], [ 74.98779, 24.01433 ], [ 74.99299, 24.0297 ], [ 74.98122, 24.04104 ], [ 74.97941, 24.07201 ], [ 74.96517, 24.08272 ], [ 74.95952, 24.11009 ], [ 74.93914, 24.12111 ], [ 74.92751, 24.15715 ], [ 74.90034, 24.1743 ], [ 74.88017, 24.21648 ], [ 74.90585, 24.23372 ], [ 74.89429, 24.26168 ], [ 74.87543, 24.27802 ], [ 74.85332, 24.26998 ], [ 74.81516, 24.27701 ], [ 74.77254, 24.27198 ], [ 74.75479, 24.27897 ], [ 74.75746, 24.29622 ], [ 74.78363, 24.3168 ], [ 74.78462, 24.36736 ], [ 74.80228, 24.38734 ], [ 74.81232, 24.40915 ], [ 74.8575, 24.4515 ], [ 74.81451, 24.49221 ], [ 74.79188, 24.49327 ], [ 74.779, 24.48338 ], [ 74.75732, 24.48882 ], [ 74.71571, 24.52283 ], [ 74.72856, 24.53479 ], [ 74.74771, 24.53624 ], [ 74.75698, 24.56365 ], [ 74.74797, 24.59681 ], [ 74.79012, 24.61076 ], [ 74.78345, 24.63676 ], [ 74.79494, 24.6547 ], [ 74.81711, 24.67167 ], [ 74.81334, 24.68615 ], [ 74.77606, 24.68606 ], [ 74.78966, 24.72663 ], [ 74.78005, 24.74275 ], [ 74.80315, 24.75485 ], [ 74.79932, 24.79564 ], [ 74.80981, 24.7964 ], [ 74.81854, 24.76534 ], [ 74.84885, 24.70872 ], [ 74.86691, 24.69052 ], [ 74.87344, 24.66948 ], [ 74.90247, 24.65631 ], [ 74.94388, 24.66228 ], [ 74.96411, 24.70047 ], [ 74.99989, 24.70849 ], [ 74.99075, 24.73377 ], [ 74.99343, 24.75273 ], [ 75.02023, 24.75277 ], [ 75.02138, 24.77286 ], [ 75.01293, 24.79381 ], [ 74.99833, 24.79771 ], [ 74.97038, 24.79086 ], [ 74.90518, 24.79746 ], [ 74.88468, 24.80243 ], [ 74.87805, 24.81318 ], [ 74.85857, 24.81306 ], [ 74.85589, 24.8532 ], [ 74.82713, 24.89913 ], [ 74.82422, 24.9401 ], [ 74.83271, 24.96745 ], [ 74.8532, 24.97472 ], [ 74.8621, 24.96584 ], [ 74.8672, 24.93694 ], [ 74.90054, 24.93974 ], [ 74.91293, 24.92839 ], [ 74.91252, 24.8991 ], [ 74.94874, 24.8948 ], [ 74.94481, 24.87791 ], [ 75.01261, 24.87408 ], [ 75.04339, 24.85923 ], [ 75.07353, 24.88731 ], [ 75.09011, 24.87973 ], [ 75.11887, 24.88904 ], [ 75.11571, 24.96539 ], [ 75.13802, 24.98636 ], [ 75.1644, 24.99166 ], [ 75.16924, 25.00997 ], [ 75.15471, 25.02887 ], [ 75.15913, 25.04547 ], [ 75.17378, 25.05379 ], [ 75.20056, 25.0345 ], [ 75.31049, 25.04608 ], [ 75.34962, 25.04173 ], [ 75.35155, 25.02516 ], [ 75.31895, 25.00651 ], [ 75.32312, 24.98224 ], [ 75.33749, 24.9631 ], [ 75.32541, 24.93809 ], [ 75.31754, 24.90722 ], [ 75.29046, 24.95202 ], [ 75.28536, 24.97669 ], [ 75.26631, 24.96192 ], [ 75.2879, 24.92626 ], [ 75.26703, 24.91421 ], [ 75.26145, 24.88966 ], [ 75.3113, 24.86946 ], [ 75.32597, 24.88701 ], [ 75.37197, 24.87798 ], [ 75.40754, 24.89191 ], [ 75.42422, 24.89275 ], [ 75.4171, 24.8639 ], [ 75.34408, 24.83279 ], [ 75.33023, 24.83173 ], [ 75.31301, 24.81354 ], [ 75.30049, 24.81524 ], [ 75.28382, 24.85002 ], [ 75.24169, 24.86094 ], [ 75.24995, 24.89569 ], [ 75.20132, 24.8842 ], [ 75.22774, 24.84776 ], [ 75.25192, 24.83717 ], [ 75.24671, 24.82184 ], [ 75.21738, 24.82046 ], [ 75.1923, 24.78875 ], [ 75.19562, 24.76001 ], [ 75.21695, 24.72241 ], [ 75.22841, 24.7351 ], [ 75.24954, 24.72914 ], [ 75.26724, 24.73272 ], [ 75.30437, 24.72074 ], [ 75.35087, 24.7171 ], [ 75.3639, 24.70952 ], [ 75.4519, 24.69322 ], [ 75.48347, 24.69762 ], [ 75.53508, 24.72002 ], [ 75.5521, 24.71377 ], [ 75.5819, 24.7227 ], [ 75.61333, 24.68842 ], [ 75.65919, 24.7017 ], [ 75.68005, 24.72783 ], [ 75.74181, 24.76036 ], [ 75.78619, 24.76553 ], [ 75.80546, 24.75627 ], [ 75.83875, 24.72987 ], [ 75.84203, 24.71746 ], [ 75.82819, 24.66822 ], [ 75.8439, 24.66935 ], [ 75.84621, 24.6314 ], [ 75.85255, 24.61432 ], [ 75.87408, 24.60711 ], [ 75.88436, 24.58174 ], [ 75.91107, 24.57705 ], [ 75.90704, 24.55046 ], [ 75.92502, 24.5383 ], [ 75.90547, 24.50531 ], [ 75.91182, 24.49242 ], [ 75.909, 24.45614 ], [ 75.90339, 24.44613 ], [ 75.86121, 24.42333 ], [ 75.829, 24.42252 ], [ 75.81255, 24.43678 ], [ 75.81511, 24.46511 ], [ 75.79113, 24.4752 ], [ 75.78609, 24.45842 ], [ 75.75641, 24.42767 ], [ 75.75528, 24.40931 ], [ 75.73582, 24.40343 ], [ 75.73958, 24.38893 ], [ 75.73792, 24.34797 ], [ 75.76509, 24.31066 ], [ 75.79742, 24.31435 ], [ 75.813, 24.30068 ], [ 75.81253, 24.26065 ], [ 75.80534, 24.22972 ], [ 75.77351, 24.22089 ], [ 75.74349, 24.1396 ], [ 75.77869, 24.13467 ], [ 75.78961, 24.1098 ], [ 75.81219, 24.10287 ], [ 75.83064, 24.10793 ], [ 75.82951, 24.07195 ], [ 75.77962, 24.06208 ], [ 75.78024, 24.03626 ], [ 75.76204, 23.99795 ], [ 75.73785, 23.99533 ], [ 75.73551, 23.98056 ], [ 75.70041, 23.96906 ], [ 75.68354, 23.99821 ], [ 75.68581, 24.01794 ], [ 75.6692, 24.03354 ], [ 75.64147, 24.01837 ], [ 75.63474, 23.99983 ], [ 75.56932, 23.99937 ], [ 75.57172, 24.0174 ], [ 75.53192, 24.03148 ], [ 75.51438, 24.04873 ], [ 75.49177, 24.00455 ], [ 75.46477, 23.98073 ], [ 75.4565, 23.92074 ], [ 75.48743, 23.91084 ], [ 75.5041, 23.89191 ], [ 75.53788, 23.87673 ], [ 75.56246, 23.85814 ], [ 75.56931, 23.83464 ], [ 75.56603, 23.81569 ], [ 75.58253, 23.80036 ], [ 75.61662, 23.80597 ], [ 75.64931, 23.79935 ], [ 75.68735, 23.77333 ], [ 75.69829, 23.788 ], [ 75.69025, 23.81961 ], [ 75.71322, 23.81647 ], [ 75.72217, 23.82691 ], [ 75.72755, 23.86451 ], [ 75.69813, 23.87711 ], [ 75.70233, 23.90405 ], [ 75.72822, 23.9021 ], [ 75.75917, 23.88133 ], [ 75.76163, 23.85689 ], [ 75.77992, 23.8547 ], [ 75.80266, 23.87111 ], [ 75.85342, 23.8942 ], [ 75.87862, 23.88456 ], [ 75.92123, 23.90417 ], [ 75.93181, 23.90194 ], [ 75.94823, 23.92226 ], [ 75.97582, 23.93294 ], [ 75.98019, 23.97438 ], [ 75.96024, 23.99746 ], [ 75.96018, 24.02537 ], [ 75.99009, 24.03007 ], [ 76.02673, 24.05046 ], [ 76.04335, 24.07396 ], [ 76.099, 24.08919 ], [ 76.10516, 24.09591 ], [ 76.1347, 24.09529 ], [ 76.12923, 24.11893 ], [ 76.13689, 24.13134 ], [ 76.13089, 24.16905 ], [ 76.1206, 24.17824 ], [ 76.12336, 24.2054 ], [ 76.15237, 24.23546 ], [ 76.15446, 24.24376 ], [ 76.14223, 24.28115 ], [ 76.14952, 24.29223 ], [ 76.16923, 24.29609 ], [ 76.17213, 24.31558 ], [ 76.18549, 24.33151 ], [ 76.20623, 24.31092 ], [ 76.19466, 24.2848 ], [ 76.20438, 24.26902 ], [ 76.20622, 24.23275 ], [ 76.22335, 24.22327 ], [ 76.24767, 24.22792 ], [ 76.2764, 24.21651 ], [ 76.28965, 24.23703 ], [ 76.31788, 24.25113 ], [ 76.353, 24.24891 ], [ 76.4118, 24.20955 ], [ 76.42361, 24.22695 ], [ 76.45325, 24.21682 ], [ 76.46343, 24.22892 ], [ 76.49693, 24.21204 ], [ 76.50837, 24.20023 ], [ 76.51048, 24.17903 ], [ 76.52319, 24.16318 ], [ 76.55476, 24.16822 ], [ 76.57973, 24.18068 ], [ 76.56577, 24.2008 ], [ 76.57149, 24.21348 ], [ 76.61395, 24.24218 ], [ 76.61635, 24.26284 ], [ 76.64006, 24.26232 ], [ 76.67875, 24.27064 ], [ 76.69296, 24.28505 ], [ 76.7025, 24.2488 ], [ 76.68778, 24.23245 ], [ 76.67421, 24.19343 ], [ 76.70114, 24.17144 ], [ 76.72071, 24.16172 ], [ 76.72939, 24.17056 ], [ 76.755, 24.17209 ], [ 76.76886, 24.16468 ], [ 76.79093, 24.12576 ], [ 76.80112, 24.12034 ], [ 76.82773, 24.12559 ], [ 76.856, 24.13894 ], [ 76.87333, 24.13979 ], [ 76.89994, 24.13111 ], [ 76.91614, 24.18872 ], [ 76.93317, 24.18687 ], [ 76.94386, 24.19885 ], [ 76.91929, 24.22069 ], [ 76.91645, 24.23197 ], [ 76.8742, 24.27109 ], [ 76.85879, 24.31231 ], [ 76.84491, 24.32798 ], [ 76.83697, 24.36071 ], [ 76.84906, 24.36821 ], [ 76.85014, 24.38897 ], [ 76.8424, 24.40851 ], [ 76.85066, 24.43736 ], [ 76.84117, 24.44282 ], [ 76.85133, 24.46911 ], [ 76.84679, 24.48755 ], [ 76.83455, 24.4983 ], [ 76.81459, 24.53437 ], [ 76.84605, 24.55102 ], [ 76.8662, 24.54936 ], [ 76.87573, 24.52618 ], [ 76.88897, 24.52676 ], [ 76.89983, 24.54781 ], [ 76.91838, 24.5356 ], [ 76.91465, 24.48766 ], [ 76.94109, 24.46735 ], [ 76.96017, 24.46023 ], [ 76.99252, 24.47345 ], [ 77.02407, 24.50133 ], [ 77.03195, 24.5288 ], [ 77.05031, 24.52653 ], [ 77.06434, 24.56412 ], [ 77.05846, 24.59481 ], [ 77.05946, 24.64242 ], [ 77.03701, 24.68275 ], [ 77.03346, 24.70295 ], [ 77.01925, 24.71495 ], [ 76.99214, 24.7174 ], [ 76.97198, 24.73167 ], [ 76.9633, 24.75955 ], [ 76.94578, 24.76405 ], [ 76.92169, 24.74883 ], [ 76.90326, 24.74605 ], [ 76.88669, 24.75415 ], [ 76.86085, 24.7487 ], [ 76.84502, 24.75214 ], [ 76.84674, 24.76999 ], [ 76.81572, 24.80367 ], [ 76.80229, 24.82657 ], [ 76.8375, 24.84106 ], [ 76.89504, 24.83951 ], [ 76.92652, 24.84978 ], [ 76.94892, 24.87287 ], [ 76.91386, 24.88788 ], [ 76.92464, 24.91037 ], [ 76.87206, 24.9546 ], [ 76.86644, 24.97179 ], [ 76.86932, 25.0111 ], [ 76.88203, 25.0341 ], [ 76.90106, 25.03404 ], [ 76.9535, 25.04846 ], [ 76.96867, 25.05594 ], [ 76.98367, 25.07756 ], [ 77.07723, 25.05799 ], [ 77.11446, 25.06909 ], [ 77.12827, 25.08905 ], [ 77.15771, 25.08828 ], [ 77.16958, 25.11372 ], [ 77.19739, 25.11667 ], [ 77.22083, 25.11024 ], [ 77.26226, 25.11926 ], [ 77.28443, 25.10422 ], [ 77.30286, 25.08387 ], [ 77.33244, 25.09657 ], [ 77.34868, 25.09779 ], [ 77.38667, 25.12196 ], [ 77.39071, 25.18819 ], [ 77.41799, 25.19303 ], [ 77.4064, 25.22629 ], [ 77.38004, 25.24542 ], [ 77.36272, 25.25007 ], [ 77.34966, 25.27177 ], [ 77.36672, 25.2854 ], [ 77.3748, 25.30585 ], [ 77.36376, 25.333 ], [ 77.34392, 25.33736 ], [ 77.35604, 25.36789 ], [ 77.34426, 25.38793 ], [ 77.36134, 25.41296 ], [ 77.3053, 25.43641 ], [ 77.28298, 25.42359 ], [ 77.25996, 25.39946 ], [ 77.22026, 25.37343 ], [ 77.21803, 25.33131 ], [ 77.19816, 25.33052 ], [ 77.19055, 25.31166 ], [ 77.15356, 25.31325 ], [ 77.11577, 25.33506 ], [ 77.07547, 25.33969 ], [ 77.06346, 25.32415 ], [ 77.03936, 25.32505 ], [ 77.02419, 25.30109 ], [ 76.99267, 25.30183 ], [ 76.95874, 25.29718 ], [ 76.95272, 25.27855 ], [ 76.9287, 25.27915 ], [ 76.92921, 25.2973 ], [ 76.89323, 25.3224 ], [ 76.84298, 25.33054 ], [ 76.77283, 25.31591 ], [ 76.76673, 25.33623 ], [ 76.7404, 25.34779 ], [ 76.71455, 25.34244 ], [ 76.68108, 25.34548 ], [ 76.63629, 25.38033 ], [ 76.6255, 25.37511 ], [ 76.60255, 25.38898 ], [ 76.58897, 25.43149 ], [ 76.56428, 25.4424 ], [ 76.55959, 25.47326 ], [ 76.53787, 25.51021 ], [ 76.52031, 25.52993 ], [ 76.52221, 25.55036 ], [ 76.50978, 25.57982 ], [ 76.51579, 25.60701 ], [ 76.51473, 25.63368 ], [ 76.49943, 25.64834 ], [ 76.5108, 25.67284 ], [ 76.47778, 25.69506 ], [ 76.48239, 25.71813 ], [ 76.503, 25.72861 ], [ 76.52655, 25.73104 ], [ 76.5304, 25.74374 ], [ 76.52224, 25.76634 ], [ 76.52931, 25.79797 ], [ 76.54946, 25.82504 ], [ 76.56678, 25.83967 ], [ 76.58528, 25.86772 ], [ 76.59747, 25.87648 ], [ 76.63168, 25.87524 ], [ 76.64142, 25.90625 ], [ 76.67436, 25.9118 ], [ 76.71452, 25.90099 ], [ 76.73333, 25.90255 ], [ 76.76241, 25.92207 ], [ 76.76065, 25.94253 ], [ 76.7948, 25.94422 ], [ 76.81889, 25.97125 ], [ 76.81805, 25.98428 ], [ 76.84024, 26.01129 ], [ 76.83041, 26.02959 ], [ 76.87042, 26.05645 ], [ 76.88778, 26.09332 ], [ 76.93871, 26.10608 ], [ 76.99448, 26.13778 ], [ 77.00481, 26.15924 ], [ 77.02388, 26.17617 ], [ 77.05264, 26.18617 ], [ 77.08464, 26.18717 ], [ 77.09644, 26.19544 ], [ 77.11365, 26.23136 ], [ 77.12955, 26.23965 ], [ 77.16494, 26.2445 ], [ 77.19447, 26.23597 ], [ 77.23785, 26.26272 ], [ 77.26704, 26.27617 ], [ 77.30817, 26.315 ], [ 77.31805, 26.34638 ], [ 77.36625, 26.37152 ], [ 77.38586, 26.36242 ], [ 77.40184, 26.36869 ], [ 77.43243, 26.365 ], [ 77.43973, 26.37869 ], [ 77.42772, 26.40691 ], [ 77.47497, 26.41463 ], [ 77.52288, 26.41491 ], [ 77.55148, 26.44056 ], [ 77.59908, 26.45422 ], [ 77.62672, 26.48299 ], [ 77.67103, 26.50973 ], [ 77.69503, 26.50087 ], [ 77.72698, 26.51536 ], [ 77.73936, 26.54269 ], [ 77.76701, 26.55348 ], [ 77.79765, 26.55028 ], [ 77.813, 26.55481 ], [ 77.82468, 26.57274 ], [ 77.82041, 26.59984 ], [ 77.84244, 26.61518 ], [ 77.87939, 26.62029 ], [ 77.88878, 26.63281 ], [ 77.89088, 26.6545 ], [ 77.9036, 26.66618 ], [ 77.9399, 26.66271 ], [ 77.9688, 26.67664 ], [ 77.99222, 26.70264 ], [ 78.04911, 26.6898 ], [ 78.07537, 26.67819 ], [ 78.08806, 26.68666 ], [ 78.08915, 26.73811 ], [ 78.11168, 26.74965 ], [ 78.09568, 26.7718 ], [ 78.09538, 26.78943 ], [ 78.11903, 26.80256 ], [ 78.14581, 26.79173 ], [ 78.17612, 26.79149 ], [ 78.17937, 26.80116 ], [ 78.16095, 26.82704 ], [ 78.20979, 26.83609 ], [ 78.22299, 26.83721 ], [ 78.25561, 26.82029 ], [ 78.26531, 26.82467 ], [ 78.26779, 26.84966 ], [ 78.28207, 26.86409 ], [ 78.3412, 26.87395 ], [ 78.3625, 26.87133 ], [ 78.3856, 26.82794 ], [ 78.42587, 26.83232 ], [ 78.44558, 26.80343 ], [ 78.45814, 26.79523 ], [ 78.51557, 26.78511 ], [ 78.56585, 26.75769 ], [ 78.60197, 26.75606 ], [ 78.62044, 26.7752 ], [ 78.65902, 26.76923 ], [ 78.67736, 26.79238 ], [ 78.71535, 26.80021 ], [ 78.71838, 26.7817 ], [ 78.74108, 26.79252 ], [ 78.76215, 26.76683 ], [ 78.81139, 26.76547 ], [ 78.84068, 26.72607 ], [ 78.86493, 26.70467 ], [ 78.90395, 26.71338 ], [ 78.94814, 26.69674 ], [ 78.93699, 26.67228 ], [ 78.94789, 26.66263 ], [ 78.98389, 26.68571 ], [ 79.00117, 26.6739 ], [ 78.98687, 26.64737 ], [ 79.00309, 26.62666 ], [ 79.00566, 26.61047 ], [ 78.98212, 26.59418 ], [ 78.99821, 26.57422 ], [ 78.99799, 26.55094 ], [ 79.0331, 26.53599 ], [ 79.0313, 26.52477 ], [ 79.06094, 26.5033 ], [ 79.06346, 26.48476 ], [ 79.04707, 26.46142 ], [ 79.06907, 26.44652 ], [ 79.09287, 26.4573 ], [ 79.12676, 26.44481 ], [ 79.11723, 26.41712 ], [ 79.08073, 26.4055 ], [ 79.08912, 26.37713 ], [ 79.0768, 26.36269 ], [ 79.11662, 26.35357 ], [ 79.12659, 26.31603 ], [ 79.09798, 26.31465 ], [ 79.07769, 26.28722 ], [ 79.05789, 26.2838 ], [ 79.04692, 26.25539 ], [ 79.06267, 26.24693 ], [ 79.04055, 26.22928 ], [ 79.01714, 26.23217 ], [ 79.0182, 26.21252 ], [ 79.00233, 26.19677 ], [ 78.97575, 26.19281 ], [ 79.0034, 26.17296 ], [ 79.00072, 26.15498 ], [ 78.96033, 26.15427 ], [ 78.94439, 26.13752 ], [ 78.96653, 26.12565 ], [ 78.97184, 26.1087 ], [ 79.00315, 26.08179 ], [ 78.98248, 26.07376 ], [ 78.94433, 26.03695 ], [ 78.9505, 26.02582 ], [ 78.94317, 25.99069 ], [ 78.91533, 25.94937 ], [ 78.89427, 25.92585 ], [ 78.87638, 25.91566 ], [ 78.88719, 25.89897 ], [ 78.88371, 25.87647 ], [ 78.85783, 25.87201 ], [ 78.84398, 25.84531 ], [ 78.86575, 25.83435 ], [ 78.86332, 25.80208 ], [ 78.84129, 25.8052 ], [ 78.84098, 25.82064 ], [ 78.81583, 25.83114 ], [ 78.8205, 25.7994 ], [ 78.79955, 25.79936 ], [ 78.77579, 25.7615 ], [ 78.74682, 25.74909 ], [ 78.7458, 25.73802 ], [ 78.76075, 25.72079 ], [ 78.79124, 25.71054 ], [ 78.81133, 25.67448 ], [ 78.81125, 25.64545 ], [ 78.80519, 25.62456 ], [ 78.79455, 25.61755 ], [ 78.73284, 25.60306 ], [ 78.71117, 25.60659 ], [ 78.67702, 25.5941 ], [ 78.64862, 25.56564 ], [ 78.62021, 25.57356 ], [ 78.60421, 25.58729 ], [ 78.58119, 25.56431 ], [ 78.54715, 25.5647 ], [ 78.52752, 25.57293 ], [ 78.48109, 25.58043 ], [ 78.44915, 25.55274 ], [ 78.42613, 25.56145 ], [ 78.40866, 25.5329 ], [ 78.40864, 25.508 ], [ 78.42157, 25.47971 ], [ 78.39375, 25.47125 ], [ 78.38569, 25.45416 ], [ 78.36098, 25.4466 ], [ 78.34759, 25.45484 ], [ 78.33519, 25.43105 ], [ 78.33249, 25.40455 ], [ 78.29423, 25.36762 ], [ 78.3232, 25.35527 ], [ 78.33129, 25.33672 ], [ 78.30803, 25.31099 ], [ 78.34516, 25.29794 ], [ 78.34507, 25.28297 ], [ 78.36222, 25.26543 ], [ 78.35522, 25.24997 ], [ 78.37517, 25.22575 ], [ 78.39554, 25.22118 ], [ 78.38536, 25.19516 ], [ 78.40356, 25.18894 ], [ 78.41727, 25.17278 ], [ 78.44395, 25.17256 ], [ 78.44199, 25.15735 ], [ 78.42294, 25.14537 ], [ 78.42468, 25.12469 ], [ 78.38969, 25.12699 ], [ 78.367, 25.10452 ], [ 78.33266, 25.09324 ], [ 78.32525, 25.08406 ], [ 78.33078, 25.04537 ], [ 78.33807, 25.02734 ], [ 78.32754, 24.99956 ], [ 78.30669, 24.98899 ], [ 78.2896, 24.96814 ], [ 78.26271, 24.9526 ], [ 78.25604, 24.94204 ], [ 78.21391, 24.91557 ], [ 78.19974, 24.89623 ], [ 78.17045, 24.88527 ], [ 78.16332, 24.87099 ], [ 78.16533, 24.84817 ], [ 78.1869, 24.84281 ], [ 78.20897, 24.81307 ], [ 78.22582, 24.77657 ], [ 78.21987, 24.75819 ], [ 78.22632, 24.73625 ], [ 78.25079, 24.70557 ], [ 78.268, 24.6696 ], [ 78.25669, 24.64862 ], [ 78.26985, 24.61538 ], [ 78.25532, 24.5523 ], [ 78.22418, 24.54134 ], [ 78.21972, 24.52278 ], [ 78.23806, 24.51168 ], [ 78.23963, 24.48946 ], [ 78.26324, 24.48308 ], [ 78.26031, 24.46001 ], [ 78.26688, 24.44737 ], [ 78.31831, 24.41035 ], [ 78.33673, 24.40387 ], [ 78.36257, 24.37815 ], [ 78.32658, 24.33847 ], [ 78.3414, 24.30781 ], [ 78.36169, 24.2961 ], [ 78.38567, 24.27305 ], [ 78.40695, 24.27701 ], [ 78.41131, 24.28758 ], [ 78.43478, 24.29766 ], [ 78.44029, 24.32553 ], [ 78.4678, 24.33934 ], [ 78.47533, 24.36743 ], [ 78.49994, 24.39433 ], [ 78.51456, 24.39056 ], [ 78.52763, 24.37447 ], [ 78.55258, 24.36063 ], [ 78.57844, 24.35708 ], [ 78.60478, 24.31574 ], [ 78.62281, 24.30985 ], [ 78.61734, 24.29612 ], [ 78.65445, 24.27374 ], [ 78.66912, 24.24502 ], [ 78.69886, 24.23448 ], [ 78.71858, 24.23915 ], [ 78.72654, 24.2527 ], [ 78.74589, 24.23927 ], [ 78.75429, 24.24725 ], [ 78.77489, 24.21229 ], [ 78.7846, 24.18514 ], [ 78.80571, 24.1843 ], [ 78.8105, 24.20852 ], [ 78.82772, 24.20319 ], [ 78.83877, 24.21468 ], [ 78.85821, 24.21354 ], [ 78.88105, 24.22889 ], [ 78.8791, 24.25401 ], [ 78.90985, 24.27292 ], [ 78.90776, 24.30123 ], [ 78.93246, 24.31889 ], [ 78.96814, 24.35695 ], [ 78.96717, 24.37358 ], [ 78.98087, 24.41783 ], [ 78.98778, 24.42797 ], [ 78.98199, 24.44724 ], [ 78.9444, 24.44326 ], [ 78.93108, 24.45998 ], [ 78.9128, 24.46351 ], [ 78.90094, 24.48837 ], [ 78.91381, 24.50084 ], [ 78.92518, 24.48599 ], [ 78.94314, 24.48488 ], [ 78.96639, 24.49695 ], [ 78.94417, 24.50951 ], [ 78.94037, 24.54315 ], [ 78.9455, 24.55331 ], [ 78.91315, 24.5813 ], [ 78.90439, 24.60431 ], [ 78.89295, 24.61384 ], [ 78.88172, 24.6397 ], [ 78.86281, 24.64112 ], [ 78.84437, 24.62899 ], [ 78.83085, 24.60889 ], [ 78.80183, 24.60783 ], [ 78.7769, 24.59309 ], [ 78.75199, 24.60246 ], [ 78.74798, 24.63705 ], [ 78.74007, 24.65996 ], [ 78.75754, 24.67715 ], [ 78.77239, 24.70414 ], [ 78.7632, 24.76676 ], [ 78.76455, 24.79499 ], [ 78.78054, 24.81497 ], [ 78.76448, 24.86137 ], [ 78.69634, 24.89466 ], [ 78.6684, 24.9024 ], [ 78.65372, 24.94422 ], [ 78.62492, 24.96194 ], [ 78.63202, 24.98372 ], [ 78.6372, 25.02555 ], [ 78.64419, 25.03525 ], [ 78.64193, 25.06149 ], [ 78.62032, 25.09159 ], [ 78.59717, 25.09787 ], [ 78.59371, 25.15739 ], [ 78.56976, 25.20196 ], [ 78.56149, 25.22745 ], [ 78.56858, 25.25861 ], [ 78.55238, 25.27088 ], [ 78.53602, 25.27195 ], [ 78.52085, 25.28804 ], [ 78.50532, 25.28155 ], [ 78.48933, 25.29209 ], [ 78.45403, 25.2706 ], [ 78.42871, 25.28083 ], [ 78.42982, 25.29701 ], [ 78.46926, 25.30332 ], [ 78.48754, 25.32019 ], [ 78.50511, 25.30211 ], [ 78.52508, 25.30653 ], [ 78.53359, 25.33089 ], [ 78.52806, 25.36588 ], [ 78.55602, 25.34861 ], [ 78.57622, 25.35193 ], [ 78.57776, 25.37714 ], [ 78.60349, 25.41707 ], [ 78.6338, 25.40952 ], [ 78.63251, 25.43301 ], [ 78.65797, 25.44383 ], [ 78.68925, 25.44535 ], [ 78.70024, 25.42612 ], [ 78.66909, 25.40388 ], [ 78.65789, 25.38798 ], [ 78.70976, 25.37627 ], [ 78.70385, 25.35865 ], [ 78.73567, 25.34919 ], [ 78.76438, 25.3584 ], [ 78.75864, 25.40409 ], [ 78.74541, 25.41554 ], [ 78.79465, 25.4266 ], [ 78.78945, 25.44202 ], [ 78.76537, 25.43003 ], [ 78.74812, 25.44844 ], [ 78.72465, 25.46331 ], [ 78.72632, 25.49007 ], [ 78.75655, 25.47615 ], [ 78.78953, 25.48351 ], [ 78.8537, 25.4523 ], [ 78.85717, 25.46714 ], [ 78.84604, 25.49138 ], [ 78.827, 25.5037 ], [ 78.83395, 25.516 ], [ 78.87601, 25.52432 ], [ 78.86841, 25.54418 ], [ 78.88554, 25.56077 ], [ 78.92568, 25.55996 ], [ 78.94169, 25.55144 ], [ 78.94189, 25.53115 ], [ 78.91669, 25.51675 ], [ 78.93518, 25.4943 ], [ 78.93004, 25.46859 ], [ 78.90323, 25.44694 ], [ 78.92913, 25.42833 ], [ 78.94259, 25.4417 ], [ 78.96013, 25.43889 ], [ 78.97022, 25.42046 ], [ 78.96817, 25.39655 ], [ 78.97447, 25.37256 ], [ 78.94844, 25.37 ], [ 78.93871, 25.35283 ], [ 78.89696, 25.36521 ], [ 78.89539, 25.38079 ], [ 78.93114, 25.37712 ], [ 78.94341, 25.40312 ], [ 78.91541, 25.39963 ], [ 78.90108, 25.38926 ], [ 78.87475, 25.38766 ], [ 78.83774, 25.35217 ], [ 78.83329, 25.33134 ], [ 78.81457, 25.31096 ], [ 78.79194, 25.31479 ], [ 78.79329, 25.2931 ], [ 78.81216, 25.2941 ], [ 78.80563, 25.27093 ], [ 78.83505, 25.2332 ], [ 78.84595, 25.23379 ], [ 78.86229, 25.28313 ], [ 78.87186, 25.2918 ], [ 78.85644, 25.31696 ], [ 78.88525, 25.34669 ], [ 78.93123, 25.33241 ], [ 78.95577, 25.34776 ], [ 78.9528, 25.31188 ], [ 78.97028, 25.29109 ], [ 78.94379, 25.28007 ], [ 78.94061, 25.26269 ], [ 78.9086, 25.27436 ], [ 78.89645, 25.24994 ], [ 78.87218, 25.25079 ], [ 78.86707, 25.23254 ], [ 78.88162, 25.21547 ], [ 78.86739, 25.18996 ], [ 78.87714, 25.16218 ], [ 78.90064, 25.18054 ], [ 78.92423, 25.2106 ], [ 78.95284, 25.22069 ], [ 78.96921, 25.21663 ], [ 78.98241, 25.19915 ], [ 79.00036, 25.21605 ], [ 78.995, 25.23228 ], [ 78.97231, 25.24283 ], [ 78.98677, 25.27496 ], [ 79.01236, 25.27404 ], [ 79.01475, 25.24775 ], [ 79.02648, 25.23467 ], [ 79.05644, 25.22571 ], [ 79.0246, 25.18657 ], [ 79.03578, 25.1739 ], [ 79.02177, 25.14319 ], [ 79.03889, 25.13723 ], [ 79.05805, 25.15082 ], [ 79.06408, 25.17249 ], [ 79.0843, 25.19253 ], [ 79.09058, 25.17623 ], [ 79.11921, 25.16344 ], [ 79.10781, 25.1437 ], [ 79.12511, 25.12922 ], [ 79.13338, 25.11106 ], [ 79.17931, 25.11769 ], [ 79.16837, 25.14531 ], [ 79.18485, 25.15113 ], [ 79.19794, 25.12819 ], [ 79.23838, 25.11637 ], [ 79.23754, 25.14283 ], [ 79.22518, 25.15817 ], [ 79.2506, 25.16121 ], [ 79.26208, 25.14116 ], [ 79.25455, 25.13046 ], [ 79.27654, 25.12026 ], [ 79.28218, 25.13352 ], [ 79.30099, 25.13083 ], [ 79.31454, 25.15188 ], [ 79.30189, 25.17534 ], [ 79.28352, 25.18946 ], [ 79.27802, 25.21064 ], [ 79.29333, 25.2402 ], [ 79.31078, 25.21948 ], [ 79.34112, 25.23049 ], [ 79.34009, 25.27276 ], [ 79.31469, 25.26139 ], [ 79.28646, 25.28107 ], [ 79.27111, 25.2665 ], [ 79.25651, 25.27947 ], [ 79.26014, 25.31024 ], [ 79.29473, 25.34022 ], [ 79.34589, 25.33304 ], [ 79.33448, 25.3174 ], [ 79.34971, 25.28842 ], [ 79.35297, 25.26538 ], [ 79.36574, 25.26807 ], [ 79.37257, 25.29332 ], [ 79.40189, 25.27925 ], [ 79.40122, 25.26236 ], [ 79.45285, 25.2565 ], [ 79.43418, 25.24178 ], [ 79.4424, 25.22095 ], [ 79.43214, 25.20278 ], [ 79.40958, 25.20876 ], [ 79.40389, 25.18958 ], [ 79.38387, 25.17028 ], [ 79.38023, 25.14912 ], [ 79.38929, 25.12058 ], [ 79.40919, 25.11566 ], [ 79.4184, 25.13352 ], [ 79.43526, 25.12653 ], [ 79.43637, 25.10782 ], [ 79.47018, 25.13068 ], [ 79.46053, 25.09633 ], [ 79.48988, 25.08275 ], [ 79.50016, 25.0992 ], [ 79.51723, 25.10179 ], [ 79.51377, 25.12572 ], [ 79.52869, 25.13738 ], [ 79.55034, 25.1694 ], [ 79.56894, 25.17552 ], [ 79.57397, 25.15945 ], [ 79.59855, 25.14535 ], [ 79.62003, 25.14267 ], [ 79.63285, 25.13283 ], [ 79.66617, 25.12712 ], [ 79.6766, 25.13699 ], [ 79.70728, 25.13332 ], [ 79.73958, 25.14296 ], [ 79.76922, 25.12526 ], [ 79.82722, 25.10012 ], [ 79.8559, 25.0985 ], [ 79.84268, 25.11633 ], [ 79.86059, 25.15606 ], [ 79.8626, 25.17697 ], [ 79.85185, 25.20348 ], [ 79.86304, 25.21919 ], [ 79.84523, 25.23655 ], [ 79.87246, 25.25379 ], [ 79.8936, 25.24621 ], [ 79.921, 25.25071 ], [ 79.94922, 25.2653 ], [ 79.99734, 25.27013 ], [ 79.99386, 25.28884 ], [ 80.01265, 25.30172 ], [ 80.00991, 25.32475 ], [ 80.02074, 25.34316 ], [ 80.07002, 25.3431 ], [ 80.0833, 25.35583 ], [ 80.12708, 25.34062 ], [ 80.13712, 25.35573 ], [ 80.15913, 25.3662 ], [ 80.15918, 25.37765 ], [ 80.1879, 25.38365 ], [ 80.18883, 25.40643 ], [ 80.21403, 25.40423 ], [ 80.22956, 25.41092 ], [ 80.24519, 25.40489 ], [ 80.25587, 25.42871 ], [ 80.27373, 25.42504 ], [ 80.30905, 25.39184 ], [ 80.31325, 25.37226 ], [ 80.30263, 25.35828 ], [ 80.31174, 25.33421 ], [ 80.31069, 25.31065 ], [ 80.30267, 25.29696 ], [ 80.31201, 25.28215 ], [ 80.34097, 25.2786 ], [ 80.35771, 25.25113 ], [ 80.37803, 25.23751 ], [ 80.39906, 25.24297 ], [ 80.40166, 25.22095 ], [ 80.4237, 25.17414 ], [ 80.41548, 25.16529 ], [ 80.38676, 25.16288 ], [ 80.34862, 25.14069 ], [ 80.34753, 25.13002 ], [ 80.32284, 25.10665 ], [ 80.30479, 25.07551 ], [ 80.28196, 25.06322 ], [ 80.26694, 25.03024 ], [ 80.2892, 25.02114 ], [ 80.3141, 25.00351 ], [ 80.32594, 25.00311 ], [ 80.36782, 25.02543 ], [ 80.37926, 25.05595 ], [ 80.39413, 25.07202 ], [ 80.42273, 25.07132 ], [ 80.44071, 25.08207 ], [ 80.45997, 25.0697 ], [ 80.47018, 25.04469 ], [ 80.50232, 25.06286 ], [ 80.4873, 25.0918 ], [ 80.50951, 25.10102 ], [ 80.519, 25.08193 ], [ 80.54342, 25.06766 ], [ 80.57867, 25.08826 ], [ 80.60676, 25.0762 ], [ 80.58778, 25.1091 ], [ 80.59459, 25.15524 ], [ 80.6223, 25.12202 ], [ 80.60847, 25.0986 ], [ 80.64146, 25.09315 ], [ 80.65374, 25.07646 ], [ 80.67926, 25.08182 ], [ 80.67357, 25.05417 ], [ 80.7272, 25.07182 ], [ 80.7336, 25.06244 ], [ 80.77594, 25.06169 ], [ 80.77598, 25.0843 ], [ 80.74577, 25.0994 ], [ 80.71901, 25.10402 ], [ 80.7173, 25.12892 ], [ 80.75086, 25.1417 ], [ 80.78214, 25.13708 ], [ 80.79958, 25.14642 ], [ 80.81864, 25.13055 ], [ 80.8321, 25.14141 ], [ 80.84189, 25.16794 ], [ 80.83628, 25.19268 ], [ 80.86954, 25.18866 ], [ 80.90556, 25.16448 ], [ 80.88527, 25.14001 ], [ 80.86498, 25.12365 ], [ 80.87299, 25.10257 ], [ 80.86425, 25.08816 ], [ 80.87065, 25.07105 ], [ 80.84113, 25.05128 ], [ 80.82912, 25.02998 ], [ 80.85025, 25.00314 ], [ 80.81864, 24.97363 ], [ 80.7988, 24.97489 ], [ 80.8022, 24.94446 ], [ 80.82082, 24.93659 ], [ 80.85661, 24.93595 ], [ 80.8887, 24.94744 ], [ 80.8973, 24.95672 ], [ 80.93682, 24.9725 ], [ 80.95287, 24.93944 ], [ 81.00002, 24.94021 ], [ 81.02667, 24.95497 ], [ 81.07642, 24.95226 ], [ 81.0895, 24.92448 ], [ 81.12817, 24.89362 ], [ 81.14008, 24.91644 ], [ 81.15549, 24.93197 ], [ 81.16143, 24.95851 ], [ 81.206, 24.93924 ], [ 81.20128, 24.97026 ], [ 81.2123, 24.97774 ], [ 81.2017, 24.99573 ], [ 81.22024, 25.00724 ], [ 81.24757, 25.04149 ], [ 81.26159, 25.06846 ], [ 81.25912, 25.0873 ], [ 81.2457, 25.10554 ], [ 81.25796, 25.11685 ], [ 81.25974, 25.14118 ], [ 81.27477, 25.15342 ], [ 81.26865, 25.16519 ], [ 81.32996, 25.17249 ], [ 81.34941, 25.16735 ], [ 81.36561, 25.14425 ], [ 81.38903, 25.12426 ], [ 81.42778, 25.13361 ], [ 81.43857, 25.114 ], [ 81.43641, 25.09616 ], [ 81.48373, 25.07494 ], [ 81.49462, 25.08211 ], [ 81.49314, 25.11065 ], [ 81.47772, 25.12109 ], [ 81.47743, 25.13843 ], [ 81.492, 25.14876 ], [ 81.51874, 25.15183 ], [ 81.52728, 25.16662 ], [ 81.51074, 25.17368 ], [ 81.51285, 25.1879 ], [ 81.53254, 25.18542 ], [ 81.5664, 25.19575 ], [ 81.588, 25.18379 ], [ 81.58178, 25.16827 ], [ 81.60549, 25.16563 ], [ 81.61966, 25.15564 ], [ 81.59212, 25.13638 ], [ 81.59103, 25.12299 ], [ 81.61675, 25.12262 ], [ 81.63195, 25.10327 ], [ 81.59447, 25.07693 ], [ 81.6219, 25.05692 ], [ 81.64684, 25.07504 ], [ 81.6778, 25.06468 ], [ 81.68189, 25.04377 ], [ 81.70536, 25.0379 ], [ 81.71641, 25.05297 ], [ 81.79166, 25.01001 ], [ 81.82937, 25.01933 ], [ 81.8463, 25.00712 ], [ 81.87352, 25.00214 ], [ 81.90164, 24.98282 ], [ 81.90411, 24.94227 ], [ 81.91031, 24.9205 ], [ 81.89846, 24.90518 ], [ 81.90266, 24.88413 ], [ 81.92838, 24.87306 ], [ 81.92673, 24.86079 ], [ 81.96156, 24.83173 ], [ 81.96498, 24.84142 ], [ 82.00489, 24.85069 ], [ 82.0652, 24.82344 ], [ 82.08187, 24.82211 ], [ 82.10001, 24.80995 ], [ 82.11219, 24.79226 ], [ 82.13225, 24.80448 ], [ 82.15939, 24.79226 ], [ 82.17336, 24.80096 ], [ 82.20872, 24.79777 ], [ 82.19567, 24.76375 ], [ 82.22774, 24.76556 ], [ 82.23837, 24.75441 ], [ 82.24305, 24.70176 ], [ 82.22869, 24.69076 ], [ 82.22885, 24.67459 ], [ 82.26949, 24.68187 ], [ 82.29189, 24.66478 ], [ 82.29842, 24.62801 ], [ 82.3094, 24.61294 ], [ 82.32977, 24.62375 ], [ 82.34596, 24.6188 ], [ 82.36085, 24.602 ], [ 82.40917, 24.59783 ], [ 82.40353, 24.63616 ], [ 82.41179, 24.65785 ], [ 82.4016, 24.6838 ], [ 82.42015, 24.70525 ], [ 82.43231, 24.70628 ], [ 82.44839, 24.69062 ], [ 82.44885, 24.6779 ], [ 82.47668, 24.68358 ], [ 82.48676, 24.6755 ], [ 82.51843, 24.67834 ], [ 82.52927, 24.65196 ], [ 82.57397, 24.663 ], [ 82.58765, 24.67373 ], [ 82.63644, 24.68784 ], [ 82.66555, 24.69986 ], [ 82.69595, 24.67572 ], [ 82.6917, 24.64864 ], [ 82.70207, 24.64211 ], [ 82.72746, 24.64647 ], [ 82.7658, 24.64163 ], [ 82.76826, 24.59754 ], [ 82.79637, 24.59976 ], [ 82.80077, 24.55268 ], [ 82.74602, 24.54152 ], [ 82.71611, 24.55714 ], [ 82.71564, 24.5133 ], [ 82.73655, 24.49977 ], [ 82.72377, 24.47633 ], [ 82.72572, 24.42626 ], [ 82.71497, 24.41617 ], [ 82.70716, 24.38518 ], [ 82.7185, 24.37122 ], [ 82.76058, 24.37304 ], [ 82.7645, 24.34755 ], [ 82.75982, 24.31908 ], [ 82.76414, 24.29243 ], [ 82.75059, 24.26813 ], [ 82.74992, 24.23613 ], [ 82.727, 24.22326 ], [ 82.73614, 24.16835 ], [ 82.72308, 24.15681 ], [ 82.72037, 24.13899 ], [ 82.68836, 24.14423 ], [ 82.67085, 24.15847 ], [ 82.65739, 24.1348 ], [ 82.66353, 24.12393 ], [ 82.70136, 24.09707 ], [ 82.7084, 24.08076 ], [ 82.72628, 24.08257 ], [ 82.75492, 24.07324 ], [ 82.75577, 24.0436 ], [ 82.73992, 24.03105 ], [ 82.74589, 24.01311 ], [ 82.80147, 24.00106 ], [ 82.79872, 23.97662 ], [ 82.80778, 23.96306 ] ] ] ] } },
{ "type": "Feature", "properties": { "source": "https://simplemaps.com", "id": "INMH", "name": "Maharashtra" }, "geometry": { "type": "MultiPolygon", "coordinates": [ [ [ [ 80.26754, 18.71797 ], [ 80.24667, 18.70132 ], [ 80.20191, 18.69744 ], [ 80.18896, 18.67558 ], [ 80.1674, 18.68007 ], [ 80.15808, 18.69594 ], [ 80.10656, 18.67753 ], [ 80.08212, 18.70245 ], [ 80.04636, 18.72092 ], [ 80.03286, 18.74644 ], [ 80.01871, 18.75101 ], [ 80.01235, 18.76676 ], [ 79.93199, 18.78443 ], [ 79.91627, 18.79734 ], [ 79.89401, 18.83084 ], [ 79.92551, 18.83754 ], [ 79.939, 18.85889 ], [ 79.94094, 18.93766 ], [ 79.93134, 18.97479 ], [ 79.93449, 19.0217 ], [ 79.92598, 19.04249 ], [ 79.89085, 19.04545 ], [ 79.87103, 19.03554 ], [ 79.85701, 19.0422 ], [ 79.8611, 19.05995 ], [ 79.85805, 19.10411 ], [ 79.87121, 19.1227 ], [ 79.90597, 19.14179 ], [ 79.94244, 19.17588 ], [ 79.92251, 19.20341 ], [ 79.92017, 19.22641 ], [ 79.94518, 19.28412 ], [ 79.96178, 19.29749 ], [ 79.95715, 19.33457 ], [ 79.96452, 19.35068 ], [ 79.97305, 19.40102 ], [ 79.94577, 19.44078 ], [ 79.945, 19.45882 ], [ 79.91103, 19.49234 ], [ 79.87823, 19.5007 ], [ 79.82822, 19.53701 ], [ 79.8166, 19.56901 ], [ 79.7933, 19.58009 ], [ 79.77755, 19.59768 ], [ 79.74033, 19.60314 ], [ 79.71293, 19.58333 ], [ 79.67802, 19.57656 ], [ 79.63972, 19.575 ], [ 79.62139, 19.5651 ], [ 79.60722, 19.53946 ], [ 79.60085, 19.50795 ], [ 79.59135, 19.50173 ], [ 79.5656, 19.5109 ], [ 79.5477, 19.52608 ], [ 79.54266, 19.54852 ], [ 79.51499, 19.54195 ], [ 79.5134, 19.51806 ], [ 79.47042, 19.49745 ], [ 79.45818, 19.51896 ], [ 79.44126, 19.53351 ], [ 79.41361, 19.53348 ], [ 79.37119, 19.56155 ], [ 79.36903, 19.57123 ], [ 79.34089, 19.57377 ], [ 79.31426, 19.56552 ], [ 79.30484, 19.59015 ], [ 79.25523, 19.61121 ], [ 79.23709, 19.60949 ], [ 79.25011, 19.57768 ], [ 79.23977, 19.55948 ], [ 79.23663, 19.5268 ], [ 79.21571, 19.51058 ], [ 79.20878, 19.4848 ], [ 79.21871, 19.4645 ], [ 79.18904, 19.4587 ], [ 79.1691, 19.46777 ], [ 79.14027, 19.50111 ], [ 79.10474, 19.51274 ], [ 79.10287, 19.52795 ], [ 79.06339, 19.53125 ], [ 79.05152, 19.54527 ], [ 79.01836, 19.53997 ], [ 78.99286, 19.56204 ], [ 78.97848, 19.55092 ], [ 78.95455, 19.55183 ], [ 78.95446, 19.56272 ], [ 78.97785, 19.57994 ], [ 78.9783, 19.59041 ], [ 78.96286, 19.61732 ], [ 78.96896, 19.64923 ], [ 78.9436, 19.66514 ], [ 78.91591, 19.66773 ], [ 78.89098, 19.65526 ], [ 78.8588, 19.65631 ], [ 78.86348, 19.69677 ], [ 78.85692, 19.7313 ], [ 78.84563, 19.75835 ], [ 78.80761, 19.75799 ], [ 78.78487, 19.77875 ], [ 78.76323, 19.77563 ], [ 78.73835, 19.77943 ], [ 78.71645, 19.7668 ], [ 78.70179, 19.78558 ], [ 78.61934, 19.80871 ], [ 78.60365, 19.8175 ], [ 78.58499, 19.81169 ], [ 78.52627, 19.82166 ], [ 78.49392, 19.79315 ], [ 78.47619, 19.81636 ], [ 78.42867, 19.82311 ], [ 78.39766, 19.8364 ], [ 78.38593, 19.8527 ], [ 78.38415, 19.87922 ], [ 78.33625, 19.88319 ], [ 78.3102, 19.91274 ], [ 78.29413, 19.84955 ], [ 78.339, 19.83918 ], [ 78.33921, 19.81351 ], [ 78.36049, 19.80574 ], [ 78.36774, 19.78108 ], [ 78.3608, 19.75398 ], [ 78.34541, 19.73442 ], [ 78.34528, 19.71357 ], [ 78.32269, 19.70365 ], [ 78.31606, 19.69055 ], [ 78.28581, 19.68967 ], [ 78.26972, 19.66313 ], [ 78.28756, 19.65446 ], [ 78.31099, 19.60418 ], [ 78.31115, 19.57177 ], [ 78.29651, 19.55838 ], [ 78.29943, 19.50413 ], [ 78.31001, 19.48643 ], [ 78.31196, 19.4659 ], [ 78.29733, 19.44883 ], [ 78.27322, 19.45384 ], [ 78.252, 19.43005 ], [ 78.22427, 19.43403 ], [ 78.18757, 19.39562 ], [ 78.1796, 19.35301 ], [ 78.19715, 19.33173 ], [ 78.19318, 19.30294 ], [ 78.18315, 19.27896 ], [ 78.18332, 19.24154 ], [ 78.14974, 19.23005 ], [ 78.12671, 19.2464 ], [ 78.09939, 19.24548 ], [ 78.08225, 19.25477 ], [ 78.05756, 19.23975 ], [ 78.04805, 19.24751 ], [ 78.04575, 19.27086 ], [ 78.02728, 19.27868 ], [ 78.01161, 19.30111 ], [ 77.9855, 19.30899 ], [ 77.97691, 19.32105 ], [ 77.94892, 19.34128 ], [ 77.92632, 19.33191 ], [ 77.91228, 19.31795 ], [ 77.86088, 19.30213 ], [ 77.86192, 19.2841 ], [ 77.90067, 19.27713 ], [ 77.90039, 19.25612 ], [ 77.88463, 19.26023 ], [ 77.86808, 19.24611 ], [ 77.84454, 19.18819 ], [ 77.85302, 19.17682 ], [ 77.84924, 19.15528 ], [ 77.83393, 19.13274 ], [ 77.84519, 19.11421 ], [ 77.84219, 19.08677 ], [ 77.82861, 19.08494 ], [ 77.81517, 19.10366 ], [ 77.80025, 19.09887 ], [ 77.79353, 19.07121 ], [ 77.79718, 19.05131 ], [ 77.76169, 19.06204 ], [ 77.75739, 19.02855 ], [ 77.76427, 19.01962 ], [ 77.76736, 18.98142 ], [ 77.81714, 18.98237 ], [ 77.81269, 18.94946 ], [ 77.85373, 18.95228 ], [ 77.8405, 18.9113 ], [ 77.85664, 18.90607 ], [ 77.88158, 18.90853 ], [ 77.88767, 18.88512 ], [ 77.8992, 18.86793 ], [ 77.92534, 18.85921 ], [ 77.94414, 18.84229 ], [ 77.94255, 18.82229 ], [ 77.90759, 18.82952 ], [ 77.83746, 18.80746 ], [ 77.82318, 18.7685 ], [ 77.80272, 18.72925 ], [ 77.80222, 18.71612 ], [ 77.78651, 18.69432 ], [ 77.7495, 18.68978 ], [ 77.73286, 18.676 ], [ 77.72972, 18.64273 ], [ 77.74299, 18.6214 ], [ 77.74716, 18.58908 ], [ 77.72794, 18.55154 ], [ 77.71236, 18.55444 ], [ 77.65757, 18.5272 ], [ 77.64529, 18.5363 ], [ 77.64048, 18.55393 ], [ 77.59727, 18.54754 ], [ 77.58627, 18.50292 ], [ 77.60284, 18.49138 ], [ 77.60107, 18.47421 ], [ 77.57652, 18.48378 ], [ 77.57063, 18.46686 ], [ 77.58264, 18.44307 ], [ 77.56017, 18.43505 ], [ 77.52848, 18.44048 ], [ 77.52594, 18.42735 ], [ 77.55521, 18.41785 ], [ 77.5493, 18.38772 ], [ 77.5214, 18.36465 ], [ 77.52733, 18.3394 ], [ 77.55336, 18.33122 ], [ 77.57023, 18.30818 ], [ 77.54996, 18.29135 ], [ 77.51978, 18.30737 ], [ 77.50843, 18.30217 ], [ 77.51264, 18.28198 ], [ 77.49223, 18.26588 ], [ 77.46539, 18.25996 ], [ 77.43693, 18.28204 ], [ 77.43637, 18.30649 ], [ 77.40781, 18.29956 ], [ 77.36253, 18.30829 ], [ 77.36702, 18.32232 ], [ 77.39283, 18.34055 ], [ 77.39182, 18.36593 ], [ 77.40788, 18.37849 ], [ 77.4005, 18.3978 ], [ 77.36975, 18.40071 ], [ 77.36441, 18.42985 ], [ 77.35407, 18.44874 ], [ 77.34208, 18.43029 ], [ 77.32558, 18.45512 ], [ 77.31327, 18.43938 ], [ 77.24023, 18.40865 ], [ 77.23287, 18.38613 ], [ 77.22727, 18.3449 ], [ 77.20998, 18.31374 ], [ 77.19541, 18.31271 ], [ 77.20618, 18.27796 ], [ 77.17784, 18.28185 ], [ 77.1572, 18.25309 ], [ 77.1395, 18.20724 ], [ 77.12099, 18.2067 ], [ 77.09554, 18.1951 ], [ 77.11633, 18.16761 ], [ 77.10889, 18.15269 ], [ 77.05767, 18.15236 ], [ 77.04945, 18.17321 ], [ 77.03284, 18.18378 ], [ 77.02399, 18.16268 ], [ 76.99776, 18.16685 ], [ 76.99146, 18.18665 ], [ 76.95411, 18.18489 ], [ 76.94376, 18.15474 ], [ 76.92256, 18.11611 ], [ 76.95339, 18.11011 ], [ 76.96828, 18.09711 ], [ 76.94974, 18.08233 ], [ 76.95206, 18.03771 ], [ 76.91772, 18.03323 ], [ 76.91959, 17.98538 ], [ 76.91322, 17.93721 ], [ 76.91644, 17.91509 ], [ 76.90021, 17.91469 ], [ 76.88118, 17.89305 ], [ 76.85384, 17.89784 ], [ 76.80823, 17.88309 ], [ 76.8028, 17.86832 ], [ 76.77457, 17.87696 ], [ 76.76595, 17.89843 ], [ 76.74068, 17.89801 ], [ 76.73746, 17.85706 ], [ 76.76574, 17.8508 ], [ 76.78817, 17.82647 ], [ 76.77628, 17.79938 ], [ 76.76276, 17.78711 ], [ 76.73943, 17.77913 ], [ 76.71938, 17.7853 ], [ 76.71797, 17.74787 ], [ 76.69236, 17.70526 ], [ 76.69055, 17.67995 ], [ 76.66314, 17.68786 ], [ 76.65521, 17.7164 ], [ 76.63065, 17.729 ], [ 76.62695, 17.75596 ], [ 76.60406, 17.75583 ], [ 76.5988, 17.72797 ], [ 76.58703, 17.70789 ], [ 76.56943, 17.70374 ], [ 76.56811, 17.7398 ], [ 76.55978, 17.76314 ], [ 76.5237, 17.75889 ], [ 76.52364, 17.71523 ], [ 76.48637, 17.71352 ], [ 76.48465, 17.66963 ], [ 76.4893, 17.66067 ], [ 76.4523, 17.65555 ], [ 76.42873, 17.64441 ], [ 76.41567, 17.6042 ], [ 76.33167, 17.59487 ], [ 76.34003, 17.54257 ], [ 76.3609, 17.53626 ], [ 76.36641, 17.51671 ], [ 76.34634, 17.51148 ], [ 76.34595, 17.4916 ], [ 76.36659, 17.49529 ], [ 76.3723, 17.48578 ], [ 76.35001, 17.47213 ], [ 76.3308, 17.46882 ], [ 76.33366, 17.43229 ], [ 76.37318, 17.43442 ], [ 76.362, 17.37508 ], [ 76.40807, 17.36929 ], [ 76.41064, 17.34769 ], [ 76.39299, 17.33628 ], [ 76.38171, 17.31181 ], [ 76.35227, 17.31059 ], [ 76.34361, 17.34993 ], [ 76.31301, 17.34327 ], [ 76.31721, 17.32944 ], [ 76.27588, 17.33053 ], [ 76.27018, 17.35653 ], [ 76.229, 17.36323 ], [ 76.18291, 17.3565 ], [ 76.17233, 17.34873 ], [ 76.17892, 17.31392 ], [ 76.1638, 17.30033 ], [ 76.16315, 17.34091 ], [ 76.13759, 17.35257 ], [ 76.12121, 17.36634 ], [ 76.102, 17.36226 ], [ 76.07874, 17.33007 ], [ 76.0632, 17.3519 ], [ 76.01546, 17.35061 ], [ 76.00027, 17.33775 ], [ 75.97153, 17.33646 ], [ 75.93115, 17.32411 ], [ 75.91071, 17.34582 ], [ 75.89366, 17.35362 ], [ 75.89436, 17.4059 ], [ 75.85911, 17.38897 ], [ 75.856, 17.40768 ], [ 75.83889, 17.42054 ], [ 75.82199, 17.41968 ], [ 75.81133, 17.36994 ], [ 75.78232, 17.37881 ], [ 75.76977, 17.40684 ], [ 75.73704, 17.4219 ], [ 75.70806, 17.40832 ], [ 75.69119, 17.41261 ], [ 75.68081, 17.43616 ], [ 75.68082, 17.45397 ], [ 75.6623, 17.45968 ], [ 75.63559, 17.47751 ], [ 75.62533, 17.45811 ], [ 75.61543, 17.42203 ], [ 75.61581, 17.39186 ], [ 75.57854, 17.38293 ], [ 75.58405, 17.35134 ], [ 75.61311, 17.34229 ], [ 75.61604, 17.32876 ], [ 75.60596, 17.30326 ], [ 75.62469, 17.2938 ], [ 75.63232, 17.27222 ], [ 75.65748, 17.27057 ], [ 75.66388, 17.21375 ], [ 75.6307, 17.18616 ], [ 75.63139, 17.16007 ], [ 75.65273, 17.13273 ], [ 75.65363, 17.11313 ], [ 75.6741, 17.11355 ], [ 75.68108, 17.07114 ], [ 75.64787, 17.04657 ], [ 75.654, 17.03064 ], [ 75.67224, 17.03573 ], [ 75.66868, 16.98322 ], [ 75.67842, 16.96394 ], [ 75.64503, 16.95103 ], [ 75.63634, 16.96581 ], [ 75.61066, 16.96962 ], [ 75.60952, 17.00311 ], [ 75.56992, 17.00617 ], [ 75.57034, 16.96362 ], [ 75.53001, 16.96583 ], [ 75.51701, 16.95193 ], [ 75.49301, 16.94518 ], [ 75.48969, 16.96539 ], [ 75.46791, 16.98533 ], [ 75.4438, 16.97949 ], [ 75.43102, 16.96346 ], [ 75.39476, 16.97639 ], [ 75.37169, 16.96869 ], [ 75.34533, 16.95252 ], [ 75.28462, 16.95355 ], [ 75.28558, 16.90943 ], [ 75.29178, 16.90114 ], [ 75.28278, 16.87424 ], [ 75.2683, 16.86086 ], [ 75.241, 16.86296 ], [ 75.23001, 16.84092 ], [ 75.1832, 16.84204 ], [ 75.19252, 16.86956 ], [ 75.17175, 16.8648 ], [ 75.14113, 16.87354 ], [ 75.1384, 16.89292 ], [ 75.10693, 16.90952 ], [ 75.09471, 16.92115 ], [ 75.09415, 16.94723 ], [ 75.04815, 16.93871 ], [ 75.0037, 16.94583 ], [ 74.98582, 16.92902 ], [ 74.96671, 16.93565 ], [ 74.95454, 16.93 ], [ 74.93839, 16.94099 ], [ 74.92703, 16.92562 ], [ 74.95284, 16.90648 ], [ 74.96726, 16.90538 ], [ 74.9641, 16.87788 ], [ 74.94862, 16.88009 ], [ 74.91196, 16.85594 ], [ 74.91586, 16.78568 ], [ 74.92382, 16.76995 ], [ 74.85497, 16.77077 ], [ 74.85034, 16.76032 ], [ 74.77901, 16.74859 ], [ 74.73662, 16.71584 ], [ 74.6982, 16.7152 ], [ 74.69611, 16.67498 ], [ 74.67174, 16.66353 ], [ 74.66051, 16.63758 ], [ 74.69431, 16.61519 ], [ 74.66387, 16.60108 ], [ 74.64114, 16.60469 ], [ 74.64052, 16.58194 ], [ 74.617, 16.56797 ], [ 74.57405, 16.55197 ], [ 74.55967, 16.55975 ], [ 74.56556, 16.59038 ], [ 74.54985, 16.59218 ], [ 74.55144, 16.63321 ], [ 74.49551, 16.62767 ], [ 74.47739, 16.66078 ], [ 74.4648, 16.65295 ], [ 74.46447, 16.63399 ], [ 74.47246, 16.60481 ], [ 74.44082, 16.59869 ], [ 74.42883, 16.58273 ], [ 74.40348, 16.57867 ], [ 74.3955, 16.55952 ], [ 74.39565, 16.53567 ], [ 74.38544, 16.5274 ], [ 74.33215, 16.5537 ], [ 74.30692, 16.52917 ], [ 74.27637, 16.54453 ], [ 74.27663, 16.52061 ], [ 74.28669, 16.50677 ], [ 74.26313, 16.49895 ], [ 74.26878, 16.47603 ], [ 74.28895, 16.50378 ], [ 74.2999, 16.50263 ], [ 74.29484, 16.47435 ], [ 74.32194, 16.45004 ], [ 74.33887, 16.45216 ], [ 74.34265, 16.40049 ], [ 74.36457, 16.40324 ], [ 74.36868, 16.39117 ], [ 74.3519, 16.3663 ], [ 74.34577, 16.38952 ], [ 74.33501, 16.38872 ], [ 74.32371, 16.35361 ], [ 74.3344, 16.34052 ], [ 74.34872, 16.29147 ], [ 74.32869, 16.27943 ], [ 74.33705, 16.26572 ], [ 74.36257, 16.28714 ], [ 74.38007, 16.2935 ], [ 74.39127, 16.2756 ], [ 74.42123, 16.28059 ], [ 74.42253, 16.25745 ], [ 74.48412, 16.24673 ], [ 74.50833, 16.22294 ], [ 74.50317, 16.21156 ], [ 74.51288, 16.18826 ], [ 74.49782, 16.18134 ], [ 74.49095, 16.142 ], [ 74.49711, 16.11237 ], [ 74.48909, 16.08732 ], [ 74.46455, 16.10211 ], [ 74.43459, 16.11062 ], [ 74.40406, 16.09098 ], [ 74.37099, 16.05957 ], [ 74.39005, 16.03513 ], [ 74.41122, 16.04901 ], [ 74.44048, 16.05702 ], [ 74.46796, 16.0467 ], [ 74.46391, 16.02256 ], [ 74.44967, 15.99853 ], [ 74.44996, 15.98323 ], [ 74.43523, 15.95117 ], [ 74.39187, 15.90116 ], [ 74.39919, 15.87435 ], [ 74.36998, 15.87568 ], [ 74.35296, 15.85924 ], [ 74.35377, 15.8481 ], [ 74.38741, 15.84711 ], [ 74.36916, 15.81216 ], [ 74.37551, 15.79672 ], [ 74.36485, 15.77365 ], [ 74.35094, 15.76336 ], [ 74.32975, 15.77038 ], [ 74.32408, 15.75653 ], [ 74.29217, 15.73931 ], [ 74.27401, 15.75312 ], [ 74.24387, 15.7444 ], [ 74.23517, 15.75961 ], [ 74.24034, 15.78075 ], [ 74.21741, 15.77876 ], [ 74.21133, 15.75859 ], [ 74.19707, 15.75022 ], [ 74.16767, 15.74925 ], [ 74.16013, 15.73435 ], [ 74.13486, 15.72218 ], [ 74.14153, 15.70036 ], [ 74.1336, 15.6784 ], [ 74.09802, 15.66597 ], [ 74.12603, 15.65029 ], [ 74.08055, 15.62617 ], [ 74.0393, 15.62085 ], [ 74.02793, 15.6046 ], [ 74.00239, 15.60905 ], [ 73.97598, 15.62894 ], [ 73.96926, 15.64432 ], [ 73.9757, 15.65978 ], [ 73.97131, 15.68725 ], [ 73.95724, 15.69674 ], [ 73.95887, 15.71129 ], [ 73.94537, 15.74152 ], [ 73.90861, 15.74233 ], [ 73.88024, 15.75255 ], [ 73.88686, 15.77029 ], [ 73.86549, 15.79753 ], [ 73.83878, 15.76089 ], [ 73.83304, 15.73775 ], [ 73.8204, 15.73991 ], [ 73.78649, 15.72325 ], [ 73.77579, 15.73053 ], [ 73.74871, 15.73057 ], [ 73.74102, 15.71872 ], [ 73.71857, 15.72162 ], [ 73.70659, 15.72173 ], [ 73.69186, 15.72691 ], [ 73.68014, 15.72437 ], [ 73.6532, 15.74319 ], [ 73.66319, 15.75764 ], [ 73.6507, 15.80181 ], [ 73.62597, 15.85264 ], [ 73.61097, 15.86014 ], [ 73.59597, 15.89653 ], [ 73.58598, 15.90986 ], [ 73.54958, 15.92736 ], [ 73.51014, 15.93958 ], [ 73.50653, 15.96236 ], [ 73.49181, 15.98153 ], [ 73.49097, 16.01153 ], [ 73.48236, 16.03764 ], [ 73.4568, 16.05736 ], [ 73.46542, 16.07153 ], [ 73.44903, 16.15514 ], [ 73.43569, 16.19903 ], [ 73.41681, 16.2457 ], [ 73.40569, 16.29625 ], [ 73.39375, 16.31736 ], [ 73.39542, 16.33181 ], [ 73.38653, 16.36069 ], [ 73.36792, 16.36347 ], [ 73.37514, 16.38625 ], [ 73.36542, 16.39764 ], [ 73.35514, 16.44653 ], [ 73.33153, 16.48904 ], [ 73.32514, 16.51375 ], [ 73.31125, 16.54236 ], [ 73.33542, 16.56097 ], [ 73.3468, 16.52986 ], [ 73.35486, 16.53097 ], [ 73.34209, 16.56792 ], [ 73.32236, 16.58375 ], [ 73.3168, 16.60097 ], [ 73.34042, 16.60375 ], [ 73.35152, 16.62208 ], [ 73.33292, 16.64153 ], [ 73.33014, 16.68736 ], [ 73.30542, 16.72931 ], [ 73.30514, 16.76708 ], [ 73.3157, 16.80708 ], [ 73.29542, 16.81679 ], [ 73.29292, 16.8707 ], [ 73.30042, 16.89264 ], [ 73.27903, 16.90403 ], [ 73.2868, 16.91624 ], [ 73.28181, 16.94792 ], [ 73.29208, 16.95681 ], [ 73.2943, 16.98597 ], [ 73.2768, 16.99208 ], [ 73.2843, 17.01069 ], [ 73.27625, 17.02347 ], [ 73.25875, 17.01958 ], [ 73.25681, 17.04875 ], [ 73.27764, 17.03403 ], [ 73.28848, 17.05792 ], [ 73.28514, 17.10625 ], [ 73.27236, 17.12181 ], [ 73.24653, 17.20875 ], [ 73.22292, 17.26597 ], [ 73.20458, 17.26848 ], [ 73.19847, 17.28931 ], [ 73.22209, 17.30292 ], [ 73.23458, 17.28625 ], [ 73.24208, 17.31653 ], [ 73.21875, 17.33097 ], [ 73.22014, 17.35293 ], [ 73.20708, 17.38431 ], [ 73.17709, 17.38708 ], [ 73.16708, 17.40514 ], [ 73.1843, 17.41208 ], [ 73.18459, 17.45708 ], [ 73.19347, 17.46597 ], [ 73.18153, 17.50764 ], [ 73.14181, 17.54597 ], [ 73.13986, 17.56792 ], [ 73.16097, 17.56847 ], [ 73.1621, 17.59125 ], [ 73.14403, 17.6018 ], [ 73.12708, 17.63708 ], [ 73.13347, 17.65319 ], [ 73.1218, 17.66514 ], [ 73.11375, 17.6893 ], [ 73.13514, 17.70986 ], [ 73.12847, 17.73792 ], [ 73.11069, 17.78708 ], [ 73.09653, 17.81014 ], [ 73.08153, 17.86542 ], [ 73.07125, 17.88875 ], [ 73.05403, 17.90042 ], [ 73.05236, 17.93153 ], [ 73.0296, 17.94431 ], [ 73.0293, 17.96681 ], [ 73.04014, 17.97792 ], [ 73.0218, 17.99014 ], [ 73.0107, 18.02486 ], [ 73.03098, 18.03208 ], [ 72.98959, 18.05597 ], [ 72.99736, 18.07681 ], [ 72.99043, 18.09903 ], [ 72.97903, 18.10819 ], [ 72.97097, 18.13292 ], [ 72.9818, 18.13708 ], [ 72.98764, 18.16042 ], [ 72.98124, 18.19292 ], [ 72.9557, 18.21959 ], [ 72.94458, 18.22319 ], [ 72.93819, 18.28431 ], [ 72.9632, 18.2807 ], [ 72.97375, 18.24764 ], [ 73.00153, 18.24792 ], [ 73.05903, 18.22931 ], [ 73.0804, 18.23125 ], [ 73.06153, 18.25097 ], [ 73.06846, 18.26903 ], [ 73.03514, 18.26486 ], [ 73.00875, 18.28458 ], [ 72.99208, 18.28014 ], [ 72.97236, 18.30181 ], [ 72.95292, 18.33375 ], [ 72.93625, 18.34819 ], [ 72.91402, 18.35485 ], [ 72.92431, 18.37347 ], [ 72.92403, 18.39208 ], [ 72.90902, 18.39875 ], [ 72.90542, 18.44097 ], [ 72.89486, 18.45819 ], [ 72.91097, 18.52458 ], [ 72.92847, 18.53569 ], [ 72.91959, 18.56042 ], [ 72.89403, 18.61208 ], [ 72.88403, 18.63847 ], [ 72.87041, 18.63958 ], [ 72.85542, 18.69597 ], [ 72.8643, 18.72125 ], [ 72.86681, 18.75764 ], [ 72.86347, 18.79125 ], [ 72.87681, 18.80181 ], [ 72.89986, 18.80403 ], [ 72.91625, 18.79236 ], [ 72.94347, 18.82708 ], [ 72.95736, 18.80125 ], [ 72.9718, 18.79042 ], [ 72.98264, 18.81014 ], [ 72.97792, 18.86319 ], [ 72.94292, 18.84569 ], [ 72.92653, 18.85097 ], [ 72.9082, 18.88569 ], [ 72.90791, 18.90208 ], [ 72.92264, 18.91208 ], [ 72.95736, 18.90958 ], [ 72.96181, 18.92042 ], [ 72.93958, 18.94708 ], [ 72.9557, 18.97347 ], [ 72.97207, 18.96347 ], [ 73.00125, 18.97069 ], [ 73.01708, 18.98098 ], [ 73.00153, 19.00986 ], [ 73.00375, 19.02932 ], [ 72.99292, 19.05903 ], [ 72.9632, 19.05847 ], [ 72.95486, 19.02708 ], [ 72.91847, 18.99958 ], [ 72.86208, 19.00292 ], [ 72.8468, 18.95375 ], [ 72.84431, 18.92903 ], [ 72.82375, 18.93486 ], [ 72.80153, 18.96903 ], [ 72.81375, 18.98125 ], [ 72.81125, 19.00236 ], [ 72.8382, 19.03486 ], [ 72.82375, 19.04208 ], [ 72.82681, 19.09403 ], [ 72.81847, 19.12431 ], [ 72.78902, 19.15014 ], [ 72.78403, 19.16236 ], [ 72.79652, 19.17792 ], [ 72.78125, 19.19457 ], [ 72.77597, 19.22208 ], [ 72.78291, 19.25181 ], [ 72.78431, 19.30264 ], [ 72.79875, 19.33097 ], [ 72.75764, 19.37597 ], [ 72.76041, 19.41486 ], [ 72.74514, 19.45569 ], [ 72.75459, 19.47431 ], [ 72.77986, 19.49153 ], [ 72.74153, 19.51597 ], [ 72.72903, 19.52875 ], [ 72.71625, 19.57264 ], [ 72.7157, 19.59014 ], [ 72.73097, 19.59875 ], [ 72.72791, 19.62486 ], [ 72.71486, 19.6393 ], [ 72.70653, 19.68097 ], [ 72.71069, 19.70208 ], [ 72.68736, 19.74764 ], [ 72.68624, 19.79597 ], [ 72.67958, 19.81347 ], [ 72.65347, 19.82958 ], [ 72.65125, 19.85792 ], [ 72.6693, 19.8518 ], [ 72.68094, 19.86486 ], [ 72.68264, 19.89125 ], [ 72.67709, 19.91931 ], [ 72.66541, 19.93486 ], [ 72.68903, 19.95708 ], [ 72.71653, 19.97486 ], [ 72.7218, 19.98736 ], [ 72.71514, 20.04042 ], [ 72.70792, 20.06875 ], [ 72.72652, 20.08264 ], [ 72.7382, 20.11458 ], [ 72.73764, 20.13654 ], [ 72.78761, 20.13008 ], [ 72.80206, 20.14847 ], [ 72.82884, 20.15657 ], [ 72.83362, 20.18357 ], [ 72.85029, 20.20794 ], [ 72.872, 20.20824 ], [ 72.88432, 20.22658 ], [ 72.92843, 20.22337 ], [ 72.97043, 20.21233 ], [ 72.9762, 20.18002 ], [ 72.98604, 20.17655 ], [ 72.98669, 20.17131 ], [ 72.98624, 20.16272 ], [ 72.98596, 20.15753 ], [ 72.97323, 20.1308 ], [ 72.98532, 20.11345 ], [ 73.00431, 20.11792 ], [ 73.00771, 20.1294 ], [ 73.00764, 20.13247 ], [ 73.01748, 20.13496 ], [ 73.01667, 20.13049 ], [ 73.01021, 20.1104 ], [ 73.04527, 20.07178 ], [ 73.05921, 20.06793 ], [ 73.05799, 20.09673 ], [ 73.08832, 20.09447 ], [ 73.10517, 20.08722 ], [ 73.11038, 20.08461 ], [ 73.11183, 20.08301 ], [ 73.12313, 20.07794 ], [ 73.12774, 20.07816 ], [ 73.1367, 20.08525 ], [ 73.14449, 20.07786 ], [ 73.17023, 20.0656 ], [ 73.17539, 20.05805 ], [ 73.1838, 20.0523 ], [ 73.18587, 20.0529 ], [ 73.19891, 20.06227 ], [ 73.19804, 20.07781 ], [ 73.21394, 20.09064 ], [ 73.21774, 20.10634 ], [ 73.21632, 20.122 ], [ 73.23668, 20.12972 ], [ 73.26281, 20.12795 ], [ 73.26846, 20.13929 ], [ 73.29363, 20.15388 ], [ 73.29406, 20.19386 ], [ 73.31115, 20.20721 ], [ 73.37595, 20.19497 ], [ 73.42683, 20.20157 ], [ 73.42041, 20.257 ], [ 73.42462, 20.27683 ], [ 73.43694, 20.28212 ], [ 73.42532, 20.32072 ], [ 73.4254, 20.33767 ], [ 73.41479, 20.38157 ], [ 73.39158, 20.37289 ], [ 73.39773, 20.39923 ], [ 73.42289, 20.41433 ], [ 73.44901, 20.4667 ], [ 73.47594, 20.49502 ], [ 73.47227, 20.51405 ], [ 73.50074, 20.54024 ], [ 73.4818, 20.54336 ], [ 73.48585, 20.56405 ], [ 73.48082, 20.5836 ], [ 73.44036, 20.59512 ], [ 73.42764, 20.62449 ], [ 73.40273, 20.6426 ], [ 73.40365, 20.65237 ], [ 73.43992, 20.66484 ], [ 73.45654, 20.6934 ], [ 73.45869, 20.71432 ], [ 73.48261, 20.71723 ], [ 73.49729, 20.68602 ], [ 73.48741, 20.67555 ], [ 73.49844, 20.65342 ], [ 73.5304, 20.67312 ], [ 73.54476, 20.6692 ], [ 73.56294, 20.64739 ], [ 73.59121, 20.64511 ], [ 73.62219, 20.6253 ], [ 73.63677, 20.57929 ], [ 73.66584, 20.56281 ], [ 73.70102, 20.57838 ], [ 73.73766, 20.57399 ], [ 73.74821, 20.56736 ], [ 73.78706, 20.60226 ], [ 73.80596, 20.60152 ], [ 73.84641, 20.62352 ], [ 73.84708, 20.65636 ], [ 73.84151, 20.67514 ], [ 73.82543, 20.67362 ], [ 73.82265, 20.69382 ], [ 73.84276, 20.70212 ], [ 73.8636, 20.6943 ], [ 73.87728, 20.72133 ], [ 73.88886, 20.73108 ], [ 73.92091, 20.72353 ], [ 73.94953, 20.74231 ], [ 73.94057, 20.76886 ], [ 73.94019, 20.80886 ], [ 73.9451, 20.84013 ], [ 73.93106, 20.84839 ], [ 73.93104, 20.88592 ], [ 73.91682, 20.91505 ], [ 73.89634, 20.933 ], [ 73.90645, 20.98315 ], [ 73.84683, 20.99399 ], [ 73.81641, 20.99605 ], [ 73.8077, 21.02256 ], [ 73.78471, 21.01957 ], [ 73.76607, 21.04005 ], [ 73.74761, 21.03998 ], [ 73.74219, 21.0555 ], [ 73.74413, 21.08167 ], [ 73.7358, 21.10323 ], [ 73.70898, 21.11234 ], [ 73.69339, 21.10099 ], [ 73.65773, 21.12105 ], [ 73.62872, 21.12015 ], [ 73.61147, 21.15446 ], [ 73.5888, 21.15419 ], [ 73.5883, 21.1679 ], [ 73.60692, 21.17846 ], [ 73.6197, 21.15795 ], [ 73.63745, 21.15314 ], [ 73.6364, 21.13266 ], [ 73.68131, 21.15212 ], [ 73.7132, 21.15046 ], [ 73.73669, 21.13828 ], [ 73.74797, 21.15153 ], [ 73.74162, 21.16711 ], [ 73.77966, 21.16455 ], [ 73.79631, 21.18173 ], [ 73.82255, 21.17192 ], [ 73.82014, 21.22186 ], [ 73.83635, 21.24234 ], [ 73.83214, 21.26745 ], [ 73.85841, 21.26995 ], [ 73.89199, 21.26241 ], [ 73.93359, 21.28533 ], [ 73.94849, 21.29755 ], [ 73.95701, 21.34445 ], [ 73.95531, 21.37426 ], [ 73.96194, 21.39311 ], [ 73.98156, 21.39733 ], [ 74.00949, 21.41337 ], [ 74.05163, 21.42628 ], [ 74.05717, 21.45571 ], [ 74.06892, 21.48107 ], [ 74.08002, 21.4572 ], [ 74.12082, 21.4497 ], [ 74.14077, 21.46249 ], [ 74.16047, 21.45335 ], [ 74.18554, 21.46702 ], [ 74.22263, 21.45899 ], [ 74.26319, 21.4657 ], [ 74.27225, 21.47562 ], [ 74.30776, 21.48012 ], [ 74.32772, 21.49575 ], [ 74.33552, 21.54023 ], [ 74.31485, 21.54466 ], [ 74.31176, 21.56507 ], [ 74.29171, 21.55878 ], [ 74.27155, 21.53642 ], [ 74.25584, 21.53612 ], [ 74.23811, 21.55012 ], [ 74.20694, 21.52975 ], [ 74.18634, 21.5596 ], [ 74.13609, 21.5567 ], [ 74.06822, 21.55937 ], [ 74.04715, 21.54968 ], [ 74.02556, 21.55262 ], [ 74.00534, 21.54077 ], [ 73.98352, 21.54204 ], [ 73.97446, 21.52408 ], [ 73.93941, 21.51011 ], [ 73.93762, 21.52066 ], [ 73.86079, 21.49582 ], [ 73.84989, 21.51098 ], [ 73.83376, 21.55348 ], [ 73.8245, 21.59829 ], [ 73.80684, 21.60237 ], [ 73.78761, 21.62505 ], [ 73.80013, 21.63464 ], [ 73.82903, 21.63979 ], [ 73.84524, 21.63316 ], [ 73.86025, 21.64185 ], [ 73.88563, 21.64506 ], [ 73.8981, 21.66727 ], [ 73.89636, 21.70028 ], [ 73.89024, 21.71065 ], [ 73.84636, 21.742 ], [ 73.83121, 21.76289 ], [ 73.84295, 21.77213 ], [ 73.8276, 21.81194 ], [ 73.81052, 21.82334 ], [ 73.84152, 21.8385 ], [ 73.8796, 21.83864 ], [ 73.89951, 21.85449 ], [ 73.92193, 21.85658 ], [ 73.97974, 21.8875 ], [ 74.02304, 21.90597 ], [ 74.04667, 21.92281 ], [ 74.14602, 21.95406 ], [ 74.17179, 21.94509 ], [ 74.20064, 21.92565 ], [ 74.29226, 21.93725 ], [ 74.30136, 21.9668 ], [ 74.34556, 21.97522 ], [ 74.37818, 22.00217 ], [ 74.38831, 22.02018 ], [ 74.43555, 22.031 ], [ 74.44452, 22.01599 ], [ 74.44304, 21.98307 ], [ 74.45171, 21.9675 ], [ 74.47218, 21.96552 ], [ 74.4934, 21.95449 ], [ 74.51556, 21.93392 ], [ 74.5275, 21.90878 ], [ 74.51776, 21.88624 ], [ 74.51182, 21.82123 ], [ 74.50365, 21.80718 ], [ 74.50888, 21.77562 ], [ 74.51701, 21.76723 ], [ 74.51135, 21.72855 ], [ 74.52433, 21.71792 ], [ 74.55099, 21.71939 ], [ 74.56055, 21.68799 ], [ 74.5847, 21.68412 ], [ 74.589, 21.66527 ], [ 74.65643, 21.65427 ], [ 74.69478, 21.63338 ], [ 74.72398, 21.62399 ], [ 74.80103, 21.60983 ], [ 74.82524, 21.61021 ], [ 74.8663, 21.63112 ], [ 74.90276, 21.6298 ], [ 74.92596, 21.61065 ], [ 74.98068, 21.59602 ], [ 75.01341, 21.58119 ], [ 75.01784, 21.57261 ], [ 75.05775, 21.56494 ], [ 75.09, 21.51433 ], [ 75.10667, 21.46963 ], [ 75.12978, 21.44928 ], [ 75.18803, 21.42731 ], [ 75.21986, 21.41087 ], [ 75.23226, 21.41659 ], [ 75.254, 21.40614 ], [ 75.30185, 21.41483 ], [ 75.30316, 21.39519 ], [ 75.35378, 21.39349 ], [ 75.36138, 21.40323 ], [ 75.38448, 21.38559 ], [ 75.46841, 21.3942 ], [ 75.52458, 21.38716 ], [ 75.54815, 21.37249 ], [ 75.58125, 21.37986 ], [ 75.59126, 21.39174 ], [ 75.61945, 21.39346 ], [ 75.62946, 21.38123 ], [ 75.67342, 21.38035 ], [ 75.70676, 21.39132 ], [ 75.74409, 21.39319 ], [ 75.75894, 21.38549 ], [ 75.80141, 21.39015 ], [ 75.83263, 21.3833 ], [ 75.86278, 21.3873 ], [ 75.88811, 21.39963 ], [ 75.91654, 21.38983 ], [ 75.96874, 21.39397 ], [ 75.98488, 21.37718 ], [ 76.0346, 21.36527 ], [ 76.05238, 21.3527 ], [ 76.09867, 21.37393 ], [ 76.10695, 21.3602 ], [ 76.12926, 21.29751 ], [ 76.145, 21.28777 ], [ 76.15922, 21.25914 ], [ 76.14553, 21.23319 ], [ 76.16403, 21.22417 ], [ 76.16685, 21.17072 ], [ 76.12742, 21.17792 ], [ 76.11396, 21.16464 ], [ 76.13992, 21.14007 ], [ 76.13567, 21.12621 ], [ 76.16846, 21.10541 ], [ 76.18386, 21.08995 ], [ 76.26925, 21.09295 ], [ 76.28177, 21.07531 ], [ 76.36132, 21.08 ], [ 76.37637, 21.07731 ], [ 76.40944, 21.09409 ], [ 76.41183, 21.10727 ], [ 76.43374, 21.10669 ], [ 76.45269, 21.11487 ], [ 76.45751, 21.13834 ], [ 76.47489, 21.15207 ], [ 76.48245, 21.18823 ], [ 76.49117, 21.19782 ], [ 76.5292, 21.18929 ], [ 76.55939, 21.20581 ], [ 76.62337, 21.19266 ], [ 76.63158, 21.20537 ], [ 76.63169, 21.2289 ], [ 76.64258, 21.24772 ], [ 76.65849, 21.24781 ], [ 76.66107, 21.28242 ], [ 76.62584, 21.32974 ], [ 76.62865, 21.33977 ], [ 76.66841, 21.36947 ], [ 76.73209, 21.40881 ], [ 76.74339, 21.44314 ], [ 76.78419, 21.46649 ], [ 76.7918, 21.48989 ], [ 76.76293, 21.52265 ], [ 76.78554, 21.5353 ], [ 76.78024, 21.56247 ], [ 76.79535, 21.59754 ], [ 76.83355, 21.59307 ], [ 76.85215, 21.61503 ], [ 76.89175, 21.6007 ], [ 76.99728, 21.68161 ], [ 77.05949, 21.7094 ], [ 77.06904, 21.72181 ], [ 77.09393, 21.71963 ], [ 77.1211, 21.72535 ], [ 77.14751, 21.71465 ], [ 77.18803, 21.72257 ], [ 77.18433, 21.70446 ], [ 77.20742, 21.69401 ], [ 77.2216, 21.70011 ], [ 77.2246, 21.71789 ], [ 77.25803, 21.71583 ], [ 77.26738, 21.72907 ], [ 77.2869, 21.73644 ], [ 77.27708, 21.75981 ], [ 77.3213, 21.75703 ], [ 77.33739, 21.76156 ], [ 77.40113, 21.75618 ], [ 77.44988, 21.76341 ], [ 77.47138, 21.77125 ], [ 77.47587, 21.75788 ], [ 77.49687, 21.7492 ], [ 77.54218, 21.70103 ], [ 77.55856, 21.66867 ], [ 77.5722, 21.58767 ], [ 77.571, 21.56262 ], [ 77.59068, 21.56161 ], [ 77.60712, 21.54277 ], [ 77.58925, 21.53035 ], [ 77.56699, 21.52975 ], [ 77.52919, 21.54077 ], [ 77.50436, 21.55467 ], [ 77.45751, 21.55657 ], [ 77.44207, 21.54465 ], [ 77.42351, 21.54256 ], [ 77.4208, 21.51628 ], [ 77.43922, 21.48932 ], [ 77.43831, 21.47292 ], [ 77.46931, 21.4569 ], [ 77.46921, 21.43705 ], [ 77.48175, 21.41567 ], [ 77.48702, 21.37775 ], [ 77.54841, 21.38123 ], [ 77.5625, 21.37338 ], [ 77.60149, 21.36527 ], [ 77.60065, 21.38912 ], [ 77.6459, 21.39336 ], [ 77.66209, 21.38797 ], [ 77.67001, 21.37292 ], [ 77.70433, 21.3777 ], [ 77.70525, 21.35907 ], [ 77.73835, 21.36663 ], [ 77.74649, 21.38421 ], [ 77.79345, 21.39074 ], [ 77.79937, 21.4123 ], [ 77.81802, 21.40873 ], [ 77.86321, 21.38812 ], [ 77.89904, 21.37842 ], [ 77.93878, 21.38691 ], [ 77.94112, 21.39895 ], [ 77.98028, 21.4028 ], [ 77.99973, 21.41616 ], [ 78.01958, 21.42059 ], [ 78.04346, 21.43503 ], [ 78.06371, 21.43886 ], [ 78.16934, 21.4985 ], [ 78.17764, 21.51432 ], [ 78.17107, 21.52874 ], [ 78.17274, 21.5533 ], [ 78.18095, 21.55868 ], [ 78.21548, 21.55373 ], [ 78.23872, 21.56549 ], [ 78.26926, 21.57071 ], [ 78.27107, 21.59296 ], [ 78.31874, 21.57559 ], [ 78.33678, 21.59052 ], [ 78.36096, 21.5783 ], [ 78.37763, 21.5956 ], [ 78.37166, 21.61503 ], [ 78.40449, 21.6101 ], [ 78.42256, 21.60195 ], [ 78.4135, 21.57774 ], [ 78.42226, 21.56372 ], [ 78.43858, 21.50376 ], [ 78.4804, 21.50612 ], [ 78.50856, 21.52843 ], [ 78.53728, 21.52456 ], [ 78.56004, 21.51461 ], [ 78.58487, 21.48688 ], [ 78.60538, 21.48837 ], [ 78.62097, 21.47754 ], [ 78.63745, 21.4842 ], [ 78.65909, 21.47889 ], [ 78.68407, 21.48196 ], [ 78.72419, 21.46438 ], [ 78.73884, 21.4729 ], [ 78.74648, 21.49387 ], [ 78.76104, 21.48976 ], [ 78.77219, 21.46713 ], [ 78.78462, 21.48914 ], [ 78.84418, 21.48997 ], [ 78.85155, 21.4957 ], [ 78.88538, 21.48559 ], [ 78.89577, 21.50057 ], [ 78.93183, 21.4874 ], [ 78.93633, 21.51939 ], [ 78.92344, 21.52379 ], [ 78.91272, 21.56313 ], [ 78.91324, 21.59236 ], [ 78.94035, 21.59376 ], [ 78.97476, 21.61756 ], [ 78.99445, 21.61875 ], [ 79.00955, 21.6015 ], [ 79.03096, 21.60561 ], [ 79.10411, 21.60936 ], [ 79.09917, 21.6189 ], [ 79.12774, 21.62806 ], [ 79.14109, 21.63953 ], [ 79.14783, 21.66052 ], [ 79.21661, 21.65019 ], [ 79.2284, 21.67139 ], [ 79.21817, 21.68126 ], [ 79.22188, 21.7006 ], [ 79.23477, 21.71521 ], [ 79.25767, 21.71754 ], [ 79.28481, 21.69391 ], [ 79.39474, 21.67459 ], [ 79.4114, 21.69097 ], [ 79.44073, 21.68224 ], [ 79.45851, 21.68732 ], [ 79.48858, 21.67412 ], [ 79.51246, 21.62648 ], [ 79.49819, 21.61237 ], [ 79.50582, 21.59028 ], [ 79.53952, 21.5652 ], [ 79.53662, 21.54422 ], [ 79.56031, 21.54802 ], [ 79.57615, 21.54336 ], [ 79.60871, 21.55593 ], [ 79.65062, 21.55881 ], [ 79.65814, 21.57733 ], [ 79.68484, 21.58069 ], [ 79.69381, 21.59095 ], [ 79.71382, 21.59113 ], [ 79.73262, 21.60253 ], [ 79.79182, 21.58141 ], [ 79.81819, 21.55901 ], [ 79.82504, 21.54672 ], [ 79.85708, 21.53092 ], [ 79.88976, 21.52388 ], [ 79.91582, 21.52448 ], [ 79.92719, 21.55373 ], [ 79.97178, 21.55512 ], [ 79.99355, 21.53471 ], [ 80.02618, 21.55665 ], [ 80.06357, 21.55458 ], [ 80.09402, 21.5863 ], [ 80.1099, 21.59341 ], [ 80.11858, 21.6089 ], [ 80.14392, 21.60497 ], [ 80.18822, 21.6342 ], [ 80.2047, 21.63354 ], [ 80.22059, 21.61963 ], [ 80.26022, 21.62015 ], [ 80.29537, 21.57548 ], [ 80.32018, 21.57358 ], [ 80.33801, 21.53875 ], [ 80.37061, 21.52097 ], [ 80.37533, 21.49114 ], [ 80.40096, 21.46543 ], [ 80.41131, 21.4382 ], [ 80.38908, 21.40738 ], [ 80.39935, 21.38049 ], [ 80.43353, 21.37118 ], [ 80.44295, 21.3738 ], [ 80.44832, 21.40233 ], [ 80.47562, 21.39473 ], [ 80.51943, 21.38957 ], [ 80.53688, 21.36913 ], [ 80.56417, 21.35787 ], [ 80.56136, 21.34331 ], [ 80.58163, 21.34159 ], [ 80.59316, 21.32479 ], [ 80.61775, 21.31917 ], [ 80.65653, 21.33077 ], [ 80.67274, 21.31127 ], [ 80.67295, 21.29829 ], [ 80.65481, 21.28951 ], [ 80.63873, 21.25478 ], [ 80.60345, 21.22742 ], [ 80.57184, 21.21685 ], [ 80.56124, 21.20581 ], [ 80.53498, 21.19961 ], [ 80.52074, 21.20354 ], [ 80.50932, 21.18348 ], [ 80.47491, 21.17143 ], [ 80.4573, 21.17284 ], [ 80.43518, 21.09901 ], [ 80.4485, 21.04961 ], [ 80.44524, 21.03094 ], [ 80.42376, 21.00959 ], [ 80.43809, 20.9921 ], [ 80.43894, 20.97156 ], [ 80.45909, 20.92815 ], [ 80.53525, 20.93132 ], [ 80.54976, 20.88891 ], [ 80.55037, 20.84567 ], [ 80.55589, 20.81968 ], [ 80.54334, 20.7918 ], [ 80.54553, 20.76537 ], [ 80.55454, 20.74715 ], [ 80.56019, 20.71177 ], [ 80.57492, 20.69843 ], [ 80.57834, 20.67877 ], [ 80.51891, 20.66176 ], [ 80.48965, 20.6399 ], [ 80.4816, 20.6171 ], [ 80.5001, 20.58686 ], [ 80.51951, 20.58468 ], [ 80.55141, 20.59908 ], [ 80.55904, 20.60998 ], [ 80.57867, 20.61412 ], [ 80.62232, 20.60386 ], [ 80.61286, 20.59058 ], [ 80.61972, 20.56732 ], [ 80.60995, 20.55633 ], [ 80.61003, 20.53198 ], [ 80.60332, 20.46242 ], [ 80.59469, 20.44642 ], [ 80.60344, 20.43325 ], [ 80.58975, 20.41277 ], [ 80.58598, 20.39205 ], [ 80.60223, 20.37644 ], [ 80.61669, 20.32574 ], [ 80.54202, 20.30685 ], [ 80.51083, 20.26961 ], [ 80.49448, 20.2748 ], [ 80.45647, 20.26891 ], [ 80.41962, 20.25156 ], [ 80.38296, 20.24172 ], [ 80.398, 20.21278 ], [ 80.41202, 20.20221 ], [ 80.41341, 20.18753 ], [ 80.39459, 20.18159 ], [ 80.38457, 20.15851 ], [ 80.39384, 20.14402 ], [ 80.42696, 20.13024 ], [ 80.44414, 20.13034 ], [ 80.45134, 20.14487 ], [ 80.52359, 20.12447 ], [ 80.54037, 20.10983 ], [ 80.53496, 20.0854 ], [ 80.54616, 20.06571 ], [ 80.53254, 20.00393 ], [ 80.54415, 19.98151 ], [ 80.53237, 19.96706 ], [ 80.52038, 19.93088 ], [ 80.50174, 19.92475 ], [ 80.46984, 19.93366 ], [ 80.4645, 19.94625 ], [ 80.4437, 19.95267 ], [ 80.42511, 19.93731 ], [ 80.4063, 19.9325 ], [ 80.40266, 19.9096 ], [ 80.44444, 19.89355 ], [ 80.46122, 19.90343 ], [ 80.48984, 19.89367 ], [ 80.49752, 19.86875 ], [ 80.47502, 19.85706 ], [ 80.4603, 19.82803 ], [ 80.43166, 19.8103 ], [ 80.39753, 19.81623 ], [ 80.40015, 19.79363 ], [ 80.41769, 19.79714 ], [ 80.45244, 19.7929 ], [ 80.48256, 19.78071 ], [ 80.47481, 19.80339 ], [ 80.45955, 19.81133 ], [ 80.47603, 19.828 ], [ 80.51781, 19.82886 ], [ 80.54424, 19.8112 ], [ 80.53967, 19.7746 ], [ 80.57053, 19.75474 ], [ 80.58208, 19.73807 ], [ 80.63351, 19.71849 ], [ 80.66584, 19.69221 ], [ 80.65612, 19.62515 ], [ 80.66203, 19.60873 ], [ 80.72099, 19.60839 ], [ 80.76427, 19.58483 ], [ 80.76641, 19.56832 ], [ 80.78516, 19.56041 ], [ 80.81961, 19.5654 ], [ 80.83353, 19.55597 ], [ 80.84083, 19.53357 ], [ 80.85226, 19.52417 ], [ 80.87905, 19.51903 ], [ 80.8897, 19.49925 ], [ 80.89207, 19.46568 ], [ 80.86749, 19.44346 ], [ 80.83508, 19.44238 ], [ 80.78793, 19.4267 ], [ 80.80855, 19.39704 ], [ 80.81274, 19.38274 ], [ 80.84283, 19.36611 ], [ 80.83908, 19.35515 ], [ 80.7662, 19.30813 ], [ 80.74924, 19.28674 ], [ 80.70044, 19.28226 ], [ 80.68356, 19.28691 ], [ 80.68529, 19.3126 ], [ 80.66439, 19.32658 ], [ 80.61772, 19.30482 ], [ 80.60394, 19.31177 ], [ 80.58559, 19.35302 ], [ 80.58394, 19.37716 ], [ 80.57286, 19.39842 ], [ 80.55934, 19.39755 ], [ 80.53154, 19.3743 ], [ 80.51384, 19.3482 ], [ 80.4811, 19.33782 ], [ 80.4705, 19.32892 ], [ 80.44543, 19.26989 ], [ 80.41917, 19.25028 ], [ 80.38845, 19.24331 ], [ 80.37702, 19.21737 ], [ 80.38612, 19.19563 ], [ 80.38111, 19.18073 ], [ 80.34547, 19.16291 ], [ 80.32485, 19.14153 ], [ 80.32086, 19.12449 ], [ 80.33154, 19.10108 ], [ 80.31995, 19.08822 ], [ 80.31577, 19.06458 ], [ 80.28884, 19.04629 ], [ 80.29529, 19.02874 ], [ 80.26772, 18.98733 ], [ 80.26413, 18.94052 ], [ 80.27047, 18.92492 ], [ 80.29139, 18.90759 ], [ 80.33573, 18.85612 ], [ 80.3485, 18.82394 ], [ 80.34622, 18.81108 ], [ 80.31873, 18.79598 ], [ 80.29944, 18.79353 ], [ 80.27182, 18.76222 ], [ 80.25456, 18.76595 ], [ 80.2408, 18.74869 ], [ 80.26754, 18.71797 ] ] ] ] } },
{ "type": "Feature", "properties": { "source": "https://simplemaps.com", "id": "INMN", "name": "Manipur" }, "geometry": { "type": "MultiPolygon", "coordinates": [ [ [ [ 93.0005, 24.40327 ], [ 93.03917, 24.41113 ], [ 93.03215, 24.42886 ], [ 93.0379, 24.46115 ], [ 93.04852, 24.47548 ], [ 93.03577, 24.49695 ], [ 93.05283, 24.51965 ], [ 93.05268, 24.54472 ], [ 93.09727, 24.58254 ], [ 93.07542, 24.59623 ], [ 93.08676, 24.61133 ], [ 93.08485, 24.64767 ], [ 93.09904, 24.66653 ], [ 93.08878, 24.70919 ], [ 93.1127, 24.80221 ], [ 93.13134, 24.80604 ], [ 93.15724, 24.79231 ], [ 93.19308, 24.80623 ], [ 93.1958, 24.84644 ], [ 93.23339, 24.88485 ], [ 93.23338, 24.89869 ], [ 93.25326, 24.91883 ], [ 93.24408, 24.94384 ], [ 93.25951, 24.95136 ], [ 93.26324, 24.96638 ], [ 93.2467, 25.00417 ], [ 93.24884, 25.0188 ], [ 93.26818, 25.04968 ], [ 93.29698, 25.04767 ], [ 93.32363, 25.09167 ], [ 93.33578, 25.09584 ], [ 93.35101, 25.14454 ], [ 93.34736, 25.16389 ], [ 93.35307, 25.1818 ], [ 93.38763, 25.23204 ], [ 93.3871, 25.24239 ], [ 93.40357, 25.26307 ], [ 93.44482, 25.29231 ], [ 93.45997, 25.29473 ], [ 93.47402, 25.30928 ], [ 93.47675, 25.27904 ], [ 93.51079, 25.27561 ], [ 93.50417, 25.25338 ], [ 93.54121, 25.24538 ], [ 93.56313, 25.24659 ], [ 93.57485, 25.22755 ], [ 93.59029, 25.21995 ], [ 93.59303, 25.20391 ], [ 93.60802, 25.20205 ], [ 93.64991, 25.26912 ], [ 93.67294, 25.31151 ], [ 93.67207, 25.32871 ], [ 93.68713, 25.33121 ], [ 93.69278, 25.36159 ], [ 93.71159, 25.35809 ], [ 93.72311, 25.37558 ], [ 93.73979, 25.38442 ], [ 93.74667, 25.40571 ], [ 93.78107, 25.42471 ], [ 93.809, 25.46559 ], [ 93.81389, 25.48473 ], [ 93.78847, 25.50649 ], [ 93.76579, 25.4999 ], [ 93.76429, 25.51548 ], [ 93.77949, 25.53805 ], [ 93.81972, 25.54439 ], [ 93.83649, 25.56306 ], [ 93.86224, 25.55753 ], [ 93.89196, 25.56842 ], [ 93.94352, 25.56343 ], [ 93.96522, 25.55658 ], [ 93.98047, 25.57125 ], [ 94.01228, 25.5753 ], [ 94.0104, 25.5954 ], [ 94.06942, 25.55898 ], [ 94.08595, 25.55973 ], [ 94.09211, 25.53273 ], [ 94.13873, 25.5237 ], [ 94.15288, 25.54784 ], [ 94.19185, 25.55095 ], [ 94.19073, 25.53078 ], [ 94.22298, 25.49677 ], [ 94.27415, 25.50299 ], [ 94.28674, 25.5117 ], [ 94.30264, 25.49463 ], [ 94.36467, 25.52149 ], [ 94.38854, 25.53657 ], [ 94.42559, 25.55292 ], [ 94.42238, 25.57599 ], [ 94.43002, 25.59272 ], [ 94.44428, 25.59601 ], [ 94.47404, 25.62164 ], [ 94.49118, 25.6198 ], [ 94.51451, 25.63049 ], [ 94.53954, 25.65108 ], [ 94.56508, 25.68082 ], [ 94.57301, 25.69765 ], [ 94.59695, 25.68691 ], [ 94.57609, 25.6447 ], [ 94.58377, 25.63449 ], [ 94.55574, 25.58581 ], [ 94.56348, 25.53967 ], [ 94.55742, 25.51277 ], [ 94.62534, 25.46909 ], [ 94.65874, 25.45705 ], [ 94.68243, 25.45973 ], [ 94.67625, 25.42059 ], [ 94.64919, 25.40635 ], [ 94.63118, 25.38729 ], [ 94.62212, 25.33676 ], [ 94.59868, 25.28907 ], [ 94.59926, 25.26687 ], [ 94.58536, 25.21575 ], [ 94.60168, 25.19519 ], [ 94.63092, 25.19038 ], [ 94.64778, 25.17441 ], [ 94.74566, 25.13659 ], [ 94.74554, 25.10166 ], [ 94.75072, 25.06352 ], [ 94.74221, 25.02525 ], [ 94.7261, 25.00132 ], [ 94.71319, 24.99369 ], [ 94.7019, 24.96844 ], [ 94.71907, 24.94247 ], [ 94.70586, 24.93428 ], [ 94.69209, 24.89986 ], [ 94.65684, 24.8736 ], [ 94.64122, 24.84874 ], [ 94.62537, 24.7848 ], [ 94.63331, 24.76496 ], [ 94.61768, 24.74407 ], [ 94.61085, 24.72211 ], [ 94.59099, 24.71093 ], [ 94.55099, 24.71654 ], [ 94.55074, 24.67492 ], [ 94.5406, 24.64901 ], [ 94.5208, 24.61679 ], [ 94.48534, 24.58224 ], [ 94.46549, 24.57556 ], [ 94.4296, 24.49334 ], [ 94.40342, 24.48778 ], [ 94.4115, 24.46965 ], [ 94.40749, 24.43122 ], [ 94.39917, 24.41314 ], [ 94.36534, 24.39968 ], [ 94.38611, 24.38462 ], [ 94.35175, 24.34201 ], [ 94.32635, 24.33895 ], [ 94.32799, 24.29243 ], [ 94.31325, 24.25408 ], [ 94.29514, 24.23985 ], [ 94.28507, 24.20262 ], [ 94.28373, 24.17988 ], [ 94.26272, 24.16775 ], [ 94.25799, 24.14295 ], [ 94.2597, 24.08956 ], [ 94.24718, 24.06256 ], [ 94.24532, 24.04424 ], [ 94.1945, 23.96501 ], [ 94.19597, 23.93772 ], [ 94.16952, 23.92869 ], [ 94.16823, 23.88914 ], [ 94.16146, 23.85278 ], [ 94.1393, 23.8559 ], [ 94.12264, 23.84273 ], [ 94.11411, 23.86663 ], [ 94.09609, 23.89357 ], [ 94.05112, 23.90043 ], [ 94.04322, 23.918 ], [ 94.01769, 23.93395 ], [ 93.96938, 23.93394 ], [ 93.95378, 23.9502 ], [ 93.92097, 23.95678 ], [ 93.89608, 23.95483 ], [ 93.86623, 23.93792 ], [ 93.83755, 23.93208 ], [ 93.80806, 23.93312 ], [ 93.79355, 23.96751 ], [ 93.77349, 23.9824 ], [ 93.76222, 24.00414 ], [ 93.73995, 23.99917 ], [ 93.65244, 24.01351 ], [ 93.6163, 24.01074 ], [ 93.62091, 23.9912 ], [ 93.60929, 23.97345 ], [ 93.58006, 23.97029 ], [ 93.56884, 23.98867 ], [ 93.55493, 23.96522 ], [ 93.5305, 23.96078 ], [ 93.51508, 23.94717 ], [ 93.47221, 23.97068 ], [ 93.46698, 23.99931 ], [ 93.44403, 24.02776 ], [ 93.43287, 24.06166 ], [ 93.41543, 24.07922 ], [ 93.35384, 24.09768 ], [ 93.33401, 24.09013 ], [ 93.34201, 24.06744 ], [ 93.33737, 24.0534 ], [ 93.28819, 24.05155 ], [ 93.27395, 24.03392 ], [ 93.25238, 24.03383 ], [ 93.26372, 24.07282 ], [ 93.24802, 24.08534 ], [ 93.22668, 24.08653 ], [ 93.21674, 24.05006 ], [ 93.19401, 24.05627 ], [ 93.17552, 24.0537 ], [ 93.16988, 24.07506 ], [ 93.14791, 24.08809 ], [ 93.12937, 24.06408 ], [ 93.10093, 24.05639 ], [ 93.10235, 24.07401 ], [ 93.07949, 24.10297 ], [ 93.05369, 24.09069 ], [ 93.02149, 24.10145 ], [ 92.98607, 24.12888 ], [ 92.99308, 24.15318 ], [ 93.00545, 24.16061 ], [ 93.02368, 24.21757 ], [ 93.00671, 24.25396 ], [ 93.00822, 24.28048 ], [ 93.03523, 24.3184 ], [ 93.04337, 24.34339 ], [ 93.02157, 24.34682 ], [ 93.02435, 24.39047 ], [ 93.0005, 24.40327 ] ] ] ] } },
{ "type": "Feature", "properties": { "source": "https://simplemaps.com", "id": "INML", "name": "Meghalaya" }, "geometry": { "type": "MultiPolygon", "coordinates": [ [ [ [ 89.85511, 25.47605 ], [ 89.86871, 25.47636 ], [ 89.87996, 25.48864 ], [ 89.87385, 25.51356 ], [ 89.87566, 25.52853 ], [ 89.87145, 25.5373 ], [ 89.87456, 25.54156 ], [ 89.8701, 25.54422 ], [ 89.87759, 25.54893 ], [ 89.88636, 25.55787 ], [ 89.9181, 25.56263 ], [ 89.97281, 25.57461 ], [ 89.97916, 25.59073 ], [ 89.99536, 25.58635 ], [ 90.00582, 25.58837 ], [ 90.01844, 25.60839 ], [ 90.00454, 25.62382 ], [ 89.99934, 25.62185 ], [ 89.98044, 25.63757 ], [ 89.94695, 25.65883 ], [ 89.94173, 25.67812 ], [ 89.93235, 25.68996 ], [ 89.9185, 25.70269 ], [ 89.91264, 25.70706 ], [ 89.89424, 25.72724 ], [ 89.89909, 25.74405 ], [ 89.91614, 25.73919 ], [ 89.95525, 25.77446 ], [ 89.95261, 25.78342 ], [ 89.952, 25.81091 ], [ 89.94562, 25.8161 ], [ 89.94582, 25.82023 ], [ 89.95057, 25.82487 ], [ 89.96796, 25.82615 ], [ 90.0016, 25.84224 ], [ 89.99744, 25.84421 ], [ 90.01152, 25.84967 ], [ 90.02192, 25.86553 ], [ 90.01872, 25.87137 ], [ 90.01437, 25.87179 ], [ 90.01525, 25.88862 ], [ 90.02792, 25.89431 ], [ 90.05219, 25.89869 ], [ 90.05892, 25.91027 ], [ 90.06331, 25.91555 ], [ 90.07243, 25.91934 ], [ 90.07797, 25.91768 ], [ 90.08073, 25.92453 ], [ 90.09193, 25.92876 ], [ 90.09612, 25.93952 ], [ 90.10052, 25.94207 ], [ 90.11378, 25.95744 ], [ 90.19396, 25.957 ], [ 90.21276, 25.95389 ], [ 90.28658, 25.9639 ], [ 90.32434, 25.97438 ], [ 90.32995, 25.9885 ], [ 90.36499, 26.01032 ], [ 90.3965, 26.01415 ], [ 90.42863, 25.98904 ], [ 90.45752, 25.99957 ], [ 90.47729, 26.01526 ], [ 90.50574, 25.99602 ], [ 90.53446, 25.95802 ], [ 90.53221, 25.93255 ], [ 90.51852, 25.9094 ], [ 90.52548, 25.90101 ], [ 90.55336, 25.92912 ], [ 90.57137, 25.93903 ], [ 90.5788, 25.95803 ], [ 90.62901, 25.93743 ], [ 90.62733, 25.91699 ], [ 90.67565, 25.93648 ], [ 90.68604, 25.95081 ], [ 90.7131, 25.95218 ], [ 90.7403, 25.94089 ], [ 90.74054, 25.91521 ], [ 90.77806, 25.90829 ], [ 90.7971, 25.94147 ], [ 90.82045, 25.94843 ], [ 90.86961, 25.9424 ], [ 90.88298, 25.95175 ], [ 90.91911, 25.91331 ], [ 90.91588, 25.94316 ], [ 90.95792, 25.93394 ], [ 90.96745, 25.88718 ], [ 90.9848, 25.88993 ], [ 91.01373, 25.88432 ], [ 91.02652, 25.86662 ], [ 91.01311, 25.85719 ], [ 91.00159, 25.8258 ], [ 91.02081, 25.82262 ], [ 91.0491, 25.84881 ], [ 91.0659, 25.84642 ], [ 91.06654, 25.82576 ], [ 91.12078, 25.83134 ], [ 91.15286, 25.85007 ], [ 91.20263, 25.84054 ], [ 91.17993, 25.77632 ], [ 91.18918, 25.76347 ], [ 91.18871, 25.73893 ], [ 91.22388, 25.72342 ], [ 91.25537, 25.74783 ], [ 91.27563, 25.74694 ], [ 91.30633, 25.79637 ], [ 91.33243, 25.83209 ], [ 91.34856, 25.84035 ], [ 91.41273, 25.85392 ], [ 91.44122, 25.84163 ], [ 91.46873, 25.85903 ], [ 91.48338, 25.89106 ], [ 91.50115, 25.89847 ], [ 91.50163, 25.92076 ], [ 91.51978, 25.94089 ], [ 91.5185, 25.95815 ], [ 91.53717, 25.9621 ], [ 91.55126, 25.9749 ], [ 91.56537, 26.00184 ], [ 91.57003, 26.02748 ], [ 91.59681, 26.0208 ], [ 91.62029, 26.02703 ], [ 91.63216, 26.02241 ], [ 91.62472, 25.9859 ], [ 91.63795, 25.96485 ], [ 91.63012, 25.94464 ], [ 91.61115, 25.93992 ], [ 91.64792, 25.91374 ], [ 91.66931, 25.90539 ], [ 91.72018, 25.95407 ], [ 91.72318, 26.03032 ], [ 91.73126, 26.05921 ], [ 91.75948, 26.07129 ], [ 91.77852, 26.09125 ], [ 91.79037, 26.08702 ], [ 91.81931, 26.11874 ], [ 91.87579, 26.09773 ], [ 91.86935, 26.05686 ], [ 91.88323, 26.03 ], [ 91.90746, 26.02711 ], [ 91.92583, 25.99974 ], [ 91.93397, 26.01467 ], [ 91.97817, 26.02585 ], [ 91.99107, 26.04103 ], [ 92.0361, 26.0394 ], [ 92.05286, 26.03283 ], [ 92.09336, 26.04852 ], [ 92.13312, 26.04589 ], [ 92.15052, 26.0649 ], [ 92.17831, 26.07951 ], [ 92.18937, 26.06688 ], [ 92.21201, 26.07097 ], [ 92.24117, 26.06254 ], [ 92.27373, 26.06589 ], [ 92.30158, 26.07649 ], [ 92.25572, 26.02893 ], [ 92.2009, 25.98561 ], [ 92.19162, 25.9852 ], [ 92.16555, 25.96444 ], [ 92.15632, 25.9448 ], [ 92.15993, 25.91519 ], [ 92.18089, 25.90859 ], [ 92.2226, 25.91132 ], [ 92.22504, 25.90162 ], [ 92.18104, 25.87162 ], [ 92.18096, 25.85136 ], [ 92.15311, 25.81275 ], [ 92.15099, 25.78365 ], [ 92.16484, 25.74475 ], [ 92.15585, 25.70914 ], [ 92.16976, 25.6664 ], [ 92.21064, 25.69592 ], [ 92.22491, 25.71397 ], [ 92.23685, 25.70839 ], [ 92.27052, 25.71093 ], [ 92.30611, 25.72313 ], [ 92.33901, 25.72685 ], [ 92.37147, 25.74647 ], [ 92.4164, 25.7405 ], [ 92.44202, 25.72086 ], [ 92.42722, 25.71041 ], [ 92.43434, 25.68753 ], [ 92.46545, 25.68246 ], [ 92.48135, 25.66389 ], [ 92.4979, 25.62696 ], [ 92.55762, 25.61199 ], [ 92.56096, 25.57425 ], [ 92.58748, 25.55299 ], [ 92.60871, 25.56573 ], [ 92.63057, 25.57067 ], [ 92.64063, 25.58737 ], [ 92.66048, 25.58506 ], [ 92.6447, 25.53744 ], [ 92.62163, 25.51575 ], [ 92.58105, 25.49516 ], [ 92.56783, 25.48077 ], [ 92.57148, 25.46407 ], [ 92.59816, 25.47165 ], [ 92.60555, 25.44836 ], [ 92.60701, 25.41854 ], [ 92.65054, 25.43167 ], [ 92.6601, 25.41036 ], [ 92.67377, 25.41714 ], [ 92.70038, 25.38779 ], [ 92.7181, 25.37498 ], [ 92.73611, 25.37381 ], [ 92.76057, 25.33528 ], [ 92.78437, 25.33254 ], [ 92.78384, 25.308 ], [ 92.79222, 25.2868 ], [ 92.76976, 25.26893 ], [ 92.76465, 25.24935 ], [ 92.77224, 25.23326 ], [ 92.80309, 25.22151 ], [ 92.77957, 25.20311 ], [ 92.74714, 25.20777 ], [ 92.67704, 25.18219 ], [ 92.66298, 25.17299 ], [ 92.65572, 25.15413 ], [ 92.64405, 25.15117 ], [ 92.62164, 25.1177 ], [ 92.58169, 25.13187 ], [ 92.55317, 25.13071 ], [ 92.52467, 25.14003 ], [ 92.52651, 25.10585 ], [ 92.4843, 25.10806 ], [ 92.48018, 25.08584 ], [ 92.46599, 25.05716 ], [ 92.45102, 25.04095 ], [ 92.4259, 25.03182 ], [ 92.40113, 25.04149 ], [ 92.34717, 25.05219 ], [ 92.35596, 25.07336 ], [ 92.33853, 25.08128 ], [ 92.31007, 25.07316 ], [ 92.26145, 25.08767 ], [ 92.2294, 25.10073 ], [ 92.20331, 25.12832 ], [ 92.19199, 25.12092 ], [ 92.1395, 25.1455 ], [ 92.13201, 25.16687 ], [ 92.10191, 25.18054 ], [ 92.06555, 25.19003 ], [ 92.03056, 25.18207 ], [ 92.01788, 25.18951 ], [ 91.98886, 25.17562 ], [ 91.97323, 25.1822 ], [ 91.92225, 25.18706 ], [ 91.85779, 25.17761 ], [ 91.83745, 25.18241 ], [ 91.80917, 25.17281 ], [ 91.77878, 25.16863 ], [ 91.75742, 25.17971 ], [ 91.7381, 25.1507 ], [ 91.70731, 25.1588 ], [ 91.69585, 25.13908 ], [ 91.67901, 25.13822 ], [ 91.64453, 25.12272 ], [ 91.62827, 25.12832 ], [ 91.62587, 25.14501 ], [ 91.60715, 25.14305 ], [ 91.60331, 25.15995 ], [ 91.61742, 25.17591 ], [ 91.58033, 25.17285 ], [ 91.55885, 25.14929 ], [ 91.51365, 25.14535 ], [ 91.50426, 25.13668 ], [ 91.47407, 25.13386 ], [ 91.4712, 25.15015 ], [ 91.45065, 25.14818 ], [ 91.42523, 25.16579 ], [ 91.3776, 25.16649 ], [ 91.36805, 25.17561 ], [ 91.34064, 25.17278 ], [ 91.30772, 25.18299 ], [ 91.27379, 25.20431 ], [ 91.25574, 25.19511 ], [ 91.19904, 25.19957 ], [ 91.13828, 25.19357 ], [ 91.0825, 25.19749 ], [ 91.07093, 25.19139 ], [ 91.00524, 25.17953 ], [ 90.92986, 25.16056 ], [ 90.88569, 25.16426 ], [ 90.85354, 25.15577 ], [ 90.81441, 25.1625 ], [ 90.78542, 25.18397 ], [ 90.76394, 25.16999 ], [ 90.7398, 25.16231 ], [ 90.71991, 25.16652 ], [ 90.7044, 25.15527 ], [ 90.67931, 25.17045 ], [ 90.66699, 25.18749 ], [ 90.63688, 25.17218 ], [ 90.59644, 25.17567 ], [ 90.50812, 25.17138 ], [ 90.49403, 25.16144 ], [ 90.45964, 25.15225 ], [ 90.45498, 25.14443 ], [ 90.41639, 25.15933 ], [ 90.38274, 25.16307 ], [ 90.33737, 25.19419 ], [ 90.31808, 25.18966 ], [ 90.27872, 25.20021 ], [ 90.19828, 25.21313 ], [ 90.1749, 25.22402 ], [ 90.11958, 25.22555 ], [ 90.08071, 25.24486 ], [ 90.05691, 25.26406 ], [ 90.03435, 25.26699 ], [ 90.00552, 25.28314 ], [ 89.98595, 25.28236 ], [ 89.97549, 25.30135 ], [ 89.94859, 25.29817 ], [ 89.90638, 25.30742 ], [ 89.88969, 25.28988 ], [ 89.86056, 25.2878 ], [ 89.83427, 25.29567 ], [ 89.8474, 25.31025 ], [ 89.83473, 25.323 ], [ 89.82551, 25.34921 ], [ 89.82166, 25.38536 ], [ 89.83984, 25.43856 ], [ 89.85531, 25.45967 ], [ 89.85511, 25.47605 ] ] ] ] } },
{ "type": "Feature", "properties": { "source": "https://simplemaps.com", "id": "INMZ", "name": "Mizoram" }, "geometry": { "type": "MultiPolygon", "coordinates": [ [ [ [ 92.29661, 24.25173 ], [ 92.31407, 24.2526 ], [ 92.37653, 24.25131 ], [ 92.42238, 24.25311 ], [ 92.41898, 24.19436 ], [ 92.43446, 24.17414 ], [ 92.43523, 24.16258 ], [ 92.43743, 24.15135 ], [ 92.44183, 24.15285 ], [ 92.46307, 24.13637 ], [ 92.46683, 24.13504 ], [ 92.47332, 24.14203 ], [ 92.48356, 24.15393 ], [ 92.48264, 24.15709 ], [ 92.4849, 24.15931 ], [ 92.48808, 24.16222 ], [ 92.50246, 24.16211 ], [ 92.50488, 24.16731 ], [ 92.50954, 24.16289 ], [ 92.51283, 24.16258 ], [ 92.50864, 24.1692 ], [ 92.51357, 24.17358 ], [ 92.52966, 24.1748 ], [ 92.54739, 24.22441 ], [ 92.55064, 24.2459 ], [ 92.58801, 24.24486 ], [ 92.61159, 24.25335 ], [ 92.6194, 24.28678 ], [ 92.61944, 24.31151 ], [ 92.62617, 24.33447 ], [ 92.64501, 24.32767 ], [ 92.65847, 24.34346 ], [ 92.69167, 24.35642 ], [ 92.71422, 24.40532 ], [ 92.73054, 24.45275 ], [ 92.7652, 24.52085 ], [ 92.80382, 24.42172 ], [ 92.84691, 24.3823 ], [ 92.8629, 24.3995 ], [ 92.88425, 24.40304 ], [ 92.90517, 24.39445 ], [ 92.91154, 24.4129 ], [ 92.93571, 24.39554 ], [ 92.96033, 24.39588 ], [ 92.98026, 24.40969 ], [ 93.0005, 24.40327 ], [ 93.02435, 24.39047 ], [ 93.02157, 24.34682 ], [ 93.04337, 24.34339 ], [ 93.03523, 24.3184 ], [ 93.00822, 24.28048 ], [ 93.00671, 24.25396 ], [ 93.02368, 24.21757 ], [ 93.00545, 24.16061 ], [ 92.99308, 24.15318 ], [ 92.98607, 24.12888 ], [ 93.02149, 24.10145 ], [ 93.05369, 24.09069 ], [ 93.07949, 24.10297 ], [ 93.10235, 24.07401 ], [ 93.10093, 24.05639 ], [ 93.12937, 24.06408 ], [ 93.14791, 24.08809 ], [ 93.16988, 24.07506 ], [ 93.17552, 24.0537 ], [ 93.19401, 24.05627 ], [ 93.21674, 24.05006 ], [ 93.22668, 24.08653 ], [ 93.24802, 24.08534 ], [ 93.26372, 24.07282 ], [ 93.25238, 24.03383 ], [ 93.27395, 24.03392 ], [ 93.28819, 24.05155 ], [ 93.33737, 24.0534 ], [ 93.34216, 24.03067 ], [ 93.33745, 23.98279 ], [ 93.35161, 23.97798 ], [ 93.36494, 23.94597 ], [ 93.39872, 23.93028 ], [ 93.39559, 23.88728 ], [ 93.39916, 23.82421 ], [ 93.40983, 23.81361 ], [ 93.40445, 23.77505 ], [ 93.41773, 23.73255 ], [ 93.41695, 23.71213 ], [ 93.4447, 23.68243 ], [ 93.42828, 23.65355 ], [ 93.43305, 23.58244 ], [ 93.42397, 23.56935 ], [ 93.42764, 23.53437 ], [ 93.40762, 23.50848 ], [ 93.40707, 23.47531 ], [ 93.39719, 23.43331 ], [ 93.39826, 23.41126 ], [ 93.41424, 23.38801 ], [ 93.36581, 23.35448 ], [ 93.37933, 23.33268 ], [ 93.3812, 23.28992 ], [ 93.37842, 23.25613 ], [ 93.39471, 23.22428 ], [ 93.37395, 23.1503 ], [ 93.39365, 23.13861 ], [ 93.36502, 23.11669 ], [ 93.3582, 23.07794 ], [ 93.34517, 23.06476 ], [ 93.33264, 23.03567 ], [ 93.30196, 23.00832 ], [ 93.2532, 23.00648 ], [ 93.23409, 23.02186 ], [ 93.22018, 23.0452 ], [ 93.20617, 23.05687 ], [ 93.18302, 23.05797 ], [ 93.16783, 23.04902 ], [ 93.14185, 23.06061 ], [ 93.13294, 23.0475 ], [ 93.13579, 23.01288 ], [ 93.1292, 23.00077 ], [ 93.14762, 22.9806 ], [ 93.1425, 22.96442 ], [ 93.16277, 22.91353 ], [ 93.13876, 22.91318 ], [ 93.13833, 22.89339 ], [ 93.12167, 22.86275 ], [ 93.11619, 22.81628 ], [ 93.09927, 22.81041 ], [ 93.11269, 22.74424 ], [ 93.09175, 22.70934 ], [ 93.10417, 22.69615 ], [ 93.10355, 22.67409 ], [ 93.1185, 22.65148 ], [ 93.11478, 22.63919 ], [ 93.13635, 22.62291 ], [ 93.14561, 22.58612 ], [ 93.12922, 22.57446 ], [ 93.11553, 22.55475 ], [ 93.11169, 22.53179 ], [ 93.13085, 22.5261 ], [ 93.12886, 22.50982 ], [ 93.13778, 22.49509 ], [ 93.13452, 22.47485 ], [ 93.14575, 22.45847 ], [ 93.17542, 22.45132 ], [ 93.19081, 22.42726 ], [ 93.18893, 22.41351 ], [ 93.19738, 22.37997 ], [ 93.19259, 22.37084 ], [ 93.19949, 22.3372 ], [ 93.20193, 22.28087 ], [ 93.20858, 22.26107 ], [ 93.19037, 22.24969 ], [ 93.14711, 22.24654 ], [ 93.15907, 22.20984 ], [ 93.16982, 22.20006 ], [ 93.16296, 22.18234 ], [ 93.13071, 22.17909 ], [ 93.11718, 22.20133 ], [ 93.10222, 22.1988 ], [ 93.07699, 22.21011 ], [ 93.04451, 22.19373 ], [ 93.05494, 22.16543 ], [ 93.04693, 22.13867 ], [ 93.05922, 22.12754 ], [ 93.06557, 22.10205 ], [ 93.01598, 22.10547 ], [ 93.0145, 22.08521 ], [ 93.00076, 22.05564 ], [ 92.99995, 22.03954 ], [ 93.01038, 22.01115 ], [ 93.00925, 21.98393 ], [ 92.98803, 21.98292 ], [ 92.96657, 22.02712 ], [ 92.94211, 22.01834 ], [ 92.92771, 21.99589 ], [ 92.91576, 21.96505 ], [ 92.90472, 21.98076 ], [ 92.89426, 22.01196 ], [ 92.87468, 22.0301 ], [ 92.87016, 22.06075 ], [ 92.84902, 22.06235 ], [ 92.82564, 22.07967 ], [ 92.81709, 22.09557 ], [ 92.77374, 22.11105 ], [ 92.76567, 22.12632 ], [ 92.73782, 22.13901 ], [ 92.73276, 22.14959 ], [ 92.70344, 22.15378 ], [ 92.69714, 22.09931 ], [ 92.68384, 22.10535 ], [ 92.68998, 22.04098 ], [ 92.68078, 22.01419 ], [ 92.65924, 22.01472 ], [ 92.63792, 21.98867 ], [ 92.61232, 21.98029 ], [ 92.60486, 22.03089 ], [ 92.60498, 22.05763 ], [ 92.57118, 22.13233 ], [ 92.59648, 22.13656 ], [ 92.61479, 22.14686 ], [ 92.61389, 22.17294 ], [ 92.60475, 22.18251 ], [ 92.5977, 22.23208 ], [ 92.59768, 22.25715 ], [ 92.58617, 22.28938 ], [ 92.58753, 22.32098 ], [ 92.56562, 22.39187 ], [ 92.55761, 22.46269 ], [ 92.54162, 22.5541 ], [ 92.53175, 22.65614 ], [ 92.51762, 22.70772 ], [ 92.50308, 22.74114 ], [ 92.48465, 22.76445 ], [ 92.47779, 22.79833 ], [ 92.45843, 22.82637 ], [ 92.46437, 22.85603 ], [ 92.45827, 22.87196 ], [ 92.43072, 22.88972 ], [ 92.41876, 22.91296 ], [ 92.40441, 22.91653 ], [ 92.39513, 22.93192 ], [ 92.37578, 22.93989 ], [ 92.38032, 22.9555 ], [ 92.38179, 23.00997 ], [ 92.39367, 23.05817 ], [ 92.38587, 23.08368 ], [ 92.36536, 23.11035 ], [ 92.37344, 23.12787 ], [ 92.36474, 23.13742 ], [ 92.37163, 23.15975 ], [ 92.36157, 23.19709 ], [ 92.3611, 23.23754 ], [ 92.40863, 23.24224 ], [ 92.39086, 23.28523 ], [ 92.38771, 23.30856 ], [ 92.37351, 23.32133 ], [ 92.38372, 23.35362 ], [ 92.35982, 23.38129 ], [ 92.36114, 23.40995 ], [ 92.35291, 23.42938 ], [ 92.34077, 23.43118 ], [ 92.32635, 23.50834 ], [ 92.31282, 23.53378 ], [ 92.31799, 23.55461 ], [ 92.30586, 23.59126 ], [ 92.29361, 23.59596 ], [ 92.30018, 23.62526 ], [ 92.28004, 23.64384 ], [ 92.29533, 23.67551 ], [ 92.2949, 23.69423 ], [ 92.2685, 23.72861 ], [ 92.26635, 23.73873 ], [ 92.26711, 23.7619 ], [ 92.26234, 23.80488 ], [ 92.26948, 23.81778 ], [ 92.28077, 23.81513 ], [ 92.28679, 23.81678 ], [ 92.28345, 23.82344 ], [ 92.2836, 23.8242 ], [ 92.28207, 23.8309 ], [ 92.27709, 23.83658 ], [ 92.27414, 23.84361 ], [ 92.2878, 23.86696 ], [ 92.29391, 23.87132 ], [ 92.29514, 23.87011 ], [ 92.30064, 23.86644 ], [ 92.3073, 23.86387 ], [ 92.31957, 23.8652 ], [ 92.31822, 23.86705 ], [ 92.32198, 23.86981 ], [ 92.32041, 23.87801 ], [ 92.31711, 23.87918 ], [ 92.31656, 23.88167 ], [ 92.31933, 23.88368 ], [ 92.31828, 23.88796 ], [ 92.32157, 23.8914 ], [ 92.3236, 23.90468 ], [ 92.32986, 23.90552 ], [ 92.33066, 23.92145 ], [ 92.32117, 23.92611 ], [ 92.3134, 23.93453 ], [ 92.31262, 23.95745 ], [ 92.31334, 23.96097 ], [ 92.31263, 23.97021 ], [ 92.31964, 23.97532 ], [ 92.32906, 23.98965 ], [ 92.31716, 24.01763 ], [ 92.31886, 24.0192 ], [ 92.32172, 24.01878 ], [ 92.3167, 24.02797 ], [ 92.31932, 24.03128 ], [ 92.3172, 24.0375 ], [ 92.31527, 24.04869 ], [ 92.32032, 24.05117 ], [ 92.32175, 24.05872 ], [ 92.3168, 24.06676 ], [ 92.32702, 24.07644 ], [ 92.32971, 24.10115 ], [ 92.33231, 24.10527 ], [ 92.32932, 24.11034 ], [ 92.3317, 24.11314 ], [ 92.32825, 24.12459 ], [ 92.32816, 24.13517 ], [ 92.32925, 24.13985 ], [ 92.33228, 24.14403 ], [ 92.3353, 24.14355 ], [ 92.33631, 24.14436 ], [ 92.33435, 24.15083 ], [ 92.33185, 24.16357 ], [ 92.32993, 24.17465 ], [ 92.32704, 24.18611 ], [ 92.32945, 24.19115 ], [ 92.31609, 24.21322 ], [ 92.30975, 24.2148 ], [ 92.30116, 24.22451 ], [ 92.29763, 24.22723 ], [ 92.29947, 24.23162 ], [ 92.29631, 24.23383 ], [ 92.29682, 24.23808 ], [ 92.29485, 24.24071 ], [ 92.2953, 24.24801 ], [ 92.29661, 24.25173 ] ] ] ] } },
{ "type": "Feature", "properties": { "source": "https://simplemaps.com", "id": "INNL", "name": "Nagaland" }, "geometry": { "type": "MultiPolygon", "coordinates": [ [ [ [ 95.19552, 27.04295 ], [ 95.20008, 27.00623 ], [ 95.1952, 26.98999 ], [ 95.21504, 26.97037 ], [ 95.20676, 26.96259 ], [ 95.21706, 26.9342 ], [ 95.23396, 26.9206 ], [ 95.22993, 26.88567 ], [ 95.21285, 26.8856 ], [ 95.1845, 26.86483 ], [ 95.19904, 26.83993 ], [ 95.21512, 26.79838 ], [ 95.24254, 26.78451 ], [ 95.21926, 26.75555 ], [ 95.21614, 26.73532 ], [ 95.23611, 26.71221 ], [ 95.23763, 26.68629 ], [ 95.20617, 26.64913 ], [ 95.18202, 26.64326 ], [ 95.15471, 26.61949 ], [ 95.15449, 26.5808 ], [ 95.13855, 26.56047 ], [ 95.11479, 26.548 ], [ 95.12078, 26.52979 ], [ 95.10349, 26.51289 ], [ 95.06879, 26.46667 ], [ 95.06641, 26.45037 ], [ 95.08702, 26.45199 ], [ 95.10867, 26.42373 ], [ 95.10477, 26.40125 ], [ 95.13574, 26.38783 ], [ 95.1283, 26.35466 ], [ 95.13115, 26.2925 ], [ 95.1207, 26.27487 ], [ 95.12967, 26.25617 ], [ 95.12123, 26.2387 ], [ 95.14254, 26.21424 ], [ 95.1283, 26.20315 ], [ 95.11684, 26.16301 ], [ 95.12788, 26.13697 ], [ 95.12089, 26.122 ], [ 95.12672, 26.101 ], [ 95.15163, 26.09489 ], [ 95.16592, 26.09901 ], [ 95.18536, 26.08468 ], [ 95.16557, 26.05338 ], [ 95.16472, 26.035 ], [ 95.14066, 26.00647 ], [ 95.11754, 25.98775 ], [ 95.10647, 25.96815 ], [ 95.07895, 25.95084 ], [ 95.05741, 25.94698 ], [ 95.02803, 25.91985 ], [ 95.01933, 25.90102 ], [ 95.01541, 25.87202 ], [ 95.03323, 25.84653 ], [ 95.03748, 25.82022 ], [ 95.04938, 25.81007 ], [ 95.0455, 25.78279 ], [ 95.05253, 25.76266 ], [ 95.03369, 25.74144 ], [ 95.0094, 25.73851 ], [ 94.98367, 25.70428 ], [ 94.94287, 25.67528 ], [ 94.9351, 25.66455 ], [ 94.92091, 25.61483 ], [ 94.8877, 25.58762 ], [ 94.90499, 25.56711 ], [ 94.85301, 25.5633 ], [ 94.83686, 25.55049 ], [ 94.81249, 25.49537 ], [ 94.78452, 25.49018 ], [ 94.77274, 25.48129 ], [ 94.75668, 25.49202 ], [ 94.74651, 25.47913 ], [ 94.68864, 25.4655 ], [ 94.68243, 25.45973 ], [ 94.65874, 25.45705 ], [ 94.62534, 25.46909 ], [ 94.55742, 25.51277 ], [ 94.56348, 25.53967 ], [ 94.55574, 25.58581 ], [ 94.58377, 25.63449 ], [ 94.57609, 25.6447 ], [ 94.59695, 25.68691 ], [ 94.57301, 25.69765 ], [ 94.56508, 25.68082 ], [ 94.53954, 25.65108 ], [ 94.51451, 25.63049 ], [ 94.49118, 25.6198 ], [ 94.47404, 25.62164 ], [ 94.44428, 25.59601 ], [ 94.43002, 25.59272 ], [ 94.42238, 25.57599 ], [ 94.42559, 25.55292 ], [ 94.38854, 25.53657 ], [ 94.36467, 25.52149 ], [ 94.30264, 25.49463 ], [ 94.28674, 25.5117 ], [ 94.27415, 25.50299 ], [ 94.22298, 25.49677 ], [ 94.19073, 25.53078 ], [ 94.19185, 25.55095 ], [ 94.15288, 25.54784 ], [ 94.13873, 25.5237 ], [ 94.09211, 25.53273 ], [ 94.08595, 25.55973 ], [ 94.06942, 25.55898 ], [ 94.0104, 25.5954 ], [ 94.01228, 25.5753 ], [ 93.98047, 25.57125 ], [ 93.96522, 25.55658 ], [ 93.94352, 25.56343 ], [ 93.89196, 25.56842 ], [ 93.86224, 25.55753 ], [ 93.83649, 25.56306 ], [ 93.81972, 25.54439 ], [ 93.77949, 25.53805 ], [ 93.76429, 25.51548 ], [ 93.76579, 25.4999 ], [ 93.78847, 25.50649 ], [ 93.81389, 25.48473 ], [ 93.809, 25.46559 ], [ 93.78107, 25.42471 ], [ 93.74667, 25.40571 ], [ 93.73979, 25.38442 ], [ 93.72311, 25.37558 ], [ 93.71159, 25.35809 ], [ 93.69278, 25.36159 ], [ 93.68713, 25.33121 ], [ 93.67207, 25.32871 ], [ 93.67294, 25.31151 ], [ 93.64991, 25.26912 ], [ 93.60802, 25.20205 ], [ 93.59303, 25.20391 ], [ 93.59029, 25.21995 ], [ 93.57485, 25.22755 ], [ 93.56313, 25.24659 ], [ 93.54121, 25.24538 ], [ 93.50417, 25.25338 ], [ 93.51079, 25.27561 ], [ 93.47675, 25.27904 ], [ 93.47402, 25.30928 ], [ 93.4567, 25.32526 ], [ 93.45189, 25.34419 ], [ 93.47822, 25.37988 ], [ 93.46326, 25.41096 ], [ 93.45687, 25.44195 ], [ 93.43496, 25.45477 ], [ 93.41711, 25.45279 ], [ 93.39042, 25.46917 ], [ 93.3905, 25.48563 ], [ 93.37182, 25.50113 ], [ 93.35757, 25.52767 ], [ 93.33338, 25.54902 ], [ 93.34547, 25.56112 ], [ 93.37342, 25.56917 ], [ 93.39005, 25.59472 ], [ 93.40684, 25.59648 ], [ 93.4183, 25.62106 ], [ 93.46557, 25.64419 ], [ 93.48335, 25.64577 ], [ 93.52029, 25.68367 ], [ 93.54356, 25.7017 ], [ 93.54484, 25.72697 ], [ 93.58377, 25.75775 ], [ 93.62233, 25.77983 ], [ 93.629, 25.8044 ], [ 93.64849, 25.82397 ], [ 93.67806, 25.82887 ], [ 93.6825, 25.8407 ], [ 93.70644, 25.85329 ], [ 93.6909, 25.88927 ], [ 93.68768, 25.90944 ], [ 93.75009, 25.93728 ], [ 93.76842, 25.95505 ], [ 93.78519, 25.9583 ], [ 93.79833, 25.90969 ], [ 93.77982, 25.84631 ], [ 93.79576, 25.81435 ], [ 93.81884, 25.82623 ], [ 93.8243, 25.84709 ], [ 93.85171, 25.86297 ], [ 93.88274, 25.84591 ], [ 93.89341, 25.86481 ], [ 93.9159, 25.88766 ], [ 93.95984, 25.90525 ], [ 93.98268, 25.92627 ], [ 93.96921, 25.96084 ], [ 93.95601, 25.97419 ], [ 93.95489, 26.00733 ], [ 93.96589, 26.0424 ], [ 93.99112, 26.07264 ], [ 93.98602, 26.08357 ], [ 94.00636, 26.14724 ], [ 93.99966, 26.15824 ], [ 94.013, 26.18628 ], [ 94.03574, 26.20319 ], [ 94.04179, 26.23389 ], [ 94.05286, 26.25579 ], [ 94.07047, 26.26003 ], [ 94.10268, 26.30869 ], [ 94.10805, 26.3264 ], [ 94.13877, 26.34155 ], [ 94.16452, 26.33934 ], [ 94.16447, 26.36012 ], [ 94.17909, 26.38872 ], [ 94.17576, 26.4318 ], [ 94.18655, 26.46051 ], [ 94.20112, 26.4699 ], [ 94.21149, 26.48985 ], [ 94.23989, 26.51143 ], [ 94.26257, 26.54395 ], [ 94.28229, 26.56354 ], [ 94.28724, 26.50852 ], [ 94.29392, 26.48074 ], [ 94.31651, 26.46293 ], [ 94.32388, 26.47938 ], [ 94.35207, 26.49575 ], [ 94.35111, 26.50862 ], [ 94.37762, 26.51312 ], [ 94.39656, 26.52973 ], [ 94.41485, 26.58328 ], [ 94.40601, 26.60193 ], [ 94.40988, 26.61644 ], [ 94.45452, 26.63902 ], [ 94.46794, 26.66982 ], [ 94.49827, 26.67371 ], [ 94.5155, 26.6873 ], [ 94.5201, 26.70145 ], [ 94.54506, 26.7109 ], [ 94.59241, 26.70273 ], [ 94.59333, 26.72613 ], [ 94.61006, 26.7401 ], [ 94.62109, 26.72117 ], [ 94.65339, 26.72363 ], [ 94.68661, 26.73259 ], [ 94.73188, 26.76401 ], [ 94.7458, 26.78214 ], [ 94.75637, 26.77227 ], [ 94.77309, 26.79496 ], [ 94.80221, 26.80606 ], [ 94.81306, 26.82476 ], [ 94.82108, 26.85446 ], [ 94.85153, 26.88134 ], [ 94.86964, 26.91501 ], [ 94.88622, 26.93246 ], [ 94.91386, 26.94257 ], [ 94.9336, 26.93854 ], [ 94.95728, 26.94355 ], [ 94.98567, 26.91825 ], [ 95.02135, 26.9254 ], [ 95.03805, 26.93848 ], [ 95.08686, 26.95274 ], [ 95.11005, 26.96691 ], [ 95.11694, 26.98368 ], [ 95.1545, 27.00604 ], [ 95.19552, 27.04295 ] ] ] ] } },
{ "type": "Feature", "properties": { "source": "https://simplemaps.com", "id": "INOR", "name": "Odisha" }, "geometry": { "type": "MultiPolygon", "coordinates": [ [ [ [ 81.75829, 17.89336 ], [ 81.70317, 17.86113 ], [ 81.68829, 17.8848 ], [ 81.66306, 17.87693 ], [ 81.64602, 17.85627 ], [ 81.64279, 17.83928 ], [ 81.61115, 17.81536 ], [ 81.57487, 17.82734 ], [ 81.55394, 17.81637 ], [ 81.48118, 17.80286 ], [ 81.47012, 17.82318 ], [ 81.43757, 17.81529 ], [ 81.42593, 17.82128 ], [ 81.40926, 17.80484 ], [ 81.38497, 17.80659 ], [ 81.38443, 17.82579 ], [ 81.39806, 17.84678 ], [ 81.38988, 17.85943 ], [ 81.39585, 17.88756 ], [ 81.43726, 17.87594 ], [ 81.44827, 17.90302 ], [ 81.44446, 17.9221 ], [ 81.4548, 17.94656 ], [ 81.47667, 17.9739 ], [ 81.47894, 18.0037 ], [ 81.47389, 18.02851 ], [ 81.4815, 18.04992 ], [ 81.50866, 18.09241 ], [ 81.51188, 18.12923 ], [ 81.52261, 18.15727 ], [ 81.50478, 18.18381 ], [ 81.52577, 18.23652 ], [ 81.52796, 18.25908 ], [ 81.54807, 18.26213 ], [ 81.5676, 18.27321 ], [ 81.59341, 18.30128 ], [ 81.61588, 18.30084 ], [ 81.66038, 18.31576 ], [ 81.6581, 18.33929 ], [ 81.74491, 18.34535 ], [ 81.7621, 18.41131 ], [ 81.79757, 18.43976 ], [ 81.84959, 18.48905 ], [ 81.86296, 18.51727 ], [ 81.8826, 18.52918 ], [ 81.89683, 18.52839 ], [ 81.9008, 18.55717 ], [ 81.94691, 18.55915 ], [ 81.95453, 18.58671 ], [ 81.92972, 18.59639 ], [ 81.89993, 18.61961 ], [ 81.88837, 18.62099 ], [ 81.89317, 18.65388 ], [ 81.91553, 18.63582 ], [ 81.94744, 18.62882 ], [ 81.94739, 18.65571 ], [ 81.96063, 18.66772 ], [ 81.95508, 18.68023 ], [ 81.97604, 18.69515 ], [ 81.99187, 18.69769 ], [ 82.01562, 18.71353 ], [ 82.03374, 18.7188 ], [ 82.07858, 18.71208 ], [ 82.09129, 18.75618 ], [ 82.14548, 18.77328 ], [ 82.16115, 18.79096 ], [ 82.15611, 18.79994 ], [ 82.16494, 18.83021 ], [ 82.15803, 18.85197 ], [ 82.17041, 18.87757 ], [ 82.17077, 18.89159 ], [ 82.21378, 18.91214 ], [ 82.23956, 18.91046 ], [ 82.22248, 19.02111 ], [ 82.19409, 19.06022 ], [ 82.20856, 19.07852 ], [ 82.19102, 19.11631 ], [ 82.16814, 19.13384 ], [ 82.17879, 19.15886 ], [ 82.17339, 19.18431 ], [ 82.15571, 19.19653 ], [ 82.16118, 19.20839 ], [ 82.15165, 19.22357 ], [ 82.15173, 19.26546 ], [ 82.16853, 19.29066 ], [ 82.18025, 19.3322 ], [ 82.14235, 19.34817 ], [ 82.14118, 19.36578 ], [ 82.16637, 19.36593 ], [ 82.17398, 19.37694 ], [ 82.18349, 19.41246 ], [ 82.17046, 19.42949 ], [ 82.11931, 19.4239 ], [ 82.09689, 19.46108 ], [ 82.10183, 19.47366 ], [ 82.09102, 19.49406 ], [ 82.09208, 19.50984 ], [ 82.07085, 19.51592 ], [ 82.05979, 19.50364 ], [ 82.02239, 19.5018 ], [ 82.04613, 19.53862 ], [ 82.04414, 19.5648 ], [ 82.0349, 19.58327 ], [ 82.05135, 19.62444 ], [ 82.04678, 19.66937 ], [ 82.03757, 19.70391 ], [ 82.04401, 19.73769 ], [ 82.0572, 19.75341 ], [ 82.05983, 19.7831 ], [ 82.05219, 19.79134 ], [ 81.99932, 19.79831 ], [ 81.98015, 19.79578 ], [ 81.95741, 19.83601 ], [ 81.96037, 19.85474 ], [ 81.89806, 19.87852 ], [ 81.85841, 19.89955 ], [ 81.84581, 19.91486 ], [ 81.84883, 19.93859 ], [ 81.8373, 19.95008 ], [ 81.84689, 19.97036 ], [ 81.86017, 20.02336 ], [ 81.87376, 20.04618 ], [ 81.88946, 20.04327 ], [ 81.93393, 20.09931 ], [ 81.94421, 20.1016 ], [ 81.97357, 20.07561 ], [ 81.99271, 20.04782 ], [ 82.0127, 20.04103 ], [ 82.01479, 20.01951 ], [ 82.04897, 20.03524 ], [ 82.0579, 20.04987 ], [ 82.1161, 20.0104 ], [ 82.1317, 20.01269 ], [ 82.16608, 19.99584 ], [ 82.18418, 19.98116 ], [ 82.20429, 19.98034 ], [ 82.23063, 19.99808 ], [ 82.2617, 19.97156 ], [ 82.26946, 19.94525 ], [ 82.29533, 19.89896 ], [ 82.29823, 19.88346 ], [ 82.31795, 19.85916 ], [ 82.32675, 19.83833 ], [ 82.33945, 19.82996 ], [ 82.36805, 19.85448 ], [ 82.38882, 19.88176 ], [ 82.41389, 19.89652 ], [ 82.44239, 19.90298 ], [ 82.45835, 19.89465 ], [ 82.47569, 19.90053 ], [ 82.49848, 19.88517 ], [ 82.5299, 19.88213 ], [ 82.54429, 19.86903 ], [ 82.56675, 19.87172 ], [ 82.59738, 19.86047 ], [ 82.57182, 19.82781 ], [ 82.57158, 19.80201 ], [ 82.57848, 19.77582 ], [ 82.61887, 19.7861 ], [ 82.64574, 19.82537 ], [ 82.69844, 19.82686 ], [ 82.71101, 19.84856 ], [ 82.70041, 19.90661 ], [ 82.70945, 19.94667 ], [ 82.71093, 19.98326 ], [ 82.70063, 19.99287 ], [ 82.65048, 19.9994 ], [ 82.62358, 19.99764 ], [ 82.61439, 19.98697 ], [ 82.58236, 19.98994 ], [ 82.57594, 19.99895 ], [ 82.54362, 20.01213 ], [ 82.50213, 20.01353 ], [ 82.47591, 20.03005 ], [ 82.44143, 20.03535 ], [ 82.39577, 20.049 ], [ 82.39086, 20.05959 ], [ 82.39467, 20.08916 ], [ 82.39074, 20.11905 ], [ 82.37893, 20.14463 ], [ 82.3833, 20.16046 ], [ 82.40575, 20.17899 ], [ 82.4136, 20.20227 ], [ 82.40433, 20.2396 ], [ 82.40508, 20.26353 ], [ 82.42805, 20.27861 ], [ 82.42244, 20.30966 ], [ 82.39378, 20.33552 ], [ 82.39794, 20.35586 ], [ 82.41041, 20.3772 ], [ 82.4099, 20.40268 ], [ 82.42429, 20.41015 ], [ 82.42917, 20.42575 ], [ 82.41772, 20.4383 ], [ 82.41939, 20.45728 ], [ 82.38809, 20.45251 ], [ 82.38049, 20.50985 ], [ 82.34879, 20.52293 ], [ 82.34225, 20.53769 ], [ 82.32401, 20.55388 ], [ 82.34253, 20.57522 ], [ 82.33868, 20.59432 ], [ 82.35583, 20.60349 ], [ 82.36755, 20.62957 ], [ 82.36581, 20.66115 ], [ 82.35132, 20.67807 ], [ 82.3433, 20.69885 ], [ 82.34586, 20.72872 ], [ 82.33513, 20.75852 ], [ 82.33879, 20.79017 ], [ 82.33404, 20.84059 ], [ 82.34662, 20.88385 ], [ 82.36801, 20.8641 ], [ 82.3828, 20.86994 ], [ 82.40141, 20.86243 ], [ 82.40563, 20.83721 ], [ 82.41553, 20.82647 ], [ 82.4365, 20.82953 ], [ 82.45351, 20.82122 ], [ 82.45983, 20.83565 ], [ 82.47762, 20.84672 ], [ 82.48453, 20.87289 ], [ 82.48314, 20.89966 ], [ 82.55294, 20.94148 ], [ 82.58208, 20.98678 ], [ 82.60445, 21.00587 ], [ 82.62231, 21.03657 ], [ 82.60912, 21.06392 ], [ 82.62588, 21.07682 ], [ 82.64503, 21.10188 ], [ 82.63409, 21.13635 ], [ 82.63594, 21.14945 ], [ 82.66205, 21.15075 ], [ 82.68453, 21.15806 ], [ 82.70054, 21.15326 ], [ 82.72115, 21.15894 ], [ 82.75752, 21.15856 ], [ 82.78209, 21.14102 ], [ 82.81248, 21.15856 ], [ 82.84, 21.16336 ], [ 82.87923, 21.14909 ], [ 82.90231, 21.16297 ], [ 82.92193, 21.15821 ], [ 82.94233, 21.16304 ], [ 82.95607, 21.17549 ], [ 82.96515, 21.15576 ], [ 82.97993, 21.15746 ], [ 83.01048, 21.14537 ], [ 83.04058, 21.11893 ], [ 83.07144, 21.10807 ], [ 83.11984, 21.10106 ], [ 83.134, 21.10523 ], [ 83.16139, 21.13145 ], [ 83.19275, 21.13944 ], [ 83.20757, 21.20139 ], [ 83.21906, 21.22371 ], [ 83.21414, 21.25087 ], [ 83.2249, 21.26697 ], [ 83.24245, 21.27644 ], [ 83.26768, 21.26858 ], [ 83.27268, 21.29613 ], [ 83.2588, 21.30213 ], [ 83.25496, 21.33192 ], [ 83.26609, 21.34543 ], [ 83.27002, 21.37504 ], [ 83.30959, 21.36456 ], [ 83.37482, 21.33996 ], [ 83.40266, 21.34843 ], [ 83.39416, 21.36114 ], [ 83.39376, 21.39944 ], [ 83.38141, 21.40958 ], [ 83.37014, 21.4361 ], [ 83.35029, 21.44398 ], [ 83.34206, 21.48533 ], [ 83.35426, 21.53532 ], [ 83.36578, 21.54968 ], [ 83.36233, 21.57252 ], [ 83.36819, 21.59707 ], [ 83.38072, 21.61275 ], [ 83.41353, 21.63631 ], [ 83.44123, 21.64927 ], [ 83.44134, 21.61809 ], [ 83.46297, 21.60551 ], [ 83.4699, 21.62677 ], [ 83.48308, 21.6396 ], [ 83.44077, 21.65517 ], [ 83.41975, 21.67502 ], [ 83.43183, 21.69391 ], [ 83.45634, 21.69432 ], [ 83.48413, 21.74155 ], [ 83.47592, 21.77379 ], [ 83.49133, 21.80866 ], [ 83.52219, 21.79411 ], [ 83.53657, 21.79393 ], [ 83.53124, 21.8319 ], [ 83.55746, 21.83441 ], [ 83.57353, 21.82966 ], [ 83.58405, 21.85279 ], [ 83.57152, 21.87187 ], [ 83.60048, 21.91084 ], [ 83.58777, 21.92612 ], [ 83.55336, 21.93218 ], [ 83.55772, 21.94391 ], [ 83.53517, 21.9635 ], [ 83.53448, 21.97625 ], [ 83.54856, 22.0067 ], [ 83.534, 22.02228 ], [ 83.53837, 22.05538 ], [ 83.58351, 22.05495 ], [ 83.60032, 22.06551 ], [ 83.55727, 22.09998 ], [ 83.60594, 22.15761 ], [ 83.61927, 22.19636 ], [ 83.64575, 22.22459 ], [ 83.65744, 22.22479 ], [ 83.693, 22.2455 ], [ 83.74565, 22.24122 ], [ 83.77132, 22.25734 ], [ 83.77856, 22.27451 ], [ 83.79799, 22.28996 ], [ 83.82081, 22.29604 ], [ 83.82249, 22.31564 ], [ 83.84303, 22.32635 ], [ 83.86101, 22.34378 ], [ 83.89697, 22.33969 ], [ 83.91554, 22.35967 ], [ 83.96699, 22.35785 ], [ 84.00119, 22.36967 ], [ 84.01444, 22.40409 ], [ 84.04001, 22.4329 ], [ 84.04156, 22.46411 ], [ 84.02168, 22.47206 ], [ 84.01302, 22.48524 ], [ 83.9761, 22.50221 ], [ 83.97657, 22.51839 ], [ 84.0025, 22.52086 ], [ 84.05759, 22.51015 ], [ 84.07921, 22.48885 ], [ 84.10612, 22.47385 ], [ 84.13744, 22.4671 ], [ 84.1331, 22.44531 ], [ 84.13588, 22.42068 ], [ 84.15249, 22.40093 ], [ 84.18344, 22.38368 ], [ 84.19411, 22.37181 ], [ 84.24656, 22.3737 ], [ 84.26617, 22.34783 ], [ 84.28922, 22.33732 ], [ 84.32397, 22.33892 ], [ 84.372, 22.34905 ], [ 84.39449, 22.34385 ], [ 84.42584, 22.35203 ], [ 84.42694, 22.36465 ], [ 84.44785, 22.37908 ], [ 84.47281, 22.38269 ], [ 84.47448, 22.40173 ], [ 84.50179, 22.41532 ], [ 84.5433, 22.4172 ], [ 84.57216, 22.42301 ], [ 84.6321, 22.42865 ], [ 84.66161, 22.41392 ], [ 84.74385, 22.41475 ], [ 84.75269, 22.44201 ], [ 84.80125, 22.44371 ], [ 84.81269, 22.43161 ], [ 84.83575, 22.42755 ], [ 84.8778, 22.44251 ], [ 84.88025, 22.41759 ], [ 84.90771, 22.41964 ], [ 84.9174, 22.43438 ], [ 84.95245, 22.45277 ], [ 84.96024, 22.44372 ], [ 85.0514, 22.47942 ], [ 85.0732, 22.47287 ], [ 85.07111, 22.4559 ], [ 85.05704, 22.44471 ], [ 85.06369, 22.42322 ], [ 85.07459, 22.41346 ], [ 85.08308, 22.37844 ], [ 85.07406, 22.34859 ], [ 85.09296, 22.34109 ], [ 85.08591, 22.31698 ], [ 85.11404, 22.31421 ], [ 85.10529, 22.29114 ], [ 85.07051, 22.27216 ], [ 85.07432, 22.25094 ], [ 85.06948, 22.23065 ], [ 85.04692, 22.18579 ], [ 85.04961, 22.17931 ], [ 85.0254, 22.154 ], [ 85.03115, 22.13736 ], [ 85.02374, 22.11199 ], [ 84.9805, 22.09126 ], [ 84.98743, 22.07674 ], [ 85.00232, 22.07994 ], [ 85.01995, 22.10337 ], [ 85.0439, 22.1107 ], [ 85.06945, 22.10713 ], [ 85.09901, 22.09612 ], [ 85.09971, 22.08454 ], [ 85.11888, 22.06647 ], [ 85.14084, 22.07355 ], [ 85.21075, 22.04318 ], [ 85.21489, 22.01071 ], [ 85.23094, 22.00027 ], [ 85.24106, 22.01252 ], [ 85.27416, 22.08009 ], [ 85.32301, 22.12499 ], [ 85.36172, 22.12476 ], [ 85.3632, 22.15457 ], [ 85.41029, 22.15608 ], [ 85.45701, 22.13577 ], [ 85.4858, 22.11649 ], [ 85.50568, 22.11146 ], [ 85.53605, 22.09441 ], [ 85.58224, 22.08099 ], [ 85.59109, 22.07444 ], [ 85.63125, 22.08154 ], [ 85.64461, 22.09028 ], [ 85.6815, 22.04878 ], [ 85.68788, 22.05608 ], [ 85.72235, 22.05813 ], [ 85.74606, 22.06988 ], [ 85.75782, 22.08498 ], [ 85.79092, 22.10039 ], [ 85.80205, 22.11083 ], [ 85.83076, 22.07697 ], [ 85.81437, 22.07007 ], [ 85.78794, 22.07719 ], [ 85.77033, 22.05128 ], [ 85.77894, 22.03626 ], [ 85.75613, 22.00839 ], [ 85.76075, 21.98972 ], [ 85.78428, 21.9786 ], [ 85.84042, 21.97648 ], [ 85.89417, 21.97829 ], [ 85.91224, 22.0048 ], [ 85.92877, 22.01936 ], [ 85.94258, 22.01913 ], [ 85.97529, 22.07179 ], [ 85.979, 22.08336 ], [ 86.00259, 22.11302 ], [ 85.99463, 22.13178 ], [ 86.02672, 22.18522 ], [ 86.01739, 22.19876 ], [ 85.99284, 22.21548 ], [ 85.96979, 22.2434 ], [ 85.98519, 22.26721 ], [ 86.01778, 22.30455 ], [ 86.0059, 22.31591 ], [ 86.02043, 22.3294 ], [ 85.99288, 22.33816 ], [ 86.01686, 22.36223 ], [ 86.0215, 22.38176 ], [ 86.00874, 22.42432 ], [ 85.99297, 22.42214 ], [ 85.95351, 22.45597 ], [ 85.96675, 22.48216 ], [ 85.96925, 22.49978 ], [ 85.99592, 22.50896 ], [ 86.02827, 22.53433 ], [ 86.01834, 22.54363 ], [ 86.03849, 22.56359 ], [ 86.06921, 22.54307 ], [ 86.10138, 22.49015 ], [ 86.14623, 22.47914 ], [ 86.20239, 22.47028 ], [ 86.22038, 22.44909 ], [ 86.26518, 22.43954 ], [ 86.27982, 22.44552 ], [ 86.28796, 22.42536 ], [ 86.3177, 22.39059 ], [ 86.32534, 22.37308 ], [ 86.33932, 22.36605 ], [ 86.35274, 22.34542 ], [ 86.37553, 22.33712 ], [ 86.42438, 22.30627 ], [ 86.43839, 22.32337 ], [ 86.45824, 22.32211 ], [ 86.49995, 22.34095 ], [ 86.50799, 22.32402 ], [ 86.52365, 22.31857 ], [ 86.52455, 22.30285 ], [ 86.55206, 22.29529 ], [ 86.57846, 22.29782 ], [ 86.58993, 22.28214 ], [ 86.61606, 22.276 ], [ 86.64558, 22.26137 ], [ 86.64818, 22.23569 ], [ 86.66989, 22.23684 ], [ 86.68217, 22.21951 ], [ 86.72279, 22.21525 ], [ 86.71278, 22.17829 ], [ 86.71545, 22.14349 ], [ 86.75222, 22.14396 ], [ 86.79032, 22.15394 ], [ 86.80045, 22.14592 ], [ 86.80621, 22.11416 ], [ 86.82331, 22.11292 ], [ 86.83201, 22.09511 ], [ 86.8479, 22.09835 ], [ 86.90876, 22.08638 ], [ 86.95724, 22.08337 ], [ 86.99518, 22.0458 ], [ 87.01762, 22.04128 ], [ 87.02605, 22.02875 ], [ 87.02226, 22.01207 ], [ 87.03432, 21.98919 ], [ 87.00555, 21.94065 ], [ 86.99793, 21.9075 ], [ 87.01997, 21.88575 ], [ 87.03024, 21.86531 ], [ 87.07774, 21.8598 ], [ 87.09464, 21.86034 ], [ 87.09626, 21.8821 ], [ 87.09612, 21.88625 ], [ 87.08942, 21.8924 ], [ 87.08854, 21.89507 ], [ 87.09102, 21.89923 ], [ 87.10468, 21.91782 ], [ 87.11034, 21.91802 ], [ 87.11424, 21.92217 ], [ 87.13091, 21.91801 ], [ 87.15169, 21.928 ], [ 87.15829, 21.93055 ], [ 87.15977, 21.94908 ], [ 87.16744, 21.97341 ], [ 87.17497, 21.9662 ], [ 87.20291, 21.95644 ], [ 87.22119, 21.95321 ], [ 87.2244, 21.95402 ], [ 87.23485, 21.95438 ], [ 87.23223, 21.94036 ], [ 87.23543, 21.93374 ], [ 87.2524, 21.9178 ], [ 87.23481, 21.8956 ], [ 87.24898, 21.86652 ], [ 87.24475, 21.85637 ], [ 87.25527, 21.84388 ], [ 87.2617, 21.8333 ], [ 87.26781, 21.81971 ], [ 87.26242, 21.81386 ], [ 87.27315, 21.8058 ], [ 87.27334, 21.8036 ], [ 87.28061, 21.79916 ], [ 87.29481, 21.80389 ], [ 87.29657, 21.79533 ], [ 87.30605, 21.79386 ], [ 87.31796, 21.79055 ], [ 87.31686, 21.78855 ], [ 87.32286, 21.78596 ], [ 87.32619, 21.78564 ], [ 87.3327, 21.7872 ], [ 87.33667, 21.77918 ], [ 87.34046, 21.78396 ], [ 87.35505, 21.77928 ], [ 87.37045, 21.76802 ], [ 87.3833, 21.77086 ], [ 87.3924, 21.76898 ], [ 87.42482, 21.76566 ], [ 87.43931, 21.76436 ], [ 87.44367, 21.76089 ], [ 87.44331, 21.74212 ], [ 87.45111, 21.73541 ], [ 87.44442, 21.73248 ], [ 87.46518, 21.72636 ], [ 87.46574, 21.72358 ], [ 87.46265, 21.71706 ], [ 87.46929, 21.69845 ], [ 87.46753, 21.69566 ], [ 87.46826, 21.67727 ], [ 87.46042, 21.65713 ], [ 87.46091, 21.64445 ], [ 87.48209, 21.62587 ], [ 87.48171, 21.61383 ], [ 87.48203, 21.6087 ], [ 87.45556, 21.59694 ], [ 87.38333, 21.54889 ], [ 87.30305, 21.5557 ], [ 87.24082, 21.552 ], [ 87.20722, 21.54639 ], [ 87.15474, 21.52683 ], [ 87.11389, 21.50833 ], [ 87.06416, 21.46389 ], [ 87.05309, 21.46217 ], [ 87.02556, 21.43944 ], [ 86.99555, 21.42056 ], [ 86.94666, 21.37389 ], [ 86.90778, 21.32806 ], [ 86.89222, 21.31639 ], [ 86.88361, 21.29444 ], [ 86.86833, 21.27611 ], [ 86.84611, 21.23667 ], [ 86.84528, 21.21972 ], [ 86.82333, 21.19167 ], [ 86.82806, 21.17611 ], [ 86.82417, 21.13778 ], [ 86.84389, 21.085 ], [ 86.85833, 21.055 ], [ 86.88889, 21.01639 ], [ 86.89861, 20.99778 ], [ 86.91055, 20.95528 ], [ 86.95944, 20.86361 ], [ 86.97, 20.82778 ], [ 86.95805, 20.785 ], [ 86.88139, 20.7975 ], [ 86.83528, 20.77695 ], [ 86.81805, 20.76056 ], [ 86.81611, 20.72389 ], [ 86.80065, 20.70777 ], [ 86.78861, 20.67528 ], [ 86.76667, 20.64444 ], [ 86.80695, 20.64333 ], [ 86.82307, 20.64598 ], [ 86.82612, 20.67354 ], [ 86.8377, 20.6565 ], [ 86.84332, 20.65075 ], [ 86.84956, 20.65241 ], [ 86.90083, 20.69639 ], [ 86.93541, 20.71108 ], [ 86.97001, 20.70883 ], [ 87.00645, 20.69645 ], [ 87.027, 20.69635 ], [ 86.92, 20.62667 ], [ 86.87278, 20.59833 ], [ 86.78445, 20.53583 ], [ 86.77111, 20.50444 ], [ 86.75945, 20.50556 ], [ 86.74473, 20.46972 ], [ 86.73333, 20.455 ], [ 86.73333, 20.40333 ], [ 86.74917, 20.40556 ], [ 86.78167, 20.38833 ], [ 86.78971, 20.35917 ], [ 86.76917, 20.33111 ], [ 86.73444, 20.3075 ], [ 86.70834, 20.2975 ], [ 86.71639, 20.28639 ], [ 86.67722, 20.26694 ], [ 86.6754, 20.25835 ], [ 86.61777, 20.23722 ], [ 86.58195, 20.21805 ], [ 86.53611, 20.20001 ], [ 86.50972, 20.17722 ], [ 86.48833, 20.16694 ], [ 86.49472, 20.15333 ], [ 86.51444, 20.17417 ], [ 86.5225, 20.17139 ], [ 86.47583, 20.10056 ], [ 86.41444, 20.04083 ], [ 86.40722, 20.01972 ], [ 86.41111, 20.0 ], [ 86.38695, 19.97611 ], [ 86.34805, 19.98195 ], [ 86.33945, 19.99028 ], [ 86.32819, 20.02952 ], [ 86.29374, 20.05434 ], [ 86.2625, 20.06195 ], [ 86.24786, 20.05319 ], [ 86.23384, 20.02313 ], [ 86.28901, 20.01629 ], [ 86.31733, 19.98796 ], [ 86.36592, 19.95617 ], [ 86.28805, 19.93034 ], [ 86.21852, 19.90254 ], [ 86.14588, 19.87632 ], [ 86.05408, 19.85148 ], [ 85.97727, 19.83394 ], [ 85.89306, 19.81236 ], [ 85.80706, 19.78865 ], [ 85.72952, 19.76191 ], [ 85.65155, 19.73103 ], [ 85.57679, 19.70005 ], [ 85.50033, 19.66439 ], [ 85.56098, 19.76683 ], [ 85.58304, 19.84404 ], [ 85.55568, 19.88659 ], [ 85.44306, 19.90181 ], [ 85.37071, 19.84286 ], [ 85.31886, 19.80056 ], [ 85.23836, 19.7559 ], [ 85.19104, 19.71364 ], [ 85.17629, 19.63697 ], [ 85.13361, 19.58416 ], [ 85.13181, 19.47662 ], [ 85.41521, 19.62355 ], [ 85.22685, 19.50336 ], [ 85.07677, 19.37935 ], [ 84.88665, 19.23853 ], [ 84.85597, 19.21022 ], [ 84.825, 19.17707 ], [ 84.7996, 19.13843 ], [ 84.74136, 19.11666 ], [ 84.70575, 19.11697 ], [ 84.71903, 19.09584 ], [ 84.69755, 19.10882 ], [ 84.69833, 19.11031 ], [ 84.69392, 19.12155 ], [ 84.69732, 19.12513 ], [ 84.70209, 19.15115 ], [ 84.69756, 19.15029 ], [ 84.68141, 19.14975 ], [ 84.66502, 19.15673 ], [ 84.6659, 19.13527 ], [ 84.66117, 19.12186 ], [ 84.64729, 19.12037 ], [ 84.62932, 19.1207 ], [ 84.59577, 19.11521 ], [ 84.60556, 19.09263 ], [ 84.61678, 19.09 ], [ 84.62444, 19.07442 ], [ 84.63361, 19.07464 ], [ 84.64461, 19.08445 ], [ 84.6632, 19.06445 ], [ 84.65453, 19.05231 ], [ 84.64773, 19.05609 ], [ 84.63438, 19.05554 ], [ 84.63006, 19.04959 ], [ 84.62541, 19.05278 ], [ 84.62329, 19.05566 ], [ 84.61236, 19.04974 ], [ 84.60947, 19.04674 ], [ 84.60049, 19.03293 ], [ 84.58769, 19.01299 ], [ 84.57365, 19.03511 ], [ 84.57812, 19.06213 ], [ 84.5706, 19.06041 ], [ 84.56797, 19.06347 ], [ 84.55972, 19.05956 ], [ 84.54772, 19.04609 ], [ 84.50992, 19.03746 ], [ 84.49778, 19.02488 ], [ 84.48939, 19.02095 ], [ 84.47783, 19.00789 ], [ 84.47569, 18.99174 ], [ 84.47166, 18.98122 ], [ 84.43739, 18.99746 ], [ 84.42219, 19.00853 ], [ 84.42002, 19.01252 ], [ 84.41465, 19.01236 ], [ 84.42526, 18.99534 ], [ 84.42555, 18.98915 ], [ 84.42641, 18.98397 ], [ 84.43472, 18.97683 ], [ 84.44064, 18.96693 ], [ 84.4156, 18.93804 ], [ 84.42939, 18.91368 ], [ 84.40981, 18.89063 ], [ 84.38609, 18.88303 ], [ 84.36241, 18.85106 ], [ 84.33443, 18.86385 ], [ 84.3441, 18.81194 ], [ 84.32932, 18.809 ], [ 84.33222, 18.79202 ], [ 84.30037, 18.78174 ], [ 84.28392, 18.79082 ], [ 84.25889, 18.77483 ], [ 84.24603, 18.77341 ], [ 84.21671, 18.78728 ], [ 84.17982, 18.76897 ], [ 84.15935, 18.77504 ], [ 84.13498, 18.76679 ], [ 84.09164, 18.74524 ], [ 84.06577, 18.7517 ], [ 84.04794, 18.78348 ], [ 84.00739, 18.80421 ], [ 83.98232, 18.80001 ], [ 83.93359, 18.80686 ], [ 83.90775, 18.81639 ], [ 83.87018, 18.81843 ], [ 83.86434, 18.83904 ], [ 83.84367, 18.8514 ], [ 83.83669, 18.87272 ], [ 83.84232, 18.88824 ], [ 83.83488, 18.9093 ], [ 83.81341, 18.93358 ], [ 83.81606, 18.94866 ], [ 83.78831, 19.00781 ], [ 83.74108, 18.98389 ], [ 83.75037, 18.94437 ], [ 83.76148, 18.9446 ], [ 83.77715, 18.91907 ], [ 83.77127, 18.9013 ], [ 83.74583, 18.91817 ], [ 83.7263, 18.97556 ], [ 83.70574, 18.98524 ], [ 83.69984, 19.01503 ], [ 83.68439, 19.04393 ], [ 83.65685, 19.07494 ], [ 83.65749, 19.08777 ], [ 83.64473, 19.11329 ], [ 83.61913, 19.14188 ], [ 83.5943, 19.12033 ], [ 83.6044, 19.09287 ], [ 83.5822, 19.07564 ], [ 83.57877, 19.04979 ], [ 83.55148, 19.05038 ], [ 83.53483, 19.02862 ], [ 83.53139, 19.00542 ], [ 83.4954, 19.01109 ], [ 83.49355, 19.0268 ], [ 83.51367, 19.02478 ], [ 83.50539, 19.06477 ], [ 83.49249, 19.05495 ], [ 83.47699, 19.07533 ], [ 83.4594, 19.06967 ], [ 83.46544, 19.03619 ], [ 83.47736, 19.02552 ], [ 83.4746, 19.00031 ], [ 83.44852, 18.99963 ], [ 83.45023, 18.98242 ], [ 83.46227, 18.95922 ], [ 83.44267, 18.94774 ], [ 83.41484, 18.97787 ], [ 83.40885, 18.99619 ], [ 83.38876, 19.00002 ], [ 83.36233, 18.99473 ], [ 83.35498, 19.00939 ], [ 83.33498, 19.00672 ], [ 83.32918, 18.98818 ], [ 83.30784, 18.99095 ], [ 83.31335, 18.96663 ], [ 83.32692, 18.95734 ], [ 83.36107, 18.9534 ], [ 83.36276, 18.93007 ], [ 83.34769, 18.92099 ], [ 83.38781, 18.87103 ], [ 83.41134, 18.85934 ], [ 83.39694, 18.84921 ], [ 83.39871, 18.83353 ], [ 83.37283, 18.82121 ], [ 83.35999, 18.80735 ], [ 83.32302, 18.79828 ], [ 83.30422, 18.79887 ], [ 83.2795, 18.7896 ], [ 83.2661, 18.75701 ], [ 83.23956, 18.75878 ], [ 83.22301, 18.74798 ], [ 83.18537, 18.74414 ], [ 83.16855, 18.75907 ], [ 83.15083, 18.75869 ], [ 83.13296, 18.77245 ], [ 83.08807, 18.7124 ], [ 83.07788, 18.70534 ], [ 83.05097, 18.65416 ], [ 83.01154, 18.63903 ], [ 83.0203, 18.60541 ], [ 83.00804, 18.58842 ], [ 83.03651, 18.57757 ], [ 83.02546, 18.5643 ], [ 83.03248, 18.54789 ], [ 83.05118, 18.53491 ], [ 83.07148, 18.54249 ], [ 83.08851, 18.53276 ], [ 83.07316, 18.51474 ], [ 83.0518, 18.47749 ], [ 83.01645, 18.44768 ], [ 83.03732, 18.43483 ], [ 83.04261, 18.41829 ], [ 83.0665, 18.39226 ], [ 83.0562, 18.37726 ], [ 83.03952, 18.37008 ], [ 83.01161, 18.37821 ], [ 82.99197, 18.375 ], [ 82.97645, 18.35491 ], [ 82.95979, 18.35724 ], [ 82.93269, 18.35137 ], [ 82.92761, 18.36099 ], [ 82.90275, 18.35591 ], [ 82.8849, 18.37862 ], [ 82.89095, 18.39222 ], [ 82.88461, 18.41276 ], [ 82.87001, 18.4062 ], [ 82.81875, 18.43337 ], [ 82.79917, 18.4394 ], [ 82.77622, 18.41969 ], [ 82.78748, 18.39021 ], [ 82.77791, 18.37092 ], [ 82.78422, 18.35415 ], [ 82.76705, 18.33108 ], [ 82.75104, 18.32833 ], [ 82.73433, 18.31325 ], [ 82.70255, 18.30847 ], [ 82.6981, 18.29627 ], [ 82.66494, 18.29062 ], [ 82.64486, 18.25708 ], [ 82.64758, 18.24473 ], [ 82.63165, 18.22853 ], [ 82.60948, 18.24925 ], [ 82.5892, 18.25673 ], [ 82.58559, 18.28096 ], [ 82.58967, 18.31948 ], [ 82.60088, 18.36605 ], [ 82.55603, 18.38851 ], [ 82.53516, 18.38956 ], [ 82.53591, 18.40832 ], [ 82.55377, 18.43765 ], [ 82.52938, 18.44294 ], [ 82.51614, 18.45588 ], [ 82.52751, 18.46822 ], [ 82.52313, 18.50393 ], [ 82.49821, 18.50604 ], [ 82.48145, 18.51506 ], [ 82.47401, 18.53683 ], [ 82.43713, 18.4973 ], [ 82.42687, 18.47699 ], [ 82.39738, 18.4516 ], [ 82.3776, 18.42199 ], [ 82.36129, 18.40991 ], [ 82.38444, 18.37241 ], [ 82.37635, 18.35327 ], [ 82.36014, 18.3437 ], [ 82.34542, 18.32182 ], [ 82.38437, 18.3187 ], [ 82.39301, 18.30644 ], [ 82.38224, 18.28429 ], [ 82.36706, 18.27094 ], [ 82.3369, 18.26624 ], [ 82.33022, 18.23134 ], [ 82.33282, 18.21579 ], [ 82.3061, 18.19566 ], [ 82.3103, 18.1746 ], [ 82.34873, 18.16183 ], [ 82.36516, 18.13967 ], [ 82.35757, 18.1251 ], [ 82.33337, 18.14238 ], [ 82.33216, 18.09412 ], [ 82.34316, 18.08248 ], [ 82.33635, 18.04726 ], [ 82.32182, 18.05018 ], [ 82.30441, 18.03962 ], [ 82.28777, 18.06056 ], [ 82.26695, 18.04827 ], [ 82.25816, 18.03487 ], [ 82.27081, 18.01067 ], [ 82.26725, 17.98644 ], [ 82.24171, 17.97976 ], [ 82.23699, 17.99201 ], [ 82.21818, 17.99419 ], [ 82.19692, 18.00869 ], [ 82.17741, 18.01057 ], [ 82.16375, 18.04162 ], [ 82.13237, 18.03562 ], [ 82.12924, 18.04867 ], [ 82.09236, 18.05276 ], [ 82.07221, 18.06564 ], [ 82.05972, 18.04512 ], [ 82.04517, 18.04559 ], [ 82.02466, 18.05788 ], [ 82.00158, 18.04481 ], [ 82.00169, 18.02366 ], [ 81.9361, 17.98409 ], [ 81.9137, 17.97989 ], [ 81.89928, 17.96855 ], [ 81.84682, 17.9508 ], [ 81.83334, 17.95103 ], [ 81.80104, 17.93608 ], [ 81.78601, 17.91361 ], [ 81.75829, 17.89336 ] ] ], [ [ [ 84.76102, 19.07131 ], [ 84.73022, 19.08931 ], [ 84.75819, 19.08736 ], [ 84.75736, 19.09847 ], [ 84.78069, 19.1032 ], [ 84.76102, 19.07131 ] ] ], [ [ [ 86.27028, 20.05806 ], [ 86.2925, 20.04556 ], [ 86.29723, 20.02917 ], [ 86.27972, 20.02667 ], [ 86.24593, 20.03785 ], [ 86.27028, 20.05806 ] ] ], [ [ [ 86.87065, 20.77178 ], [ 86.89056, 20.76735 ], [ 86.96297, 20.76674 ], [ 86.99055, 20.77167 ], [ 87.00694, 20.74306 ], [ 87.00139, 20.71583 ], [ 86.98055, 20.71361 ], [ 86.93539, 20.7166 ], [ 86.89342, 20.6955 ], [ 86.85352, 20.65672 ], [ 86.84011, 20.65409 ], [ 86.83645, 20.66598 ], [ 86.828, 20.67387 ], [ 86.80347, 20.67657 ], [ 86.82186, 20.64707 ], [ 86.78555, 20.64417 ], [ 86.77556, 20.65083 ], [ 86.80151, 20.6834 ], [ 86.80556, 20.70528 ], [ 86.81778, 20.71778 ], [ 86.83, 20.76 ], [ 86.84951, 20.77429 ], [ 86.87065, 20.77178 ] ] ], [ [ [ 86.88194, 20.78861 ], [ 86.94195, 20.77972 ], [ 86.88333, 20.77306 ], [ 86.88194, 20.78861 ] ] ] ] } },
{ "type": "Feature", "properties": { "source": "https://simplemaps.com", "id": "INPY", "name": "Puducherry" }, "geometry": { "type": "MultiPolygon", "coordinates": [ [ [ [ 82.28539, 16.69764 ], [ 82.25875, 16.69011 ], [ 82.26569, 16.70292 ], [ 82.28539, 16.69764 ] ] ], [ [ [ 82.25764, 16.69011 ], [ 82.24654, 16.69144 ], [ 82.21544, 16.70976 ], [ 82.19358, 16.70845 ], [ 82.17908, 16.7163 ], [ 82.19678, 16.73647 ], [ 82.22042, 16.71831 ], [ 82.2807, 16.72275 ], [ 82.29951, 16.71433 ], [ 82.29939, 16.71403 ], [ 82.2718, 16.70819 ], [ 82.25347, 16.71764 ], [ 82.24292, 16.70819 ], [ 82.25764, 16.69011 ] ] ], [ [ [ 75.2307, 12.02414 ], [ 75.22736, 12.0443 ], [ 75.22367, 12.05447 ], [ 75.22424, 12.07438 ], [ 75.22226, 12.07815 ], [ 75.22246, 12.08557 ], [ 75.22113, 12.10095 ], [ 75.22306, 12.10484 ], [ 75.2366, 12.11023 ], [ 75.24053, 12.10926 ], [ 75.24739, 12.10369 ], [ 75.25589, 12.10858 ], [ 75.26602, 12.10366 ], [ 75.27782, 12.10177 ], [ 75.28393, 12.11498 ], [ 75.30985, 12.13205 ], [ 75.31116, 12.13646 ], [ 75.32064, 12.14352 ], [ 75.32516, 12.14489 ], [ 75.34616, 12.13861 ], [ 75.36669, 12.13538 ], [ 75.37202, 12.14647 ], [ 75.37839, 12.14603 ], [ 75.38853, 12.14629 ], [ 75.39983, 12.1405 ], [ 75.40218, 12.13414 ], [ 75.39215, 12.12634 ], [ 75.38229, 12.12912 ], [ 75.3793, 12.12214 ], [ 75.36854, 12.12126 ], [ 75.35194, 12.10885 ], [ 75.33598, 12.09864 ], [ 75.32999, 12.10259 ], [ 75.31963, 12.10665 ], [ 75.30907, 12.10266 ], [ 75.31476, 12.08761 ], [ 75.29737, 12.06365 ], [ 75.30067, 12.05802 ], [ 75.30481, 12.05292 ], [ 75.31167, 12.04931 ], [ 75.29931, 12.02931 ], [ 75.26764, 12.02542 ], [ 75.26347, 12.00292 ], [ 75.2832, 11.98514 ], [ 75.28764, 11.95624 ], [ 75.25097, 12.00625 ], [ 75.2307, 12.02414 ] ] ], [ [ [ 79.85059, 10.97579 ], [ 79.85347, 10.96932 ], [ 79.85264, 10.83097 ], [ 79.85125, 10.81377 ], [ 79.83572, 10.81172 ], [ 79.81334, 10.81408 ], [ 79.81368, 10.81837 ], [ 79.81326, 10.82874 ], [ 79.8082, 10.83138 ], [ 79.80307, 10.83369 ], [ 79.79314, 10.83949 ], [ 79.79228, 10.84883 ], [ 79.80746, 10.85269 ], [ 79.78957, 10.86175 ], [ 79.78487, 10.87355 ], [ 79.77563, 10.87578 ], [ 79.77006, 10.87798 ], [ 79.77636, 10.88168 ], [ 79.77317, 10.88956 ], [ 79.76045, 10.88315 ], [ 79.75416, 10.88666 ], [ 79.74795, 10.89522 ], [ 79.74298, 10.89936 ], [ 79.72839, 10.90229 ], [ 79.72591, 10.9069 ], [ 79.7239, 10.90802 ], [ 79.71959, 10.90579 ], [ 79.72083, 10.9107 ], [ 79.70863, 10.91416 ], [ 79.70804, 10.9151 ], [ 79.71043, 10.91914 ], [ 79.70438, 10.92104 ], [ 79.70767, 10.92341 ], [ 79.72123, 10.93531 ], [ 79.71555, 10.93829 ], [ 79.70392, 10.94761 ], [ 79.71546, 10.95329 ], [ 79.72669, 10.95235 ], [ 79.7401, 10.94365 ], [ 79.74573, 10.94929 ], [ 79.73992, 10.95578 ], [ 79.74131, 10.96326 ], [ 79.73952, 10.96609 ], [ 79.73819, 10.96932 ], [ 79.73164, 10.97529 ], [ 79.73018, 10.98511 ], [ 79.74306, 10.98506 ], [ 79.76051, 10.98058 ], [ 79.77435, 10.97724 ], [ 79.78963, 10.97338 ], [ 79.79645, 10.98307 ], [ 79.80257, 10.98488 ], [ 79.8098, 10.98205 ], [ 79.82491, 10.9848 ], [ 79.83446, 10.97682 ], [ 79.83537, 10.97662 ], [ 79.85059, 10.97579 ] ] ], [ [ [ 79.83764, 11.94055 ], [ 79.82375, 11.88181 ], [ 79.81208, 11.85181 ], [ 79.80042, 11.8084 ], [ 79.78616, 11.8384 ], [ 79.76712, 11.84048 ], [ 79.75495, 11.85784 ], [ 79.73035, 11.84688 ], [ 79.70669, 11.84709 ], [ 79.69345, 11.85389 ], [ 79.69573, 11.87338 ], [ 79.65907, 11.86567 ], [ 79.66037, 11.87732 ], [ 79.67987, 11.87926 ], [ 79.70831, 11.87395 ], [ 79.7249, 11.89151 ], [ 79.70408, 11.91299 ], [ 79.70603, 11.92871 ], [ 79.68414, 11.92722 ], [ 79.68313, 11.9465 ], [ 79.70155, 11.95218 ], [ 79.6948, 11.97511 ], [ 79.64234, 11.97581 ], [ 79.64701, 11.99332 ], [ 79.65237, 11.9983 ], [ 79.65931, 11.99689 ], [ 79.66891, 12.00729 ], [ 79.69156, 12.01744 ], [ 79.69076, 11.99628 ], [ 79.70585, 11.97737 ], [ 79.71696, 11.97544 ], [ 79.72494, 11.9779 ], [ 79.72886, 11.98602 ], [ 79.75244, 11.97613 ], [ 79.74513, 11.97085 ], [ 79.72692, 11.96249 ], [ 79.7179, 11.96887 ], [ 79.71571, 11.96745 ], [ 79.71449, 11.95525 ], [ 79.73361, 11.94721 ], [ 79.74054, 11.90716 ], [ 79.74751, 11.91516 ], [ 79.74784, 11.9289 ], [ 79.76421, 11.93459 ], [ 79.76938, 11.94145 ], [ 79.77272, 11.94679 ], [ 79.77576, 11.94601 ], [ 79.79031, 11.94255 ], [ 79.79243, 11.95705 ], [ 79.79791, 11.96352 ], [ 79.80459, 11.96314 ], [ 79.80811, 11.94651 ], [ 79.8254, 11.94015 ], [ 79.83764, 11.94055 ] ] ] ] } },
{ "type": "Feature", "properties": { "source": "https://simplemaps.com", "id": "INPB", "name": "Punjab" }, "geometry": { "type": "MultiPolygon", "coordinates": [ [ [ [ 76.82819, 30.76379 ], [ 76.79314, 30.76652 ], [ 76.80345, 30.7776 ], [ 76.80217, 30.78183 ], [ 76.79613, 30.78577 ], [ 76.78094, 30.77387 ], [ 76.77267, 30.78308 ], [ 76.77629, 30.78404 ], [ 76.7676, 30.79512 ], [ 76.75092, 30.79685 ], [ 76.74575, 30.79464 ], [ 76.73999, 30.79108 ], [ 76.73822, 30.78985 ], [ 76.73515, 30.783 ], [ 76.72924, 30.77625 ], [ 76.71832, 30.76909 ], [ 76.69063, 30.76008 ], [ 76.69293, 30.75739 ], [ 76.70992, 30.73548 ], [ 76.71534, 30.71498 ], [ 76.7152, 30.7133 ], [ 76.72691, 30.70755 ], [ 76.72459, 30.70379 ], [ 76.73289, 30.69716 ], [ 76.73848, 30.68915 ], [ 76.74503, 30.69046 ], [ 76.79437, 30.66932 ], [ 76.80592, 30.68026 ], [ 76.81051, 30.68495 ], [ 76.81981, 30.68583 ], [ 76.81882, 30.66059 ], [ 76.86311, 30.67151 ], [ 76.85858, 30.64063 ], [ 76.87267, 30.64002 ], [ 76.8996, 30.62003 ], [ 76.91343, 30.5997 ], [ 76.89889, 30.56672 ], [ 76.90224, 30.55104 ], [ 76.88504, 30.54042 ], [ 76.92007, 30.52469 ], [ 76.91237, 30.49366 ], [ 76.89386, 30.48964 ], [ 76.89519, 30.45557 ], [ 76.88993, 30.43669 ], [ 76.90168, 30.42833 ], [ 76.90926, 30.40327 ], [ 76.9273, 30.38864 ], [ 76.89777, 30.3626 ], [ 76.87644, 30.36334 ], [ 76.88043, 30.38299 ], [ 76.86473, 30.40879 ], [ 76.84727, 30.4149 ], [ 76.83246, 30.43388 ], [ 76.80846, 30.41186 ], [ 76.78069, 30.41502 ], [ 76.74887, 30.42663 ], [ 76.72517, 30.42042 ], [ 76.72655, 30.405 ], [ 76.70015, 30.39361 ], [ 76.73853, 30.35965 ], [ 76.69768, 30.32486 ], [ 76.67088, 30.31917 ], [ 76.65128, 30.29934 ], [ 76.61438, 30.27527 ], [ 76.58094, 30.26987 ], [ 76.54582, 30.25863 ], [ 76.54767, 30.23444 ], [ 76.57589, 30.25586 ], [ 76.59032, 30.25412 ], [ 76.61187, 30.22563 ], [ 76.60428, 30.21517 ], [ 76.63892, 30.20594 ], [ 76.63925, 30.18521 ], [ 76.62274, 30.1703 ], [ 76.6294, 30.13477 ], [ 76.61948, 30.09536 ], [ 76.58953, 30.0793 ], [ 76.55487, 30.09876 ], [ 76.53364, 30.08278 ], [ 76.50112, 30.07663 ], [ 76.49083, 30.09715 ], [ 76.45209, 30.10071 ], [ 76.44448, 30.12288 ], [ 76.42604, 30.14756 ], [ 76.42858, 30.17979 ], [ 76.42001, 30.19788 ], [ 76.39884, 30.199 ], [ 76.381, 30.18324 ], [ 76.40164, 30.15773 ], [ 76.38457, 30.14581 ], [ 76.39001, 30.12754 ], [ 76.34892, 30.12766 ], [ 76.32838, 30.10951 ], [ 76.29308, 30.11863 ], [ 76.27985, 30.11365 ], [ 76.25116, 30.119 ], [ 76.21053, 30.15608 ], [ 76.20471, 30.12786 ], [ 76.23083, 30.10852 ], [ 76.25378, 30.10603 ], [ 76.22992, 30.08057 ], [ 76.19891, 30.03483 ], [ 76.18938, 30.00419 ], [ 76.20387, 29.94412 ], [ 76.17891, 29.94627 ], [ 76.16629, 29.92866 ], [ 76.18199, 29.92324 ], [ 76.18271, 29.89388 ], [ 76.1974, 29.88402 ], [ 76.2253, 29.88506 ], [ 76.24201, 29.86903 ], [ 76.22852, 29.85453 ], [ 76.19418, 29.84497 ], [ 76.16666, 29.81832 ], [ 76.13927, 29.81676 ], [ 76.11639, 29.7964 ], [ 76.09438, 29.81156 ], [ 76.07767, 29.80577 ], [ 76.07434, 29.78124 ], [ 76.05843, 29.77315 ], [ 76.04148, 29.74878 ], [ 76.02425, 29.7556 ], [ 76.00383, 29.75093 ], [ 75.97255, 29.73237 ], [ 75.93401, 29.73253 ], [ 75.91395, 29.73877 ], [ 75.89723, 29.75553 ], [ 75.87928, 29.74707 ], [ 75.86378, 29.75233 ], [ 75.84363, 29.77596 ], [ 75.81998, 29.81538 ], [ 75.79605, 29.80712 ], [ 75.77162, 29.82539 ], [ 75.7484, 29.81212 ], [ 75.70593, 29.80862 ], [ 75.69745, 29.75521 ], [ 75.67831, 29.75706 ], [ 75.66617, 29.7727 ], [ 75.62536, 29.77323 ], [ 75.62262, 29.75362 ], [ 75.56309, 29.74424 ], [ 75.5564, 29.76583 ], [ 75.50633, 29.77407 ], [ 75.44427, 29.80785 ], [ 75.44379, 29.78618 ], [ 75.39723, 29.76102 ], [ 75.38372, 29.73401 ], [ 75.37878, 29.7113 ], [ 75.36195, 29.71289 ], [ 75.33385, 29.68805 ], [ 75.34604, 29.67142 ], [ 75.31773, 29.6707 ], [ 75.30753, 29.63256 ], [ 75.28786, 29.61977 ], [ 75.28035, 29.60325 ], [ 75.30451, 29.58848 ], [ 75.29065, 29.56176 ], [ 75.23807, 29.55154 ], [ 75.21119, 29.5824 ], [ 75.22124, 29.60655 ], [ 75.19937, 29.62269 ], [ 75.17334, 29.63008 ], [ 75.1733, 29.64948 ], [ 75.15892, 29.66936 ], [ 75.18889, 29.68083 ], [ 75.19767, 29.69647 ], [ 75.18725, 29.71192 ], [ 75.1981, 29.7308 ], [ 75.22137, 29.73307 ], [ 75.23098, 29.75207 ], [ 75.21239, 29.78652 ], [ 75.19796, 29.79622 ], [ 75.20091, 29.83 ], [ 75.18234, 29.8387 ], [ 75.15543, 29.81981 ], [ 75.14951, 29.79164 ], [ 75.13142, 29.78486 ], [ 75.12492, 29.80562 ], [ 75.10229, 29.80255 ], [ 75.09334, 29.81931 ], [ 75.10409, 29.83801 ], [ 75.08575, 29.84481 ], [ 75.08469, 29.85859 ], [ 75.10059, 29.86789 ], [ 75.10268, 29.89702 ], [ 75.07774, 29.91231 ], [ 75.06548, 29.87904 ], [ 75.0375, 29.88178 ], [ 75.01413, 29.86463 ], [ 74.98993, 29.85646 ], [ 74.96947, 29.88067 ], [ 74.96989, 29.88992 ], [ 74.94318, 29.90254 ], [ 74.92409, 29.94153 ], [ 74.87196, 29.95913 ], [ 74.84963, 29.95913 ], [ 74.82139, 29.97305 ], [ 74.80118, 29.99257 ], [ 74.77599, 29.9744 ], [ 74.73724, 29.96905 ], [ 74.72401, 29.96186 ], [ 74.6955, 29.97153 ], [ 74.68096, 29.94919 ], [ 74.63986, 29.92249 ], [ 74.63963, 29.90395 ], [ 74.5858, 29.91476 ], [ 74.57295, 29.92589 ], [ 74.51907, 29.94335 ], [ 74.46661, 29.94468 ], [ 74.42807, 29.94954 ], [ 74.40379, 29.94734 ], [ 74.28997, 29.95626 ], [ 74.25191, 29.95526 ], [ 74.0692, 29.96887 ], [ 73.89118, 29.97007 ], [ 73.88113, 29.99628 ], [ 73.89841, 30.05365 ], [ 73.91821, 30.06815 ], [ 73.96247, 30.1275 ], [ 73.96082, 30.14323 ], [ 73.96632, 30.19505 ], [ 73.95785, 30.26169 ], [ 73.93433, 30.30302 ], [ 73.89728, 30.349 ], [ 73.87556, 30.36079 ], [ 73.87321, 30.38344 ], [ 73.90342, 30.4168 ], [ 73.92786, 30.42091 ], [ 73.93663, 30.44298 ], [ 73.93227, 30.45843 ], [ 73.96268, 30.45761 ], [ 73.97273, 30.48813 ], [ 73.98852, 30.50456 ], [ 74.04024, 30.53769 ], [ 74.0557, 30.52201 ], [ 74.07761, 30.52936 ], [ 74.0844, 30.54504 ], [ 74.0679, 30.55487 ], [ 74.09121, 30.57285 ], [ 74.09205, 30.59813 ], [ 74.1236, 30.62902 ], [ 74.15093, 30.63262 ], [ 74.19684, 30.67178 ], [ 74.23215, 30.71962 ], [ 74.25401, 30.72305 ], [ 74.2737, 30.74325 ], [ 74.265, 30.77278 ], [ 74.29113, 30.77841 ], [ 74.28603, 30.79667 ], [ 74.3076, 30.82114 ], [ 74.31615, 30.84758 ], [ 74.3314, 30.85239 ], [ 74.36301, 30.84581 ], [ 74.37199, 30.85294 ], [ 74.36221, 30.87242 ], [ 74.36552, 30.88541 ], [ 74.39503, 30.90354 ], [ 74.4192, 30.9117 ], [ 74.4207, 30.92588 ], [ 74.47059, 30.96599 ], [ 74.49661, 30.96718 ], [ 74.50445, 30.97785 ], [ 74.53851, 30.99735 ], [ 74.5318, 31.00929 ], [ 74.538, 31.03167 ], [ 74.54967, 31.04322 ], [ 74.55344, 31.0626 ], [ 74.5717, 31.06744 ], [ 74.60018, 31.04355 ], [ 74.65601, 31.05451 ], [ 74.6832, 31.07218 ], [ 74.69443, 31.09544 ], [ 74.67913, 31.12903 ], [ 74.62632, 31.13569 ], [ 74.59215, 31.12725 ], [ 74.60032, 31.1115 ], [ 74.58803, 31.0932 ], [ 74.56582, 31.08434 ], [ 74.5464, 31.08857 ], [ 74.54449, 31.11696 ], [ 74.50616, 31.1358 ], [ 74.50129, 31.17992 ], [ 74.51452, 31.20938 ], [ 74.5108, 31.22293 ], [ 74.5222, 31.24754 ], [ 74.51112, 31.27233 ], [ 74.53024, 31.29868 ], [ 74.55187, 31.29845 ], [ 74.59457, 31.39709 ], [ 74.62534, 31.42362 ], [ 74.64207, 31.46155 ], [ 74.59511, 31.50023 ], [ 74.57964, 31.49567 ], [ 74.57298, 31.51956 ], [ 74.59898, 31.52754 ], [ 74.60523, 31.541 ], [ 74.60091, 31.56784 ], [ 74.5785, 31.62341 ], [ 74.53023, 31.69809 ], [ 74.51728, 31.72291 ], [ 74.51804, 31.7452 ], [ 74.55204, 31.7575 ], [ 74.54403, 31.77643 ], [ 74.56023, 31.81528 ], [ 74.55638, 31.82882 ], [ 74.59599, 31.86479 ], [ 74.59803, 31.88351 ], [ 74.62262, 31.88135 ], [ 74.65199, 31.90986 ], [ 74.67615, 31.92164 ], [ 74.70326, 31.9249 ], [ 74.7092, 31.95795 ], [ 74.73592, 31.93739 ], [ 74.80138, 31.96179 ], [ 74.81988, 31.97649 ], [ 74.81774, 31.99385 ], [ 74.84417, 32.00831 ], [ 74.86751, 32.03115 ], [ 74.86225, 32.04511 ], [ 74.89972, 32.05031 ], [ 74.90686, 32.06251 ], [ 74.92593, 32.06565 ], [ 74.96032, 32.05503 ], [ 74.99841, 32.02867 ], [ 75.02303, 32.03905 ], [ 75.05085, 32.04131 ], [ 75.06902, 32.05846 ], [ 75.08583, 32.06289 ], [ 75.12001, 32.08317 ], [ 75.15192, 32.08046 ], [ 75.15836, 32.06846 ], [ 75.18514, 32.08375 ], [ 75.19321, 32.11464 ], [ 75.21204, 32.11914 ], [ 75.23917, 32.08715 ], [ 75.27197, 32.11275 ], [ 75.28326, 32.14217 ], [ 75.3094, 32.15461 ], [ 75.32285, 32.20132 ], [ 75.31774, 32.21813 ], [ 75.34624, 32.21804 ], [ 75.3637, 32.23828 ], [ 75.35864, 32.2586 ], [ 75.367, 32.26875 ], [ 75.33992, 32.28857 ], [ 75.33667, 32.32259 ], [ 75.32233, 32.33733 ], [ 75.3244, 32.34166 ], [ 75.32478, 32.34215 ], [ 75.33872, 32.34215 ], [ 75.34401, 32.34021 ], [ 75.34527, 32.33916 ], [ 75.37853, 32.3288 ], [ 75.41499, 32.32427 ], [ 75.42229, 32.32528 ], [ 75.42993, 32.32396 ], [ 75.47085, 32.33305 ], [ 75.47205, 32.33368 ], [ 75.46776, 32.31756 ], [ 75.49023, 32.31021 ], [ 75.49002, 32.28798 ], [ 75.5045, 32.27953 ], [ 75.5056, 32.28134 ], [ 75.50713, 32.28384 ], [ 75.50886, 32.27848 ], [ 75.52055, 32.28151 ], [ 75.53224, 32.2997 ], [ 75.54393, 32.34821 ], [ 75.58194, 32.37247 ], [ 75.60825, 32.38157 ], [ 75.66379, 32.38763 ], [ 75.70179, 32.39976 ], [ 75.7281, 32.41795 ], [ 75.76025, 32.4695 ], [ 75.79533, 32.47556 ], [ 75.82164, 32.48769 ], [ 75.8421, 32.50891 ], [ 75.85379, 32.5362 ], [ 75.86175, 32.54583 ], [ 75.85637, 32.53769 ], [ 75.85139, 32.52131 ], [ 75.85528, 32.49958 ], [ 75.9155, 32.4487 ], [ 75.93463, 32.42476 ], [ 75.92593, 32.41178 ], [ 75.87193, 32.39845 ], [ 75.84388, 32.37931 ], [ 75.76337, 32.30215 ], [ 75.75468, 32.28608 ], [ 75.7364, 32.27376 ], [ 75.67584, 32.26402 ], [ 75.65244, 32.25544 ], [ 75.62254, 32.23468 ], [ 75.62022, 32.18517 ], [ 75.65616, 32.17662 ], [ 75.65548, 32.14606 ], [ 75.61056, 32.09961 ], [ 75.57876, 32.08168 ], [ 75.59853, 32.06601 ], [ 75.64936, 32.07717 ], [ 75.69228, 32.05945 ], [ 75.71049, 32.03602 ], [ 75.73398, 32.03733 ], [ 75.7743, 32.00079 ], [ 75.79512, 31.98858 ], [ 75.83637, 31.98165 ], [ 75.86617, 31.96882 ], [ 75.89455, 31.9498 ], [ 75.94973, 31.8481 ], [ 75.9529, 31.82396 ], [ 75.92183, 31.81718 ], [ 75.93645, 31.78435 ], [ 75.94506, 31.78128 ], [ 75.97737, 31.705 ], [ 76.00473, 31.66303 ], [ 76.00275, 31.64657 ], [ 76.02319, 31.61547 ], [ 76.04403, 31.60303 ], [ 76.04316, 31.59197 ], [ 76.084, 31.53718 ], [ 76.10816, 31.49511 ], [ 76.12824, 31.44376 ], [ 76.14346, 31.43229 ], [ 76.15675, 31.40451 ], [ 76.13409, 31.38264 ], [ 76.13961, 31.35312 ], [ 76.16632, 31.34146 ], [ 76.17283, 31.30674 ], [ 76.2064, 31.30526 ], [ 76.22319, 31.31306 ], [ 76.25562, 31.31495 ], [ 76.26117, 31.30583 ], [ 76.29039, 31.31563 ], [ 76.30227, 31.32636 ], [ 76.29597, 31.34223 ], [ 76.33008, 31.34528 ], [ 76.32958, 31.37952 ], [ 76.31584, 31.40238 ], [ 76.34689, 31.40571 ], [ 76.35915, 31.41563 ], [ 76.36314, 31.44135 ], [ 76.3904, 31.39733 ], [ 76.39105, 31.37863 ], [ 76.42802, 31.32518 ], [ 76.44827, 31.30599 ], [ 76.46671, 31.31021 ], [ 76.48859, 31.2734 ], [ 76.51091, 31.28262 ], [ 76.54592, 31.25588 ], [ 76.5705, 31.28015 ], [ 76.60162, 31.25091 ], [ 76.57597, 31.22579 ], [ 76.58677, 31.21606 ], [ 76.61626, 31.22944 ], [ 76.63542, 31.21298 ], [ 76.61221, 31.20264 ], [ 76.59039, 31.18286 ], [ 76.59007, 31.15727 ], [ 76.59875, 31.15117 ], [ 76.58932, 31.1277 ], [ 76.62573, 31.11024 ], [ 76.6049, 31.07838 ], [ 76.59897, 31.05355 ], [ 76.6136, 31.02199 ], [ 76.61007, 31.00423 ], [ 76.65306, 30.98181 ], [ 76.66819, 30.96988 ], [ 76.69424, 30.97249 ], [ 76.7126, 30.96342 ], [ 76.72602, 30.93933 ], [ 76.74863, 30.92916 ], [ 76.76986, 30.90639 ], [ 76.76254, 30.89341 ], [ 76.76904, 30.87653 ], [ 76.80122, 30.84252 ], [ 76.82775, 30.83257 ], [ 76.83351, 30.80457 ], [ 76.84679, 30.79252 ], [ 76.82819, 30.76379 ] ] ] ] } },
{ "type": "Feature", "properties": { "source": "https://simplemaps.com", "id": "INRJ", "name": "Rajasthan" }, "geometry": { "type": "MultiPolygon", "coordinates": [ [ [ [ 74.32278, 23.06269 ], [ 74.31017, 23.07954 ], [ 74.28254, 23.09501 ], [ 74.28815, 23.11873 ], [ 74.27183, 23.15601 ], [ 74.24978, 23.17843 ], [ 74.20754, 23.19205 ], [ 74.18954, 23.17184 ], [ 74.18299, 23.15222 ], [ 74.15517, 23.15775 ], [ 74.14569, 23.17523 ], [ 74.12702, 23.17885 ], [ 74.1247, 23.20657 ], [ 74.13948, 23.22682 ], [ 74.13611, 23.26472 ], [ 74.11388, 23.27735 ], [ 74.10658, 23.29412 ], [ 74.08974, 23.29799 ], [ 74.04874, 23.29506 ], [ 74.03007, 23.31994 ], [ 74.03266, 23.33235 ], [ 73.99078, 23.33763 ], [ 73.98349, 23.35984 ], [ 73.96247, 23.38139 ], [ 73.9473, 23.37352 ], [ 73.9389, 23.34142 ], [ 73.89427, 23.33714 ], [ 73.89493, 23.35258 ], [ 73.87944, 23.36811 ], [ 73.86676, 23.39577 ], [ 73.82689, 23.44684 ], [ 73.78307, 23.43461 ], [ 73.76472, 23.45858 ], [ 73.73399, 23.42489 ], [ 73.71722, 23.41884 ], [ 73.70422, 23.45578 ], [ 73.66871, 23.45193 ], [ 73.65321, 23.44049 ], [ 73.63275, 23.45239 ], [ 73.64382, 23.49678 ], [ 73.65845, 23.51415 ], [ 73.637, 23.53113 ], [ 73.63826, 23.56255 ], [ 73.64979, 23.57534 ], [ 73.64999, 23.60769 ], [ 73.66074, 23.6229 ], [ 73.64226, 23.63127 ], [ 73.61902, 23.65142 ], [ 73.57075, 23.65351 ], [ 73.55298, 23.63135 ], [ 73.52673, 23.61062 ], [ 73.51349, 23.61681 ], [ 73.50137, 23.63544 ], [ 73.51035, 23.69698 ], [ 73.50192, 23.70665 ], [ 73.47927, 23.70897 ], [ 73.47289, 23.72578 ], [ 73.45493, 23.73972 ], [ 73.45082, 23.75259 ], [ 73.43219, 23.76208 ], [ 73.42049, 23.77933 ], [ 73.40001, 23.78398 ], [ 73.3759, 23.76667 ], [ 73.36113, 23.79165 ], [ 73.37267, 23.82192 ], [ 73.35985, 23.85463 ], [ 73.3865, 23.90577 ], [ 73.39611, 23.91679 ], [ 73.42012, 23.9234 ], [ 73.42146, 23.97467 ], [ 73.41061, 23.99833 ], [ 73.41376, 24.05107 ], [ 73.39659, 24.07253 ], [ 73.36963, 24.08798 ], [ 73.36962, 24.11249 ], [ 73.33518, 24.11511 ], [ 73.33452, 24.08257 ], [ 73.32656, 24.0625 ], [ 73.30682, 24.05145 ], [ 73.29103, 24.0274 ], [ 73.27531, 24.02802 ], [ 73.25254, 24.01112 ], [ 73.20064, 24.04524 ], [ 73.22382, 24.09822 ], [ 73.2, 24.10839 ], [ 73.17173, 24.11132 ], [ 73.14716, 24.12255 ], [ 73.1234, 24.1403 ], [ 73.11651, 24.15286 ], [ 73.08269, 24.18498 ], [ 73.09173, 24.22088 ], [ 73.11607, 24.26259 ], [ 73.13895, 24.28005 ], [ 73.14496, 24.30786 ], [ 73.1733, 24.30105 ], [ 73.1848, 24.30911 ], [ 73.18701, 24.33495 ], [ 73.21106, 24.33423 ], [ 73.23148, 24.36466 ], [ 73.21098, 24.37542 ], [ 73.18018, 24.35067 ], [ 73.162, 24.35268 ], [ 73.12739, 24.36883 ], [ 73.1112, 24.3868 ], [ 73.08496, 24.39447 ], [ 73.10625, 24.42032 ], [ 73.10719, 24.45682 ], [ 73.09438, 24.49473 ], [ 73.05104, 24.46526 ], [ 73.02185, 24.46511 ], [ 73.01279, 24.4824 ], [ 72.981, 24.45105 ], [ 72.99062, 24.42089 ], [ 72.96419, 24.39222 ], [ 72.98748, 24.37511 ], [ 72.97749, 24.35884 ], [ 72.92391, 24.32632 ], [ 72.90056, 24.35145 ], [ 72.86812, 24.36581 ], [ 72.82925, 24.36499 ], [ 72.81535, 24.35819 ], [ 72.73254, 24.36127 ], [ 72.70664, 24.39133 ], [ 72.69347, 24.41928 ], [ 72.69302, 24.46016 ], [ 72.65864, 24.45643 ], [ 72.5885, 24.4725 ], [ 72.57423, 24.48814 ], [ 72.54214, 24.50487 ], [ 72.50056, 24.45029 ], [ 72.51, 24.41834 ], [ 72.48744, 24.40542 ], [ 72.46468, 24.40712 ], [ 72.45624, 24.43813 ], [ 72.43668, 24.46051 ], [ 72.44815, 24.49332 ], [ 72.44249, 24.50425 ], [ 72.42111, 24.50807 ], [ 72.38632, 24.50051 ], [ 72.35793, 24.55251 ], [ 72.33363, 24.55584 ], [ 72.33241, 24.54244 ], [ 72.29512, 24.53844 ], [ 72.29004, 24.55828 ], [ 72.27168, 24.55016 ], [ 72.251, 24.58016 ], [ 72.27671, 24.59918 ], [ 72.30033, 24.60015 ], [ 72.31403, 24.58539 ], [ 72.34222, 24.59352 ], [ 72.35378, 24.6181 ], [ 72.3402, 24.62299 ], [ 72.31506, 24.60887 ], [ 72.27475, 24.62223 ], [ 72.24893, 24.62078 ], [ 72.22999, 24.63288 ], [ 72.21638, 24.62021 ], [ 72.1859, 24.60943 ], [ 72.16167, 24.61581 ], [ 72.15073, 24.6341 ], [ 72.11655, 24.63337 ], [ 72.0849, 24.65275 ], [ 72.09232, 24.67476 ], [ 72.08525, 24.69701 ], [ 72.05249, 24.70579 ], [ 72.04087, 24.69547 ], [ 71.99408, 24.67755 ], [ 71.99339, 24.65671 ], [ 71.96741, 24.63794 ], [ 71.93451, 24.62685 ], [ 71.91879, 24.6462 ], [ 71.92593, 24.66208 ], [ 71.9121, 24.6696 ], [ 71.8938, 24.66575 ], [ 71.8711, 24.67222 ], [ 71.86256, 24.64948 ], [ 71.86868, 24.62348 ], [ 71.84657, 24.61486 ], [ 71.81177, 24.62182 ], [ 71.81738, 24.64588 ], [ 71.81293, 24.66088 ], [ 71.78451, 24.66886 ], [ 71.74577, 24.65428 ], [ 71.71632, 24.65433 ], [ 71.66156, 24.63326 ], [ 71.64494, 24.65254 ], [ 71.61659, 24.67068 ], [ 71.59783, 24.66385 ], [ 71.5831, 24.67653 ], [ 71.55142, 24.67063 ], [ 71.53697, 24.67892 ], [ 71.48832, 24.67385 ], [ 71.47424, 24.6632 ], [ 71.45147, 24.65884 ], [ 71.42231, 24.6381 ], [ 71.38074, 24.62138 ], [ 71.36765, 24.62726 ], [ 71.35671, 24.65405 ], [ 71.32649, 24.64293 ], [ 71.29774, 24.60764 ], [ 71.26096, 24.62053 ], [ 71.24155, 24.62661 ], [ 71.20733, 24.63955 ], [ 71.17165, 24.64886 ], [ 71.11928, 24.66865 ], [ 71.10714, 24.68065 ], [ 71.07285, 24.712 ], [ 71.03531, 24.79877 ], [ 71.004, 24.85289 ], [ 70.97865, 24.88972 ], [ 70.95625, 24.91441 ], [ 70.94549, 24.93454 ], [ 70.92561, 24.99471 ], [ 70.91373, 25.04552 ], [ 70.89431, 25.14406 ], [ 70.85597, 25.18219 ], [ 70.80935, 25.22376 ], [ 70.75906, 25.27496 ], [ 70.74426, 25.32096 ], [ 70.72315, 25.34515 ], [ 70.67417, 25.38932 ], [ 70.67974, 25.41651 ], [ 70.67957, 25.44745 ], [ 70.68774, 25.51823 ], [ 70.67622, 25.52387 ], [ 70.67728, 25.58869 ], [ 70.68114, 25.66076 ], [ 70.66596, 25.69723 ], [ 70.64687, 25.70654 ], [ 70.60171, 25.70325 ], [ 70.5658, 25.68639 ], [ 70.53278, 25.67619 ], [ 70.4903, 25.67596 ], [ 70.42534, 25.66957 ], [ 70.39966, 25.6638 ], [ 70.37521, 25.66846 ], [ 70.28526, 25.69893 ], [ 70.27232, 25.70873 ], [ 70.26079, 25.74231 ], [ 70.24451, 25.76627 ], [ 70.20322, 25.80524 ], [ 70.17796, 25.8195 ], [ 70.16537, 25.84423 ], [ 70.10668, 25.92421 ], [ 70.0913, 25.96516 ], [ 70.09098, 25.99682 ], [ 70.08045, 26.05824 ], [ 70.09428, 26.09736 ], [ 70.1452, 26.16615 ], [ 70.15942, 26.19449 ], [ 70.17267, 26.24508 ], [ 70.16525, 26.27715 ], [ 70.16674, 26.307 ], [ 70.17831, 26.34977 ], [ 70.17599, 26.4333 ], [ 70.1839, 26.48683 ], [ 70.16774, 26.55074 ], [ 70.15022, 26.56829 ], [ 70.10688, 26.58952 ], [ 70.06619, 26.59929 ], [ 70.02485, 26.59871 ], [ 69.91834, 26.5826 ], [ 69.85555, 26.58292 ], [ 69.81536, 26.59216 ], [ 69.77194, 26.61375 ], [ 69.72187, 26.65384 ], [ 69.52242, 26.73601 ], [ 69.50765, 26.74845 ], [ 69.48373, 26.80623 ], [ 69.50094, 26.90033 ], [ 69.50359, 26.94329 ], [ 69.51321, 27.01687 ], [ 69.53726, 27.06927 ], [ 69.56519, 27.13848 ], [ 69.58666, 27.17798 ], [ 69.66595, 27.25144 ], [ 69.81255, 27.35961 ], [ 69.86197, 27.40278 ], [ 69.90762, 27.45958 ], [ 69.93625, 27.50211 ], [ 70.01627, 27.556 ], [ 70.02457, 27.56969 ], [ 70.10781, 27.76687 ], [ 70.15695, 27.83405 ], [ 70.2076, 27.88538 ], [ 70.28133, 27.93042 ], [ 70.30291, 27.94617 ], [ 70.33646, 27.98311 ], [ 70.36617, 28.00825 ], [ 70.43236, 28.02155 ], [ 70.47909, 28.03374 ], [ 70.53033, 28.03249 ], [ 70.56263, 28.0198 ], [ 70.6607, 27.9305 ], [ 70.6721, 27.91432 ], [ 70.67284, 27.86979 ], [ 70.67841, 27.83905 ], [ 70.73795, 27.74217 ], [ 70.75767, 27.71721 ], [ 70.81899, 27.70427 ], [ 70.88417, 27.6984 ], [ 70.90686, 27.70064 ], [ 71.03399, 27.75726 ], [ 71.20866, 27.82435 ], [ 71.27296, 27.84193 ], [ 71.40973, 27.86579 ], [ 71.5308, 27.8653 ], [ 71.58658, 27.8703 ], [ 71.65829, 27.86893 ], [ 71.69804, 27.88256 ], [ 71.76561, 27.90994 ], [ 71.85851, 27.9414 ], [ 71.89738, 27.95742 ], [ 71.91195, 28.02615 ], [ 71.91236, 28.04807 ], [ 71.93057, 28.12195 ], [ 71.96604, 28.16526 ], [ 71.99588, 28.20696 ], [ 72.01911, 28.22663 ], [ 72.12613, 28.3035 ], [ 72.15613, 28.33688 ], [ 72.18443, 28.35801 ], [ 72.20885, 28.39998 ], [ 72.30196, 28.66482 ], [ 72.32629, 28.69889 ], [ 72.3847, 28.76394 ], [ 72.40273, 28.77788 ], [ 72.44657, 28.79316 ], [ 72.51985, 28.82861 ], [ 72.58793, 28.86601 ], [ 72.65065, 28.90335 ], [ 72.74144, 28.9483 ], [ 72.92821, 29.01994 ], [ 72.94376, 29.02991 ], [ 73.00003, 29.14737 ], [ 73.07846, 29.2334 ], [ 73.13702, 29.32931 ], [ 73.19129, 29.42857 ], [ 73.22164, 29.47943 ], [ 73.27132, 29.55696 ], [ 73.29761, 29.63355 ], [ 73.31203, 29.68622 ], [ 73.34031, 29.76885 ], [ 73.3587, 29.83614 ], [ 73.36582, 29.85284 ], [ 73.3854, 29.92602 ], [ 73.39137, 29.93787 ], [ 73.4128, 29.9492 ], [ 73.61118, 30.02241 ], [ 73.6534, 30.0312 ], [ 73.70916, 30.04712 ], [ 73.75398, 30.05654 ], [ 73.79408, 30.06966 ], [ 73.83771, 30.1087 ], [ 73.92347, 30.1679 ], [ 73.96632, 30.19505 ], [ 73.96082, 30.14323 ], [ 73.96247, 30.1275 ], [ 73.91821, 30.06815 ], [ 73.89841, 30.05365 ], [ 73.88113, 29.99628 ], [ 73.89118, 29.97007 ], [ 74.0692, 29.96887 ], [ 74.25191, 29.95526 ], [ 74.28997, 29.95626 ], [ 74.40379, 29.94734 ], [ 74.42807, 29.94954 ], [ 74.46661, 29.94468 ], [ 74.51907, 29.94335 ], [ 74.50503, 29.90776 ], [ 74.53369, 29.90262 ], [ 74.55357, 29.86564 ], [ 74.53253, 29.83928 ], [ 74.49167, 29.82651 ], [ 74.47057, 29.802 ], [ 74.46526, 29.78755 ], [ 74.472, 29.74403 ], [ 74.52583, 29.74137 ], [ 74.53779, 29.75386 ], [ 74.5714, 29.75325 ], [ 74.59254, 29.76672 ], [ 74.6054, 29.75288 ], [ 74.60348, 29.72143 ], [ 74.57852, 29.65475 ], [ 74.58604, 29.63526 ], [ 74.57536, 29.62732 ], [ 74.57028, 29.58592 ], [ 74.57175, 29.55558 ], [ 74.61143, 29.5315 ], [ 74.61169, 29.52001 ], [ 74.59266, 29.49212 ], [ 74.57891, 29.45862 ], [ 74.53463, 29.46503 ], [ 74.5313, 29.42498 ], [ 74.55217, 29.4224 ], [ 74.57003, 29.40616 ], [ 74.5729, 29.38645 ], [ 74.60004, 29.35433 ], [ 74.59578, 29.32831 ], [ 74.64182, 29.3312 ], [ 74.65018, 29.37237 ], [ 74.68868, 29.36516 ], [ 74.71124, 29.36891 ], [ 74.7317, 29.35379 ], [ 74.77592, 29.36015 ], [ 74.80955, 29.39848 ], [ 74.84952, 29.40279 ], [ 74.87058, 29.38511 ], [ 74.88848, 29.38667 ], [ 74.92715, 29.36464 ], [ 74.93592, 29.33795 ], [ 74.95057, 29.31851 ], [ 74.94011, 29.30482 ], [ 74.95311, 29.28194 ], [ 74.97691, 29.28112 ], [ 74.99104, 29.27175 ], [ 75.02386, 29.29153 ], [ 75.03992, 29.28715 ], [ 75.05094, 29.26371 ], [ 75.07808, 29.23245 ], [ 75.10818, 29.22677 ], [ 75.11375, 29.2429 ], [ 75.14748, 29.24585 ], [ 75.16402, 29.26438 ], [ 75.17999, 29.26862 ], [ 75.19531, 29.24422 ], [ 75.22346, 29.23495 ], [ 75.23523, 29.25194 ], [ 75.27173, 29.25437 ], [ 75.27672, 29.27345 ], [ 75.31927, 29.29344 ], [ 75.32537, 29.27831 ], [ 75.32318, 29.25175 ], [ 75.31493, 29.23596 ], [ 75.34531, 29.22616 ], [ 75.35017, 29.24738 ], [ 75.37955, 29.26393 ], [ 75.39571, 29.26194 ], [ 75.39937, 29.24027 ], [ 75.3873, 29.22904 ], [ 75.40065, 29.18891 ], [ 75.38857, 29.1707 ], [ 75.36896, 29.16996 ], [ 75.36115, 29.14262 ], [ 75.39621, 29.12844 ], [ 75.3807, 29.11072 ], [ 75.38065, 29.07032 ], [ 75.43026, 29.06472 ], [ 75.44056, 29.04152 ], [ 75.43474, 29.01654 ], [ 75.47343, 29.0202 ], [ 75.5111, 29.01083 ], [ 75.51652, 28.97539 ], [ 75.50294, 28.96148 ], [ 75.49757, 28.94149 ], [ 75.46889, 28.93799 ], [ 75.46708, 28.92625 ], [ 75.48843, 28.89832 ], [ 75.48799, 28.85965 ], [ 75.51337, 28.83659 ], [ 75.49854, 28.78766 ], [ 75.51608, 28.77223 ], [ 75.53094, 28.73282 ], [ 75.53957, 28.64887 ], [ 75.54901, 28.64312 ], [ 75.55571, 28.61459 ], [ 75.577, 28.61667 ], [ 75.58495, 28.60638 ], [ 75.60934, 28.60588 ], [ 75.61905, 28.58873 ], [ 75.6291, 28.54597 ], [ 75.66549, 28.53328 ], [ 75.66393, 28.52086 ], [ 75.69008, 28.4991 ], [ 75.73655, 28.4872 ], [ 75.735, 28.47264 ], [ 75.77823, 28.45761 ], [ 75.78513, 28.43921 ], [ 75.76545, 28.42078 ], [ 75.77032, 28.40762 ], [ 75.78759, 28.40444 ], [ 75.80259, 28.41423 ], [ 75.82824, 28.40907 ], [ 75.83508, 28.3977 ], [ 75.87213, 28.39085 ], [ 75.92238, 28.36891 ], [ 75.92741, 28.3451 ], [ 75.95631, 28.33837 ], [ 75.98657, 28.29589 ], [ 76.01872, 28.28096 ], [ 76.0074, 28.25315 ], [ 76.01119, 28.24175 ], [ 76.05301, 28.22423 ], [ 76.04507, 28.20293 ], [ 76.06561, 28.19895 ], [ 76.07481, 28.17243 ], [ 76.09289, 28.15522 ], [ 76.0832, 28.14225 ], [ 76.06506, 28.14447 ], [ 76.06635, 28.16777 ], [ 76.02775, 28.17272 ], [ 75.99467, 28.1506 ], [ 75.99111, 28.12818 ], [ 75.97707, 28.1272 ], [ 75.9425, 28.10563 ], [ 75.93609, 28.09353 ], [ 75.95897, 28.08406 ], [ 75.97707, 28.08418 ], [ 76.00192, 28.06073 ], [ 76.01486, 28.08108 ], [ 76.03312, 28.06865 ], [ 76.01667, 28.05611 ], [ 76.01008, 28.03671 ], [ 75.97436, 28.03694 ], [ 75.97268, 28.01814 ], [ 75.9564, 28.00102 ], [ 75.95547, 27.98864 ], [ 75.98691, 27.98463 ], [ 75.96833, 27.96231 ], [ 75.96317, 27.93695 ], [ 75.94461, 27.94009 ], [ 75.92362, 27.93309 ], [ 75.92883, 27.91681 ], [ 75.95589, 27.91955 ], [ 75.97739, 27.90926 ], [ 75.97545, 27.86463 ], [ 76.00931, 27.86261 ], [ 76.04963, 27.84786 ], [ 76.06003, 27.85718 ], [ 76.08009, 27.85107 ], [ 76.08807, 27.86845 ], [ 76.12214, 27.8544 ], [ 76.12777, 27.8332 ], [ 76.17292, 27.80746 ], [ 76.20595, 27.84799 ], [ 76.19311, 27.86391 ], [ 76.19032, 27.88158 ], [ 76.19864, 27.89899 ], [ 76.16975, 27.90975 ], [ 76.17947, 27.97284 ], [ 76.15387, 27.99253 ], [ 76.17426, 28.02191 ], [ 76.20346, 28.03036 ], [ 76.17689, 28.04896 ], [ 76.17734, 28.05926 ], [ 76.23337, 28.05642 ], [ 76.2511, 28.07092 ], [ 76.27179, 28.06639 ], [ 76.29008, 28.04911 ], [ 76.29012, 28.0299 ], [ 76.3166, 28.02099 ], [ 76.3368, 28.02966 ], [ 76.35329, 28.06557 ], [ 76.33735, 28.07306 ], [ 76.30803, 28.11128 ], [ 76.33189, 28.10672 ], [ 76.35561, 28.12845 ], [ 76.32275, 28.14922 ], [ 76.27818, 28.16857 ], [ 76.27907, 28.17872 ], [ 76.30872, 28.18336 ], [ 76.33591, 28.17734 ], [ 76.35325, 28.16619 ], [ 76.35983, 28.14338 ], [ 76.37677, 28.13807 ], [ 76.39704, 28.14779 ], [ 76.42729, 28.14594 ], [ 76.43713, 28.15215 ], [ 76.47234, 28.1496 ], [ 76.48972, 28.13368 ], [ 76.4978, 28.10662 ], [ 76.45689, 28.11039 ], [ 76.44857, 28.09317 ], [ 76.46989, 28.08632 ], [ 76.49766, 28.06473 ], [ 76.48382, 28.05828 ], [ 76.45798, 28.06197 ], [ 76.45574, 28.04648 ], [ 76.49222, 28.0471 ], [ 76.51141, 28.03536 ], [ 76.53852, 28.03912 ], [ 76.53855, 28.0167 ], [ 76.53104, 27.97933 ], [ 76.54659, 27.97137 ], [ 76.59897, 28.00984 ], [ 76.63688, 28.01066 ], [ 76.66007, 28.01905 ], [ 76.65099, 28.04446 ], [ 76.64785, 28.09221 ], [ 76.68218, 28.09777 ], [ 76.70996, 28.13236 ], [ 76.73913, 28.12904 ], [ 76.75508, 28.14661 ], [ 76.79149, 28.15724 ], [ 76.79614, 28.17048 ], [ 76.79025, 28.19376 ], [ 76.8056, 28.20038 ], [ 76.83343, 28.22485 ], [ 76.86363, 28.22464 ], [ 76.86618, 28.21152 ], [ 76.89985, 28.20477 ], [ 76.88405, 28.19166 ], [ 76.94174, 28.1487 ], [ 76.96176, 28.14401 ], [ 76.94656, 28.07134 ], [ 76.93186, 28.04202 ], [ 76.91865, 27.99761 ], [ 76.92493, 27.97836 ], [ 76.9191, 27.92486 ], [ 76.93882, 27.91903 ], [ 76.93818, 27.89599 ], [ 76.92609, 27.89442 ], [ 76.92991, 27.85523 ], [ 76.92664, 27.83422 ], [ 76.90788, 27.83592 ], [ 76.90038, 27.82115 ], [ 76.9066, 27.80766 ], [ 76.89561, 27.78614 ], [ 76.88854, 27.71955 ], [ 76.91457, 27.70082 ], [ 76.89165, 27.67989 ], [ 76.90948, 27.6568 ], [ 76.9342, 27.6751 ], [ 76.9705, 27.65714 ], [ 76.9791, 27.70616 ], [ 76.99438, 27.74204 ], [ 77.03197, 27.74841 ], [ 77.05321, 27.72786 ], [ 77.07797, 27.73734 ], [ 77.0707, 27.75884 ], [ 77.0501, 27.76104 ], [ 77.02305, 27.78719 ], [ 77.03828, 27.82004 ], [ 77.07241, 27.80952 ], [ 77.10117, 27.78549 ], [ 77.14728, 27.78666 ], [ 77.14973, 27.81243 ], [ 77.17238, 27.81632 ], [ 77.18894, 27.79843 ], [ 77.22215, 27.79765 ], [ 77.23456, 27.78581 ], [ 77.27578, 27.80655 ], [ 77.30415, 27.78801 ], [ 77.30135, 27.75646 ], [ 77.31068, 27.73687 ], [ 77.29634, 27.72983 ], [ 77.30235, 27.71321 ], [ 77.33394, 27.70792 ], [ 77.34232, 27.65303 ], [ 77.31121, 27.61169 ], [ 77.32578, 27.59688 ], [ 77.35011, 27.5934 ], [ 77.3304, 27.57111 ], [ 77.33253, 27.53855 ], [ 77.34026, 27.52477 ], [ 77.37619, 27.5186 ], [ 77.39203, 27.50204 ], [ 77.39359, 27.48194 ], [ 77.4296, 27.46205 ], [ 77.41518, 27.42537 ], [ 77.43189, 27.39916 ], [ 77.46661, 27.38429 ], [ 77.49725, 27.38136 ], [ 77.54275, 27.34243 ], [ 77.57455, 27.32673 ], [ 77.59297, 27.33796 ], [ 77.61634, 27.33831 ], [ 77.6135, 27.31476 ], [ 77.59167, 27.30056 ], [ 77.60909, 27.28799 ], [ 77.60661, 27.27271 ], [ 77.6233, 27.26382 ], [ 77.6442, 27.23888 ], [ 77.64203, 27.21477 ], [ 77.673, 27.20036 ], [ 77.65462, 27.17558 ], [ 77.6308, 27.17021 ], [ 77.61481, 27.17479 ], [ 77.60654, 27.15414 ], [ 77.59239, 27.14012 ], [ 77.59727, 27.12905 ], [ 77.54445, 27.1156 ], [ 77.51823, 27.08809 ], [ 77.52654, 27.06651 ], [ 77.54632, 27.08073 ], [ 77.56568, 27.07801 ], [ 77.55894, 27.04879 ], [ 77.59882, 27.02883 ], [ 77.65703, 27.02273 ], [ 77.67077, 27.0489 ], [ 77.70358, 27.00031 ], [ 77.72231, 27.00034 ], [ 77.72216, 27.02614 ], [ 77.73554, 27.03374 ], [ 77.74529, 27.01336 ], [ 77.73634, 26.98822 ], [ 77.71459, 26.99166 ], [ 77.69192, 26.97899 ], [ 77.64227, 26.9673 ], [ 77.57975, 26.93087 ], [ 77.48247, 26.90378 ], [ 77.45518, 26.88956 ], [ 77.45052, 26.87501 ], [ 77.42247, 26.86702 ], [ 77.41749, 26.84279 ], [ 77.43922, 26.81915 ], [ 77.42859, 26.78579 ], [ 77.45095, 26.78067 ], [ 77.46432, 26.76955 ], [ 77.44831, 26.74675 ], [ 77.48036, 26.75388 ], [ 77.49335, 26.76699 ], [ 77.48099, 26.7878 ], [ 77.49798, 26.84795 ], [ 77.51367, 26.8451 ], [ 77.52069, 26.82201 ], [ 77.56477, 26.82456 ], [ 77.57211, 26.83196 ], [ 77.60854, 26.83451 ], [ 77.62488, 26.84675 ], [ 77.6573, 26.85641 ], [ 77.67167, 26.87407 ], [ 77.71584, 26.88133 ], [ 77.71084, 26.90302 ], [ 77.72392, 26.92295 ], [ 77.7487, 26.92691 ], [ 77.7651, 26.93799 ], [ 77.78886, 26.92228 ], [ 77.80526, 26.92852 ], [ 77.87147, 26.9055 ], [ 77.89011, 26.88946 ], [ 77.90957, 26.91427 ], [ 77.92884, 26.91284 ], [ 77.94197, 26.89979 ], [ 77.96296, 26.91257 ], [ 77.97514, 26.89753 ], [ 77.99189, 26.9109 ], [ 78.01406, 26.90839 ], [ 78.0354, 26.87456 ], [ 78.0443, 26.88453 ], [ 78.04224, 26.91542 ], [ 78.06054, 26.9159 ], [ 78.08682, 26.90201 ], [ 78.10276, 26.90993 ], [ 78.11271, 26.92749 ], [ 78.1149, 26.95486 ], [ 78.13947, 26.95713 ], [ 78.1905, 26.94677 ], [ 78.23274, 26.93369 ], [ 78.26122, 26.93178 ], [ 78.24818, 26.90063 ], [ 78.22657, 26.88263 ], [ 78.20486, 26.87739 ], [ 78.20979, 26.83609 ], [ 78.16095, 26.82704 ], [ 78.17937, 26.80116 ], [ 78.17612, 26.79149 ], [ 78.14581, 26.79173 ], [ 78.11903, 26.80256 ], [ 78.09538, 26.78943 ], [ 78.09568, 26.7718 ], [ 78.11168, 26.74965 ], [ 78.08915, 26.73811 ], [ 78.08806, 26.68666 ], [ 78.07537, 26.67819 ], [ 78.04911, 26.6898 ], [ 77.99222, 26.70264 ], [ 77.9688, 26.67664 ], [ 77.9399, 26.66271 ], [ 77.9036, 26.66618 ], [ 77.89088, 26.6545 ], [ 77.88878, 26.63281 ], [ 77.87939, 26.62029 ], [ 77.84244, 26.61518 ], [ 77.82041, 26.59984 ], [ 77.82468, 26.57274 ], [ 77.813, 26.55481 ], [ 77.79765, 26.55028 ], [ 77.76701, 26.55348 ], [ 77.73936, 26.54269 ], [ 77.72698, 26.51536 ], [ 77.69503, 26.50087 ], [ 77.67103, 26.50973 ], [ 77.62672, 26.48299 ], [ 77.59908, 26.45422 ], [ 77.55148, 26.44056 ], [ 77.52288, 26.41491 ], [ 77.47497, 26.41463 ], [ 77.42772, 26.40691 ], [ 77.43973, 26.37869 ], [ 77.43243, 26.365 ], [ 77.40184, 26.36869 ], [ 77.38586, 26.36242 ], [ 77.36625, 26.37152 ], [ 77.31805, 26.34638 ], [ 77.30817, 26.315 ], [ 77.26704, 26.27617 ], [ 77.23785, 26.26272 ], [ 77.19447, 26.23597 ], [ 77.16494, 26.2445 ], [ 77.12955, 26.23965 ], [ 77.11365, 26.23136 ], [ 77.09644, 26.19544 ], [ 77.08464, 26.18717 ], [ 77.05264, 26.18617 ], [ 77.02388, 26.17617 ], [ 77.00481, 26.15924 ], [ 76.99448, 26.13778 ], [ 76.93871, 26.10608 ], [ 76.88778, 26.09332 ], [ 76.87042, 26.05645 ], [ 76.83041, 26.02959 ], [ 76.84024, 26.01129 ], [ 76.81805, 25.98428 ], [ 76.81889, 25.97125 ], [ 76.7948, 25.94422 ], [ 76.76065, 25.94253 ], [ 76.76241, 25.92207 ], [ 76.73333, 25.90255 ], [ 76.71452, 25.90099 ], [ 76.67436, 25.9118 ], [ 76.64142, 25.90625 ], [ 76.63168, 25.87524 ], [ 76.59747, 25.87648 ], [ 76.58528, 25.86772 ], [ 76.56678, 25.83967 ], [ 76.54946, 25.82504 ], [ 76.52931, 25.79797 ], [ 76.52224, 25.76634 ], [ 76.5304, 25.74374 ], [ 76.52655, 25.73104 ], [ 76.503, 25.72861 ], [ 76.48239, 25.71813 ], [ 76.47778, 25.69506 ], [ 76.5108, 25.67284 ], [ 76.49943, 25.64834 ], [ 76.51473, 25.63368 ], [ 76.51579, 25.60701 ], [ 76.50978, 25.57982 ], [ 76.52221, 25.55036 ], [ 76.52031, 25.52993 ], [ 76.53787, 25.51021 ], [ 76.55959, 25.47326 ], [ 76.56428, 25.4424 ], [ 76.58897, 25.43149 ], [ 76.60255, 25.38898 ], [ 76.6255, 25.37511 ], [ 76.63629, 25.38033 ], [ 76.68108, 25.34548 ], [ 76.71455, 25.34244 ], [ 76.7404, 25.34779 ], [ 76.76673, 25.33623 ], [ 76.77283, 25.31591 ], [ 76.84298, 25.33054 ], [ 76.89323, 25.3224 ], [ 76.92921, 25.2973 ], [ 76.9287, 25.27915 ], [ 76.95272, 25.27855 ], [ 76.95874, 25.29718 ], [ 76.99267, 25.30183 ], [ 77.02419, 25.30109 ], [ 77.03936, 25.32505 ], [ 77.06346, 25.32415 ], [ 77.07547, 25.33969 ], [ 77.11577, 25.33506 ], [ 77.15356, 25.31325 ], [ 77.19055, 25.31166 ], [ 77.19816, 25.33052 ], [ 77.21803, 25.33131 ], [ 77.22026, 25.37343 ], [ 77.25996, 25.39946 ], [ 77.28298, 25.42359 ], [ 77.3053, 25.43641 ], [ 77.36134, 25.41296 ], [ 77.34426, 25.38793 ], [ 77.35604, 25.36789 ], [ 77.34392, 25.33736 ], [ 77.36376, 25.333 ], [ 77.3748, 25.30585 ], [ 77.36672, 25.2854 ], [ 77.34966, 25.27177 ], [ 77.36272, 25.25007 ], [ 77.38004, 25.24542 ], [ 77.4064, 25.22629 ], [ 77.41799, 25.19303 ], [ 77.39071, 25.18819 ], [ 77.38667, 25.12196 ], [ 77.34868, 25.09779 ], [ 77.33244, 25.09657 ], [ 77.30286, 25.08387 ], [ 77.28443, 25.10422 ], [ 77.26226, 25.11926 ], [ 77.22083, 25.11024 ], [ 77.19739, 25.11667 ], [ 77.16958, 25.11372 ], [ 77.15771, 25.08828 ], [ 77.12827, 25.08905 ], [ 77.11446, 25.06909 ], [ 77.07723, 25.05799 ], [ 76.98367, 25.07756 ], [ 76.96867, 25.05594 ], [ 76.9535, 25.04846 ], [ 76.90106, 25.03404 ], [ 76.88203, 25.0341 ], [ 76.86932, 25.0111 ], [ 76.86644, 24.97179 ], [ 76.87206, 24.9546 ], [ 76.92464, 24.91037 ], [ 76.91386, 24.88788 ], [ 76.94892, 24.87287 ], [ 76.92652, 24.84978 ], [ 76.89504, 24.83951 ], [ 76.8375, 24.84106 ], [ 76.80229, 24.82657 ], [ 76.81572, 24.80367 ], [ 76.84674, 24.76999 ], [ 76.84502, 24.75214 ], [ 76.86085, 24.7487 ], [ 76.88669, 24.75415 ], [ 76.90326, 24.74605 ], [ 76.92169, 24.74883 ], [ 76.94578, 24.76405 ], [ 76.9633, 24.75955 ], [ 76.97198, 24.73167 ], [ 76.99214, 24.7174 ], [ 77.01925, 24.71495 ], [ 77.03346, 24.70295 ], [ 77.03701, 24.68275 ], [ 77.05946, 24.64242 ], [ 77.05846, 24.59481 ], [ 77.06434, 24.56412 ], [ 77.05031, 24.52653 ], [ 77.03195, 24.5288 ], [ 77.02407, 24.50133 ], [ 76.99252, 24.47345 ], [ 76.96017, 24.46023 ], [ 76.94109, 24.46735 ], [ 76.91465, 24.48766 ], [ 76.91838, 24.5356 ], [ 76.89983, 24.54781 ], [ 76.88897, 24.52676 ], [ 76.87573, 24.52618 ], [ 76.8662, 24.54936 ], [ 76.84605, 24.55102 ], [ 76.81459, 24.53437 ], [ 76.83455, 24.4983 ], [ 76.84679, 24.48755 ], [ 76.85133, 24.46911 ], [ 76.84117, 24.44282 ], [ 76.85066, 24.43736 ], [ 76.8424, 24.40851 ], [ 76.85014, 24.38897 ], [ 76.84906, 24.36821 ], [ 76.83697, 24.36071 ], [ 76.84491, 24.32798 ], [ 76.85879, 24.31231 ], [ 76.8742, 24.27109 ], [ 76.91645, 24.23197 ], [ 76.91929, 24.22069 ], [ 76.94386, 24.19885 ], [ 76.93317, 24.18687 ], [ 76.91614, 24.18872 ], [ 76.89994, 24.13111 ], [ 76.87333, 24.13979 ], [ 76.856, 24.13894 ], [ 76.82773, 24.12559 ], [ 76.80112, 24.12034 ], [ 76.79093, 24.12576 ], [ 76.76886, 24.16468 ], [ 76.755, 24.17209 ], [ 76.72939, 24.17056 ], [ 76.72071, 24.16172 ], [ 76.70114, 24.17144 ], [ 76.67421, 24.19343 ], [ 76.68778, 24.23245 ], [ 76.7025, 24.2488 ], [ 76.69296, 24.28505 ], [ 76.67875, 24.27064 ], [ 76.64006, 24.26232 ], [ 76.61635, 24.26284 ], [ 76.61395, 24.24218 ], [ 76.57149, 24.21348 ], [ 76.56577, 24.2008 ], [ 76.57973, 24.18068 ], [ 76.55476, 24.16822 ], [ 76.52319, 24.16318 ], [ 76.51048, 24.17903 ], [ 76.50837, 24.20023 ], [ 76.49693, 24.21204 ], [ 76.46343, 24.22892 ], [ 76.45325, 24.21682 ], [ 76.42361, 24.22695 ], [ 76.4118, 24.20955 ], [ 76.353, 24.24891 ], [ 76.31788, 24.25113 ], [ 76.28965, 24.23703 ], [ 76.2764, 24.21651 ], [ 76.24767, 24.22792 ], [ 76.22335, 24.22327 ], [ 76.20622, 24.23275 ], [ 76.20438, 24.26902 ], [ 76.19466, 24.2848 ], [ 76.20623, 24.31092 ], [ 76.18549, 24.33151 ], [ 76.17213, 24.31558 ], [ 76.16923, 24.29609 ], [ 76.14952, 24.29223 ], [ 76.14223, 24.28115 ], [ 76.15446, 24.24376 ], [ 76.15237, 24.23546 ], [ 76.12336, 24.2054 ], [ 76.1206, 24.17824 ], [ 76.13089, 24.16905 ], [ 76.13689, 24.13134 ], [ 76.12923, 24.11893 ], [ 76.1347, 24.09529 ], [ 76.10516, 24.09591 ], [ 76.099, 24.08919 ], [ 76.04335, 24.07396 ], [ 76.02673, 24.05046 ], [ 75.99009, 24.03007 ], [ 75.96018, 24.02537 ], [ 75.96024, 23.99746 ], [ 75.98019, 23.97438 ], [ 75.97582, 23.93294 ], [ 75.94823, 23.92226 ], [ 75.93181, 23.90194 ], [ 75.92123, 23.90417 ], [ 75.87862, 23.88456 ], [ 75.85342, 23.8942 ], [ 75.80266, 23.87111 ], [ 75.77992, 23.8547 ], [ 75.76163, 23.85689 ], [ 75.75917, 23.88133 ], [ 75.72822, 23.9021 ], [ 75.70233, 23.90405 ], [ 75.69813, 23.87711 ], [ 75.72755, 23.86451 ], [ 75.72217, 23.82691 ], [ 75.71322, 23.81647 ], [ 75.69025, 23.81961 ], [ 75.69829, 23.788 ], [ 75.68735, 23.77333 ], [ 75.64931, 23.79935 ], [ 75.61662, 23.80597 ], [ 75.58253, 23.80036 ], [ 75.56603, 23.81569 ], [ 75.56931, 23.83464 ], [ 75.56246, 23.85814 ], [ 75.53788, 23.87673 ], [ 75.5041, 23.89191 ], [ 75.48743, 23.91084 ], [ 75.4565, 23.92074 ], [ 75.46477, 23.98073 ], [ 75.49177, 24.00455 ], [ 75.51438, 24.04873 ], [ 75.53192, 24.03148 ], [ 75.57172, 24.0174 ], [ 75.56932, 23.99937 ], [ 75.63474, 23.99983 ], [ 75.64147, 24.01837 ], [ 75.6692, 24.03354 ], [ 75.68581, 24.01794 ], [ 75.68354, 23.99821 ], [ 75.70041, 23.96906 ], [ 75.73551, 23.98056 ], [ 75.73785, 23.99533 ], [ 75.76204, 23.99795 ], [ 75.78024, 24.03626 ], [ 75.77962, 24.06208 ], [ 75.82951, 24.07195 ], [ 75.83064, 24.10793 ], [ 75.81219, 24.10287 ], [ 75.78961, 24.1098 ], [ 75.77869, 24.13467 ], [ 75.74349, 24.1396 ], [ 75.77351, 24.22089 ], [ 75.80534, 24.22972 ], [ 75.81253, 24.26065 ], [ 75.813, 24.30068 ], [ 75.79742, 24.31435 ], [ 75.76509, 24.31066 ], [ 75.73792, 24.34797 ], [ 75.73958, 24.38893 ], [ 75.73582, 24.40343 ], [ 75.75528, 24.40931 ], [ 75.75641, 24.42767 ], [ 75.78609, 24.45842 ], [ 75.79113, 24.4752 ], [ 75.81511, 24.46511 ], [ 75.81255, 24.43678 ], [ 75.829, 24.42252 ], [ 75.86121, 24.42333 ], [ 75.90339, 24.44613 ], [ 75.909, 24.45614 ], [ 75.91182, 24.49242 ], [ 75.90547, 24.50531 ], [ 75.92502, 24.5383 ], [ 75.90704, 24.55046 ], [ 75.91107, 24.57705 ], [ 75.88436, 24.58174 ], [ 75.87408, 24.60711 ], [ 75.85255, 24.61432 ], [ 75.84621, 24.6314 ], [ 75.8439, 24.66935 ], [ 75.82819, 24.66822 ], [ 75.84203, 24.71746 ], [ 75.83875, 24.72987 ], [ 75.80546, 24.75627 ], [ 75.78619, 24.76553 ], [ 75.74181, 24.76036 ], [ 75.68005, 24.72783 ], [ 75.65919, 24.7017 ], [ 75.61333, 24.68842 ], [ 75.5819, 24.7227 ], [ 75.5521, 24.71377 ], [ 75.53508, 24.72002 ], [ 75.48347, 24.69762 ], [ 75.4519, 24.69322 ], [ 75.3639, 24.70952 ], [ 75.35087, 24.7171 ], [ 75.30437, 24.72074 ], [ 75.26724, 24.73272 ], [ 75.24954, 24.72914 ], [ 75.22841, 24.7351 ], [ 75.21695, 24.72241 ], [ 75.19562, 24.76001 ], [ 75.1923, 24.78875 ], [ 75.21738, 24.82046 ], [ 75.24671, 24.82184 ], [ 75.25192, 24.83717 ], [ 75.22774, 24.84776 ], [ 75.20132, 24.8842 ], [ 75.24995, 24.89569 ], [ 75.24169, 24.86094 ], [ 75.28382, 24.85002 ], [ 75.30049, 24.81524 ], [ 75.31301, 24.81354 ], [ 75.33023, 24.83173 ], [ 75.34408, 24.83279 ], [ 75.4171, 24.8639 ], [ 75.42422, 24.89275 ], [ 75.40754, 24.89191 ], [ 75.37197, 24.87798 ], [ 75.32597, 24.88701 ], [ 75.3113, 24.86946 ], [ 75.26145, 24.88966 ], [ 75.26703, 24.91421 ], [ 75.2879, 24.92626 ], [ 75.26631, 24.96192 ], [ 75.28536, 24.97669 ], [ 75.29046, 24.95202 ], [ 75.31754, 24.90722 ], [ 75.32541, 24.93809 ], [ 75.33749, 24.9631 ], [ 75.32312, 24.98224 ], [ 75.31895, 25.00651 ], [ 75.35155, 25.02516 ], [ 75.34962, 25.04173 ], [ 75.31049, 25.04608 ], [ 75.20056, 25.0345 ], [ 75.17378, 25.05379 ], [ 75.15913, 25.04547 ], [ 75.15471, 25.02887 ], [ 75.16924, 25.00997 ], [ 75.1644, 24.99166 ], [ 75.13802, 24.98636 ], [ 75.11571, 24.96539 ], [ 75.11887, 24.88904 ], [ 75.09011, 24.87973 ], [ 75.07353, 24.88731 ], [ 75.04339, 24.85923 ], [ 75.01261, 24.87408 ], [ 74.94481, 24.87791 ], [ 74.94874, 24.8948 ], [ 74.91252, 24.8991 ], [ 74.91293, 24.92839 ], [ 74.90054, 24.93974 ], [ 74.8672, 24.93694 ], [ 74.8621, 24.96584 ], [ 74.8532, 24.97472 ], [ 74.83271, 24.96745 ], [ 74.82422, 24.9401 ], [ 74.82713, 24.89913 ], [ 74.85589, 24.8532 ], [ 74.85857, 24.81306 ], [ 74.87805, 24.81318 ], [ 74.88468, 24.80243 ], [ 74.90518, 24.79746 ], [ 74.97038, 24.79086 ], [ 74.99833, 24.79771 ], [ 75.01293, 24.79381 ], [ 75.02138, 24.77286 ], [ 75.02023, 24.75277 ], [ 74.99343, 24.75273 ], [ 74.99075, 24.73377 ], [ 74.99989, 24.70849 ], [ 74.96411, 24.70047 ], [ 74.94388, 24.66228 ], [ 74.90247, 24.65631 ], [ 74.87344, 24.66948 ], [ 74.86691, 24.69052 ], [ 74.84885, 24.70872 ], [ 74.81854, 24.76534 ], [ 74.80981, 24.7964 ], [ 74.79932, 24.79564 ], [ 74.80315, 24.75485 ], [ 74.78005, 24.74275 ], [ 74.78966, 24.72663 ], [ 74.77606, 24.68606 ], [ 74.81334, 24.68615 ], [ 74.81711, 24.67167 ], [ 74.79494, 24.6547 ], [ 74.78345, 24.63676 ], [ 74.79012, 24.61076 ], [ 74.74797, 24.59681 ], [ 74.75698, 24.56365 ], [ 74.74771, 24.53624 ], [ 74.72856, 24.53479 ], [ 74.71571, 24.52283 ], [ 74.75732, 24.48882 ], [ 74.779, 24.48338 ], [ 74.79188, 24.49327 ], [ 74.81451, 24.49221 ], [ 74.8575, 24.4515 ], [ 74.81232, 24.40915 ], [ 74.80228, 24.38734 ], [ 74.78462, 24.36736 ], [ 74.78363, 24.3168 ], [ 74.75746, 24.29622 ], [ 74.75479, 24.27897 ], [ 74.77254, 24.27198 ], [ 74.81516, 24.27701 ], [ 74.85332, 24.26998 ], [ 74.87543, 24.27802 ], [ 74.89429, 24.26168 ], [ 74.90585, 24.23372 ], [ 74.88017, 24.21648 ], [ 74.90034, 24.1743 ], [ 74.92751, 24.15715 ], [ 74.93914, 24.12111 ], [ 74.95952, 24.11009 ], [ 74.96517, 24.08272 ], [ 74.97941, 24.07201 ], [ 74.98122, 24.04104 ], [ 74.99299, 24.0297 ], [ 74.98779, 24.01433 ], [ 74.97223, 24.00363 ], [ 74.96335, 23.97367 ], [ 74.94146, 23.96052 ], [ 74.91462, 23.91247 ], [ 74.90519, 23.86811 ], [ 74.91582, 23.84567 ], [ 74.91034, 23.80084 ], [ 74.92762, 23.79833 ], [ 74.93993, 23.76585 ], [ 74.93188, 23.75811 ], [ 74.94057, 23.73487 ], [ 74.92424, 23.71915 ], [ 74.92305, 23.69658 ], [ 74.90991, 23.6769 ], [ 74.92422, 23.6685 ], [ 74.93972, 23.63037 ], [ 74.90603, 23.62295 ], [ 74.88609, 23.60643 ], [ 74.86933, 23.5748 ], [ 74.85148, 23.5574 ], [ 74.80289, 23.53405 ], [ 74.79633, 23.54626 ], [ 74.77406, 23.5433 ], [ 74.76394, 23.52471 ], [ 74.74237, 23.51948 ], [ 74.73366, 23.50052 ], [ 74.7109, 23.50563 ], [ 74.66933, 23.48389 ], [ 74.65894, 23.4668 ], [ 74.61338, 23.46136 ], [ 74.59846, 23.42976 ], [ 74.57314, 23.41924 ], [ 74.57241, 23.38333 ], [ 74.56023, 23.36449 ], [ 74.54583, 23.3638 ], [ 74.54272, 23.33869 ], [ 74.53366, 23.32303 ], [ 74.54857, 23.28676 ], [ 74.56735, 23.29846 ], [ 74.58676, 23.28446 ], [ 74.6153, 23.2846 ], [ 74.63214, 23.2634 ], [ 74.65222, 23.26081 ], [ 74.67313, 23.27487 ], [ 74.70115, 23.27214 ], [ 74.72215, 23.24251 ], [ 74.69554, 23.22859 ], [ 74.71896, 23.21943 ], [ 74.75084, 23.23038 ], [ 74.7457, 23.21211 ], [ 74.71552, 23.19467 ], [ 74.66916, 23.20149 ], [ 74.65475, 23.18203 ], [ 74.62568, 23.16294 ], [ 74.60806, 23.14482 ], [ 74.5457, 23.13207 ], [ 74.54752, 23.11849 ], [ 74.53544, 23.10151 ], [ 74.51228, 23.08883 ], [ 74.46725, 23.08526 ], [ 74.44544, 23.09293 ], [ 74.43317, 23.10568 ], [ 74.39119, 23.112 ], [ 74.36112, 23.09031 ], [ 74.34788, 23.0708 ], [ 74.32278, 23.06269 ] ] ] ] } },
{ "type": "Feature", "properties": { "source": "https://simplemaps.com", "id": "INSK", "name": "Sikkim" }, "geometry": { "type": "MultiPolygon", "coordinates": [ [ [ [ 88.75169, 27.14821 ], [ 88.73254, 27.13735 ], [ 88.7178, 27.14397 ], [ 88.71181, 27.16515 ], [ 88.68441, 27.18023 ], [ 88.6596, 27.16221 ], [ 88.63876, 27.16772 ], [ 88.61902, 27.18785 ], [ 88.59148, 27.19446 ], [ 88.54084, 27.18371 ], [ 88.52048, 27.17503 ], [ 88.52171, 27.15034 ], [ 88.49561, 27.12536 ], [ 88.46672, 27.11394 ], [ 88.4545, 27.08965 ], [ 88.43195, 27.08161 ], [ 88.411, 27.0907 ], [ 88.37065, 27.09941 ], [ 88.3523, 27.10107 ], [ 88.34516, 27.1069 ], [ 88.32384, 27.1049 ], [ 88.32049, 27.11664 ], [ 88.3045, 27.1286 ], [ 88.29989, 27.128 ], [ 88.27814, 27.13083 ], [ 88.23251, 27.11977 ], [ 88.21384, 27.13512 ], [ 88.17899, 27.13471 ], [ 88.15844, 27.11435 ], [ 88.13663, 27.11688 ], [ 88.08585, 27.14151 ], [ 88.08326, 27.16504 ], [ 88.06745, 27.19027 ], [ 88.07541, 27.1988 ], [ 88.0582, 27.21389 ], [ 88.01697, 27.21887 ], [ 88.03342, 27.24972 ], [ 88.03429, 27.286 ], [ 88.05522, 27.3243 ], [ 88.06921, 27.33558 ], [ 88.06026, 27.35534 ], [ 88.04442, 27.37072 ], [ 88.05322, 27.41261 ], [ 88.08127, 27.43177 ], [ 88.05932, 27.46721 ], [ 88.04662, 27.47841 ], [ 88.04922, 27.50121 ], [ 88.06412, 27.51182 ], [ 88.06348, 27.53973 ], [ 88.07782, 27.57182 ], [ 88.09541, 27.59731 ], [ 88.11632, 27.61035 ], [ 88.12263, 27.64527 ], [ 88.14725, 27.6654 ], [ 88.15745, 27.69038 ], [ 88.15071, 27.70201 ], [ 88.16105, 27.74062 ], [ 88.18121, 27.74681 ], [ 88.18442, 27.77452 ], [ 88.19992, 27.79053 ], [ 88.1879, 27.81031 ], [ 88.20393, 27.83731 ], [ 88.19891, 27.85352 ], [ 88.18094, 27.85641 ], [ 88.15131, 27.87651 ], [ 88.12998, 27.88152 ], [ 88.11389, 27.91219 ], [ 88.12887, 27.9383 ], [ 88.12391, 27.95092 ], [ 88.13906, 27.96348 ], [ 88.17362, 27.94471 ], [ 88.19476, 27.94621 ], [ 88.20348, 27.96662 ], [ 88.23277, 27.96588 ], [ 88.24389, 27.94854 ], [ 88.27205, 27.95844 ], [ 88.28038, 27.96778 ], [ 88.30479, 27.96996 ], [ 88.33776, 27.98799 ], [ 88.36376, 27.98814 ], [ 88.3888, 27.97784 ], [ 88.402, 27.98359 ], [ 88.42654, 28.00812 ], [ 88.4616, 28.01981 ], [ 88.48186, 28.04501 ], [ 88.50114, 28.04893 ], [ 88.53334, 28.03662 ], [ 88.55228, 28.0654 ], [ 88.55445, 28.08483 ], [ 88.57484, 28.08561 ], [ 88.61646, 28.10368 ], [ 88.60747, 28.12755 ], [ 88.62124, 28.13097 ], [ 88.63769, 28.10437 ], [ 88.66677, 28.07408 ], [ 88.6858, 28.07898 ], [ 88.75108, 28.07331 ], [ 88.78229, 28.05077 ], [ 88.79945, 28.03069 ], [ 88.82906, 28.01516 ], [ 88.84088, 27.991 ], [ 88.83625, 27.932 ], [ 88.85895, 27.92527 ], [ 88.88019, 27.89524 ], [ 88.881, 27.83896 ], [ 88.85574, 27.81812 ], [ 88.85233, 27.77832 ], [ 88.86238, 27.739 ], [ 88.84553, 27.70031 ], [ 88.84661, 27.6689 ], [ 88.82233, 27.64284 ], [ 88.80991, 27.64192 ], [ 88.80549, 27.60325 ], [ 88.78558, 27.57628 ], [ 88.76707, 27.56496 ], [ 88.7751, 27.5376 ], [ 88.78857, 27.5286 ], [ 88.78323, 27.49648 ], [ 88.78339, 27.45555 ], [ 88.79473, 27.44701 ], [ 88.80933, 27.40519 ], [ 88.83831, 27.37883 ], [ 88.85654, 27.38678 ], [ 88.87915, 27.36444 ], [ 88.88986, 27.3364 ], [ 88.92237, 27.32632 ], [ 88.90946, 27.30594 ], [ 88.89921, 27.27497 ], [ 88.87241, 27.25884 ], [ 88.8352, 27.26307 ], [ 88.8011, 27.24758 ], [ 88.80069, 27.22068 ], [ 88.78468, 27.18199 ], [ 88.75839, 27.17197 ], [ 88.75169, 27.14821 ] ] ] ] } },
{ "type": "Feature", "properties": { "source": "https://simplemaps.com", "id": "INTN", "name": "Tamil Nadu" }, "geometry": { "type": "MultiPolygon", "coordinates": [ [ [ [ 78.22065, 12.75259 ], [ 78.22887, 12.7202 ], [ 78.22033, 12.70329 ], [ 78.19473, 12.69527 ], [ 78.20011, 12.67564 ], [ 78.22808, 12.67385 ], [ 78.22745, 12.68928 ], [ 78.26443, 12.69184 ], [ 78.29046, 12.65292 ], [ 78.30877, 12.65 ], [ 78.36834, 12.61184 ], [ 78.45962, 12.61741 ], [ 78.45766, 12.66225 ], [ 78.47406, 12.65918 ], [ 78.49345, 12.66959 ], [ 78.49432, 12.73037 ], [ 78.51598, 12.70352 ], [ 78.52437, 12.67969 ], [ 78.55225, 12.69709 ], [ 78.54565, 12.72861 ], [ 78.55811, 12.75165 ], [ 78.58007, 12.76724 ], [ 78.5882, 12.80478 ], [ 78.59767, 12.81108 ], [ 78.59157, 12.83855 ], [ 78.60443, 12.85744 ], [ 78.60597, 12.8737 ], [ 78.62477, 12.91418 ], [ 78.64671, 12.91902 ], [ 78.62025, 12.97391 ], [ 78.6205, 12.98252 ], [ 78.64172, 13.00161 ], [ 78.65111, 13.01793 ], [ 78.69376, 13.00439 ], [ 78.70245, 13.05615 ], [ 78.73952, 13.04549 ], [ 78.77753, 13.05316 ], [ 78.80087, 13.07553 ], [ 78.83227, 13.06959 ], [ 78.88041, 13.0696 ], [ 78.88192, 13.01976 ], [ 78.91438, 13.06776 ], [ 78.94585, 13.06351 ], [ 78.98174, 13.0762 ], [ 79.00037, 13.05788 ], [ 79.05327, 13.03799 ], [ 79.06907, 13.01415 ], [ 79.08279, 13.01247 ], [ 79.10438, 13.02422 ], [ 79.11927, 13.02257 ], [ 79.1527, 13.00729 ], [ 79.17059, 13.01568 ], [ 79.17654, 13.03827 ], [ 79.16943, 13.05301 ], [ 79.19332, 13.08969 ], [ 79.21429, 13.09684 ], [ 79.22636, 13.13461 ], [ 79.27129, 13.13806 ], [ 79.27385, 13.1209 ], [ 79.29877, 13.11483 ], [ 79.3501, 13.12545 ], [ 79.34777, 13.16302 ], [ 79.36121, 13.15604 ], [ 79.369, 13.17626 ], [ 79.38438, 13.18472 ], [ 79.42059, 13.18446 ], [ 79.42163, 13.20853 ], [ 79.4455, 13.21677 ], [ 79.4361, 13.22983 ], [ 79.41084, 13.21216 ], [ 79.40734, 13.23766 ], [ 79.41902, 13.26634 ], [ 79.42178, 13.28666 ], [ 79.40543, 13.28541 ], [ 79.3746, 13.30304 ], [ 79.41732, 13.32196 ], [ 79.45464, 13.32432 ], [ 79.49781, 13.31482 ], [ 79.53578, 13.31107 ], [ 79.54144, 13.27893 ], [ 79.56538, 13.2494 ], [ 79.58542, 13.2471 ], [ 79.60114, 13.26773 ], [ 79.62076, 13.25895 ], [ 79.63251, 13.27354 ], [ 79.66853, 13.28193 ], [ 79.6843, 13.25668 ], [ 79.67111, 13.23584 ], [ 79.69575, 13.22376 ], [ 79.69964, 13.20268 ], [ 79.71571, 13.2144 ], [ 79.73253, 13.21496 ], [ 79.74438, 13.19491 ], [ 79.78326, 13.22816 ], [ 79.75278, 13.24376 ], [ 79.72178, 13.26573 ], [ 79.74615, 13.28 ], [ 79.75406, 13.30279 ], [ 79.7798, 13.28207 ], [ 79.80029, 13.30432 ], [ 79.85117, 13.30343 ], [ 79.90386, 13.33327 ], [ 79.92551, 13.33594 ], [ 79.95358, 13.37411 ], [ 79.93562, 13.38485 ], [ 79.93248, 13.40437 ], [ 79.96323, 13.41791 ], [ 79.96186, 13.45128 ], [ 79.99538, 13.45945 ], [ 80.0059, 13.48777 ], [ 80.03604, 13.48448 ], [ 80.03698, 13.49935 ], [ 80.01909, 13.50166 ], [ 79.98968, 13.52676 ], [ 80.00771, 13.53237 ], [ 80.01755, 13.52513 ], [ 80.04542, 13.52198 ], [ 80.06944, 13.53759 ], [ 80.07582, 13.52676 ], [ 80.07944, 13.52936 ], [ 80.08867, 13.52553 ], [ 80.09566, 13.50984 ], [ 80.10036, 13.5052 ], [ 80.12081, 13.50236 ], [ 80.13271, 13.49592 ], [ 80.13546, 13.49218 ], [ 80.14465, 13.48469 ], [ 80.15066, 13.47998 ], [ 80.1521, 13.47888 ], [ 80.1565, 13.47889 ], [ 80.16315, 13.47755 ], [ 80.19406, 13.47623 ], [ 80.21625, 13.48183 ], [ 80.2464, 13.46538 ], [ 80.25989, 13.44736 ], [ 80.268, 13.41434 ], [ 80.27789, 13.40753 ], [ 80.27597, 13.38914 ], [ 80.31537, 13.37145 ], [ 80.313, 13.42792 ], [ 80.32819, 13.42986 ], [ 80.32958, 13.40014 ], [ 80.3457, 13.32764 ], [ 80.34625, 13.29486 ], [ 80.33736, 13.25264 ], [ 80.31014, 13.16319 ], [ 80.29986, 13.14264 ], [ 80.30431, 13.09375 ], [ 80.28208, 13.05653 ], [ 80.2793, 13.02514 ], [ 80.25874, 12.93431 ], [ 80.24957, 12.86014 ], [ 80.2468, 12.80625 ], [ 80.25403, 12.77903 ], [ 80.21208, 12.65819 ], [ 80.19875, 12.61514 ], [ 80.1657, 12.52486 ], [ 80.15736, 12.47125 ], [ 80.14403, 12.44542 ], [ 80.11625, 12.40542 ], [ 80.07014, 12.35264 ], [ 80.0443, 12.36375 ], [ 80.03596, 12.33764 ], [ 80.04986, 12.32431 ], [ 80.01681, 12.27458 ], [ 80.01347, 12.26347 ], [ 79.98514, 12.25042 ], [ 79.98042, 12.23431 ], [ 79.98959, 12.22431 ], [ 79.93125, 12.1382 ], [ 79.88486, 12.06486 ], [ 79.84708, 11.98014 ], [ 79.83764, 11.94055 ], [ 79.8254, 11.94015 ], [ 79.80811, 11.94651 ], [ 79.80459, 11.96314 ], [ 79.79791, 11.96352 ], [ 79.79243, 11.95705 ], [ 79.79031, 11.94255 ], [ 79.77576, 11.94601 ], [ 79.77272, 11.94679 ], [ 79.76938, 11.94145 ], [ 79.76421, 11.93459 ], [ 79.74784, 11.9289 ], [ 79.74751, 11.91516 ], [ 79.74054, 11.90716 ], [ 79.73361, 11.94721 ], [ 79.71449, 11.95525 ], [ 79.71571, 11.96745 ], [ 79.7179, 11.96887 ], [ 79.72692, 11.96249 ], [ 79.74513, 11.97085 ], [ 79.75244, 11.97613 ], [ 79.72886, 11.98602 ], [ 79.72494, 11.9779 ], [ 79.71696, 11.97544 ], [ 79.70585, 11.97737 ], [ 79.69076, 11.99628 ], [ 79.69156, 12.01744 ], [ 79.66891, 12.00729 ], [ 79.65931, 11.99689 ], [ 79.65237, 11.9983 ], [ 79.64701, 11.99332 ], [ 79.64234, 11.97581 ], [ 79.6948, 11.97511 ], [ 79.70155, 11.95218 ], [ 79.68313, 11.9465 ], [ 79.68414, 11.92722 ], [ 79.70603, 11.92871 ], [ 79.70408, 11.91299 ], [ 79.7249, 11.89151 ], [ 79.70831, 11.87395 ], [ 79.67987, 11.87926 ], [ 79.66037, 11.87732 ], [ 79.65907, 11.86567 ], [ 79.69573, 11.87338 ], [ 79.69345, 11.85389 ], [ 79.70669, 11.84709 ], [ 79.73035, 11.84688 ], [ 79.75495, 11.85784 ], [ 79.76712, 11.84048 ], [ 79.78616, 11.8384 ], [ 79.80042, 11.8084 ], [ 79.79403, 11.76792 ], [ 79.77708, 11.70958 ], [ 79.76125, 11.62097 ], [ 79.75708, 11.58403 ], [ 79.75875, 11.55208 ], [ 79.77319, 11.50791 ], [ 79.78764, 11.47625 ], [ 79.80736, 11.44458 ], [ 79.82931, 11.35458 ], [ 79.83875, 11.34819 ], [ 79.83652, 11.31542 ], [ 79.8393, 11.28292 ], [ 79.8493, 11.2332 ], [ 79.85902, 11.13986 ], [ 79.85514, 10.97764 ], [ 79.85059, 10.97579 ], [ 79.83537, 10.97662 ], [ 79.83446, 10.97682 ], [ 79.82491, 10.9848 ], [ 79.8098, 10.98205 ], [ 79.80257, 10.98488 ], [ 79.79645, 10.98307 ], [ 79.78963, 10.97338 ], [ 79.77435, 10.97724 ], [ 79.76051, 10.98058 ], [ 79.74306, 10.98506 ], [ 79.73018, 10.98511 ], [ 79.73164, 10.97529 ], [ 79.73819, 10.96932 ], [ 79.73952, 10.96609 ], [ 79.74131, 10.96326 ], [ 79.73992, 10.95578 ], [ 79.74573, 10.94929 ], [ 79.7401, 10.94365 ], [ 79.72669, 10.95235 ], [ 79.71546, 10.95329 ], [ 79.70392, 10.94761 ], [ 79.71555, 10.93829 ], [ 79.72123, 10.93531 ], [ 79.70767, 10.92341 ], [ 79.70438, 10.92104 ], [ 79.71043, 10.91914 ], [ 79.70804, 10.9151 ], [ 79.70863, 10.91416 ], [ 79.72083, 10.9107 ], [ 79.71959, 10.90579 ], [ 79.7239, 10.90802 ], [ 79.72591, 10.9069 ], [ 79.72839, 10.90229 ], [ 79.74298, 10.89936 ], [ 79.74795, 10.89522 ], [ 79.75416, 10.88666 ], [ 79.76045, 10.88315 ], [ 79.77317, 10.88956 ], [ 79.77636, 10.88168 ], [ 79.77006, 10.87798 ], [ 79.77563, 10.87578 ], [ 79.78487, 10.87355 ], [ 79.78957, 10.86175 ], [ 79.80746, 10.85269 ], [ 79.79228, 10.84883 ], [ 79.79314, 10.83949 ], [ 79.80307, 10.83369 ], [ 79.8082, 10.83138 ], [ 79.81326, 10.82874 ], [ 79.81368, 10.81837 ], [ 79.81334, 10.81408 ], [ 79.83572, 10.81172 ], [ 79.85125, 10.81377 ], [ 79.85098, 10.76069 ], [ 79.85625, 10.58708 ], [ 79.85986, 10.55014 ], [ 79.86597, 10.41625 ], [ 79.87153, 10.36819 ], [ 79.88403, 10.30597 ], [ 79.86708, 10.28625 ], [ 79.83569, 10.27542 ], [ 79.79597, 10.27292 ], [ 79.74431, 10.27486 ], [ 79.76375, 10.30097 ], [ 79.76125, 10.3132 ], [ 79.73014, 10.31097 ], [ 79.72125, 10.31875 ], [ 79.68708, 10.32542 ], [ 79.67208, 10.31931 ], [ 79.64709, 10.32014 ], [ 79.62736, 10.34542 ], [ 79.61347, 10.31736 ], [ 79.58236, 10.30292 ], [ 79.61986, 10.29875 ], [ 79.66541, 10.28958 ], [ 79.68569, 10.28958 ], [ 79.72708, 10.27404 ], [ 79.52653, 10.30542 ], [ 79.54958, 10.3168 ], [ 79.55986, 10.33264 ], [ 79.58652, 10.32792 ], [ 79.59014, 10.34014 ], [ 79.54708, 10.34792 ], [ 79.53458, 10.33542 ], [ 79.54347, 10.32431 ], [ 79.50125, 10.32014 ], [ 79.51237, 10.30903 ], [ 79.3968, 10.31792 ], [ 79.38208, 10.31542 ], [ 79.3707, 10.29569 ], [ 79.32597, 10.28181 ], [ 79.29403, 10.25986 ], [ 79.26764, 10.22986 ], [ 79.28125, 10.21375 ], [ 79.24125, 10.18069 ], [ 79.23986, 10.15431 ], [ 79.23014, 10.14986 ], [ 79.23235, 10.12431 ], [ 79.22652, 10.09847 ], [ 79.23681, 10.07375 ], [ 79.25236, 10.06653 ], [ 79.26208, 10.0407 ], [ 79.24236, 10.02486 ], [ 79.19236, 9.96764 ], [ 79.15514, 9.93236 ], [ 79.15375, 9.92042 ], [ 79.12791, 9.89403 ], [ 79.11875, 9.87375 ], [ 79.12431, 9.86459 ], [ 79.10764, 9.83792 ], [ 79.09125, 9.82764 ], [ 79.07764, 9.79875 ], [ 79.05791, 9.77264 ], [ 79.03931, 9.76403 ], [ 79.01764, 9.73264 ], [ 78.97986, 9.68736 ], [ 78.97125, 9.65597 ], [ 78.95597, 9.62542 ], [ 78.93429, 9.60681 ], [ 78.91847, 9.53653 ], [ 78.91486, 9.49403 ], [ 78.89818, 9.48903 ], [ 78.90097, 9.46819 ], [ 78.93542, 9.41125 ], [ 78.9893, 9.35375 ], [ 79.02153, 9.32764 ], [ 79.06541, 9.29958 ], [ 79.10596, 9.28903 ], [ 79.14486, 9.29125 ], [ 79.1693, 9.27958 ], [ 79.12041, 9.26931 ], [ 79.09375, 9.25986 ], [ 79.06404, 9.26097 ], [ 79.02736, 9.26819 ], [ 78.97903, 9.27347 ], [ 78.95514, 9.27236 ], [ 78.92347, 9.26458 ], [ 78.90652, 9.24958 ], [ 78.88181, 9.25597 ], [ 78.86014, 9.25347 ], [ 78.75681, 9.21597 ], [ 78.73542, 9.21181 ], [ 78.71792, 9.20069 ], [ 78.71848, 9.19014 ], [ 78.66736, 9.19708 ], [ 78.64902, 9.18569 ], [ 78.6432, 9.16931 ], [ 78.6518, 9.15875 ], [ 78.6143, 9.15208 ], [ 78.57569, 9.13153 ], [ 78.55236, 9.13736 ], [ 78.51041, 9.13514 ], [ 78.48986, 9.12847 ], [ 78.45764, 9.12653 ], [ 78.41153, 9.11208 ], [ 78.38208, 9.09042 ], [ 78.34402, 9.05681 ], [ 78.31042, 9.03181 ], [ 78.23736, 8.98458 ], [ 78.21098, 8.96097 ], [ 78.1843, 8.91875 ], [ 78.18069, 8.89542 ], [ 78.16847, 8.88097 ], [ 78.16458, 8.82181 ], [ 78.1593, 8.80375 ], [ 78.16264, 8.77347 ], [ 78.19847, 8.76569 ], [ 78.19958, 8.75319 ], [ 78.17514, 8.74736 ], [ 78.16236, 8.73736 ], [ 78.15459, 8.71181 ], [ 78.13541, 8.68875 ], [ 78.12847, 8.65764 ], [ 78.11736, 8.66208 ], [ 78.11069, 8.63958 ], [ 78.10125, 8.63819 ], [ 78.10125, 8.61208 ], [ 78.13125, 8.60403 ], [ 78.13875, 8.58875 ], [ 78.12236, 8.51653 ], [ 78.13042, 8.49764 ], [ 78.10014, 8.46458 ], [ 78.0668, 8.42264 ], [ 78.05486, 8.38208 ], [ 78.0668, 8.37042 ], [ 78.02292, 8.35903 ], [ 77.98041, 8.34014 ], [ 77.95624, 8.32292 ], [ 77.95375, 8.31403 ], [ 77.90097, 8.28597 ], [ 77.88736, 8.27264 ], [ 77.8557, 8.25931 ], [ 77.81347, 8.24625 ], [ 77.78291, 8.21986 ], [ 77.78403, 8.20653 ], [ 77.74264, 8.17542 ], [ 77.71597, 8.16597 ], [ 77.61292, 8.15014 ], [ 77.57569, 8.1357 ], [ 77.5593, 8.11958 ], [ 77.55986, 8.09042 ], [ 77.55236, 8.07792 ], [ 77.53625, 8.07819 ], [ 77.41042, 8.10375 ], [ 77.35042, 8.12292 ], [ 77.30597, 8.12847 ], [ 77.29652, 8.14958 ], [ 77.27514, 8.16319 ], [ 77.24764, 8.17264 ], [ 77.2157, 8.20208 ], [ 77.18403, 8.21986 ], [ 77.16097, 8.24597 ], [ 77.0907, 8.29747 ], [ 77.10465, 8.3016 ], [ 77.12195, 8.32294 ], [ 77.14977, 8.32194 ], [ 77.15681, 8.3452 ], [ 77.13482, 8.37853 ], [ 77.15369, 8.37744 ], [ 77.17978, 8.40909 ], [ 77.18868, 8.43474 ], [ 77.20952, 8.43772 ], [ 77.19092, 8.48819 ], [ 77.20639, 8.50443 ], [ 77.22256, 8.48832 ], [ 77.24754, 8.50138 ], [ 77.26516, 8.53745 ], [ 77.25153, 8.57099 ], [ 77.22841, 8.59781 ], [ 77.22828, 8.6129 ], [ 77.19848, 8.6411 ], [ 77.17929, 8.69962 ], [ 77.16703, 8.70763 ], [ 77.15532, 8.73756 ], [ 77.17652, 8.73502 ], [ 77.21468, 8.77576 ], [ 77.21736, 8.79703 ], [ 77.24705, 8.83188 ], [ 77.23987, 8.86806 ], [ 77.2239, 8.88515 ], [ 77.20625, 8.89318 ], [ 77.19386, 8.92191 ], [ 77.18044, 8.91575 ], [ 77.18017, 8.94702 ], [ 77.16323, 8.96234 ], [ 77.15845, 8.97819 ], [ 77.13425, 8.99998 ], [ 77.13218, 9.01185 ], [ 77.15376, 9.03656 ], [ 77.18019, 9.0448 ], [ 77.19285, 9.06503 ], [ 77.19586, 9.08842 ], [ 77.21173, 9.10636 ], [ 77.23258, 9.11791 ], [ 77.25178, 9.14304 ], [ 77.25027, 9.19024 ], [ 77.26681, 9.20882 ], [ 77.2595, 9.22441 ], [ 77.26761, 9.2624 ], [ 77.26682, 9.29088 ], [ 77.28676, 9.30811 ], [ 77.32061, 9.35109 ], [ 77.3198, 9.37613 ], [ 77.32742, 9.39406 ], [ 77.32168, 9.40565 ], [ 77.33425, 9.43105 ], [ 77.35161, 9.4497 ], [ 77.37224, 9.44527 ], [ 77.38683, 9.46737 ], [ 77.38392, 9.47909 ], [ 77.39623, 9.49654 ], [ 77.37072, 9.50869 ], [ 77.35055, 9.52629 ], [ 77.35057, 9.54026 ], [ 77.32101, 9.56737 ], [ 77.30431, 9.59304 ], [ 77.28649, 9.5873 ], [ 77.26114, 9.56668 ], [ 77.22281, 9.57279 ], [ 77.18597, 9.60592 ], [ 77.17457, 9.59716 ], [ 77.1555, 9.6015 ], [ 77.15458, 9.61395 ], [ 77.16566, 9.64823 ], [ 77.1796, 9.66038 ], [ 77.19169, 9.68618 ], [ 77.18993, 9.71551 ], [ 77.20823, 9.72167 ], [ 77.21242, 9.75539 ], [ 77.20982, 9.77994 ], [ 77.23399, 9.78852 ], [ 77.21899, 9.81325 ], [ 77.22374, 9.84296 ], [ 77.19911, 9.86598 ], [ 77.20444, 9.89432 ], [ 77.22192, 9.92282 ], [ 77.24021, 9.94306 ], [ 77.24992, 9.94254 ], [ 77.26142, 9.96372 ], [ 77.24984, 9.97278 ], [ 77.24071, 10.00289 ], [ 77.24893, 10.01581 ], [ 77.20444, 10.06849 ], [ 77.1952, 10.07354 ], [ 77.18814, 10.09565 ], [ 77.23051, 10.12012 ], [ 77.25327, 10.11141 ], [ 77.26102, 10.12869 ], [ 77.25915, 10.15535 ], [ 77.26441, 10.17974 ], [ 77.28045, 10.20725 ], [ 77.26997, 10.22433 ], [ 77.25122, 10.22436 ], [ 77.25055, 10.25375 ], [ 77.21449, 10.3058 ], [ 77.22216, 10.3403 ], [ 77.16296, 10.34628 ], [ 77.11426, 10.31056 ], [ 77.07344, 10.29579 ], [ 77.0461, 10.27429 ], [ 77.03855, 10.24816 ], [ 77.01859, 10.24183 ], [ 76.98145, 10.21991 ], [ 76.95879, 10.21873 ], [ 76.92777, 10.22959 ], [ 76.90935, 10.2232 ], [ 76.89232, 10.23267 ], [ 76.88463, 10.25508 ], [ 76.8623, 10.26706 ], [ 76.86207, 10.28255 ], [ 76.83195, 10.28377 ], [ 76.81967, 10.29524 ], [ 76.82756, 10.33758 ], [ 76.83935, 10.35971 ], [ 76.81567, 10.38653 ], [ 76.82265, 10.39406 ], [ 76.80733, 10.41492 ], [ 76.81745, 10.43849 ], [ 76.82029, 10.49068 ], [ 76.83196, 10.52916 ], [ 76.82452, 10.53764 ], [ 76.82973, 10.58506 ], [ 76.8154, 10.5883 ], [ 76.80327, 10.61408 ], [ 76.80499, 10.62634 ], [ 76.87262, 10.62943 ], [ 76.87016, 10.6641 ], [ 76.85507, 10.6724 ], [ 76.87505, 10.70672 ], [ 76.89314, 10.7504 ], [ 76.89751, 10.7708 ], [ 76.8883, 10.79988 ], [ 76.85999, 10.7998 ], [ 76.83713, 10.81554 ], [ 76.84519, 10.8265 ], [ 76.81756, 10.8618 ], [ 76.78527, 10.87147 ], [ 76.77299, 10.88164 ], [ 76.73269, 10.88098 ], [ 76.7004, 10.90079 ], [ 76.6846, 10.90243 ], [ 76.65279, 10.91996 ], [ 76.66045, 10.96046 ], [ 76.67777, 10.9797 ], [ 76.67979, 10.99943 ], [ 76.69041, 11.0175 ], [ 76.71205, 11.03245 ], [ 76.75697, 11.02459 ], [ 76.75113, 11.04676 ], [ 76.7371, 11.04751 ], [ 76.7345, 11.06389 ], [ 76.74573, 11.08392 ], [ 76.73414, 11.09336 ], [ 76.74061, 11.10991 ], [ 76.69668, 11.13268 ], [ 76.68601, 11.1577 ], [ 76.70644, 11.17962 ], [ 76.72115, 11.18451 ], [ 76.72655, 11.20647 ], [ 76.69697, 11.23133 ], [ 76.62304, 11.18567 ], [ 76.60206, 11.19547 ], [ 76.57778, 11.19684 ], [ 76.52123, 11.19027 ], [ 76.50601, 11.20198 ], [ 76.46587, 11.19874 ], [ 76.45272, 11.18021 ], [ 76.44288, 11.20009 ], [ 76.44639, 11.23046 ], [ 76.51353, 11.26196 ], [ 76.53979, 11.32095 ], [ 76.5382, 11.35159 ], [ 76.50949, 11.34661 ], [ 76.51008, 11.36115 ], [ 76.44839, 11.38142 ], [ 76.40817, 11.41482 ], [ 76.41039, 11.43359 ], [ 76.39058, 11.42796 ], [ 76.36148, 11.44796 ], [ 76.33369, 11.45871 ], [ 76.32091, 11.4447 ], [ 76.27806, 11.47453 ], [ 76.25793, 11.47322 ], [ 76.2401, 11.45964 ], [ 76.24476, 11.49432 ], [ 76.2332, 11.51868 ], [ 76.24296, 11.52419 ], [ 76.22575, 11.56444 ], [ 76.27097, 11.59291 ], [ 76.29064, 11.58056 ], [ 76.2979, 11.56433 ], [ 76.32858, 11.58855 ], [ 76.33559, 11.57834 ], [ 76.3707, 11.59347 ], [ 76.38007, 11.62242 ], [ 76.42129, 11.6251 ], [ 76.43422, 11.63352 ], [ 76.42346, 11.65932 ], [ 76.45136, 11.65512 ], [ 76.47368, 11.67814 ], [ 76.50421, 11.69804 ], [ 76.54042, 11.67051 ], [ 76.55363, 11.61292 ], [ 76.60787, 11.60044 ], [ 76.62566, 11.60382 ], [ 76.7514, 11.60671 ], [ 76.81651, 11.59721 ], [ 76.83597, 11.58403 ], [ 76.85091, 11.60183 ], [ 76.8297, 11.62934 ], [ 76.83003, 11.64904 ], [ 76.85356, 11.69878 ], [ 76.88087, 11.72459 ], [ 76.88797, 11.7659 ], [ 76.89969, 11.78327 ], [ 76.94444, 11.78134 ], [ 76.9596, 11.7652 ], [ 76.97484, 11.79102 ], [ 77.00443, 11.80302 ], [ 77.02276, 11.79498 ], [ 77.04126, 11.77759 ], [ 77.06185, 11.77206 ], [ 77.05011, 11.75775 ], [ 77.07589, 11.72389 ], [ 77.09627, 11.72312 ], [ 77.11389, 11.76183 ], [ 77.13724, 11.77197 ], [ 77.16592, 11.77423 ], [ 77.18967, 11.78282 ], [ 77.22705, 11.78375 ], [ 77.24174, 11.80246 ], [ 77.2783, 11.78974 ], [ 77.28481, 11.79836 ], [ 77.32612, 11.75894 ], [ 77.34566, 11.76407 ], [ 77.35516, 11.77837 ], [ 77.3819, 11.77616 ], [ 77.41247, 11.76228 ], [ 77.43105, 11.77168 ], [ 77.4563, 11.83912 ], [ 77.45393, 11.89055 ], [ 77.47597, 11.88955 ], [ 77.49043, 11.92974 ], [ 77.52365, 11.92148 ], [ 77.548, 11.93075 ], [ 77.57329, 11.92401 ], [ 77.63673, 11.94026 ], [ 77.66471, 11.9397 ], [ 77.66371, 11.95296 ], [ 77.68945, 12.00995 ], [ 77.72037, 12.05335 ], [ 77.7461, 12.06932 ], [ 77.76701, 12.10914 ], [ 77.74025, 12.12929 ], [ 77.73907, 12.14786 ], [ 77.72636, 12.16732 ], [ 77.65545, 12.18775 ], [ 77.62891, 12.18632 ], [ 77.60412, 12.19516 ], [ 77.55583, 12.18711 ], [ 77.53852, 12.19449 ], [ 77.51131, 12.18397 ], [ 77.48248, 12.19012 ], [ 77.46567, 12.20226 ], [ 77.47366, 12.22494 ], [ 77.46295, 12.23577 ], [ 77.47018, 12.26187 ], [ 77.49319, 12.27279 ], [ 77.51834, 12.26953 ], [ 77.52352, 12.281 ], [ 77.54271, 12.28371 ], [ 77.5561, 12.29716 ], [ 77.5686, 12.32419 ], [ 77.60383, 12.35375 ], [ 77.61583, 12.40488 ], [ 77.62521, 12.47726 ], [ 77.61729, 12.48551 ], [ 77.59665, 12.46461 ], [ 77.57536, 12.46838 ], [ 77.60178, 12.49166 ], [ 77.6052, 12.50333 ], [ 77.57851, 12.50701 ], [ 77.57005, 12.55793 ], [ 77.58146, 12.58423 ], [ 77.58212, 12.60509 ], [ 77.59782, 12.62102 ], [ 77.58797, 12.64269 ], [ 77.59034, 12.65754 ], [ 77.65429, 12.67417 ], [ 77.6703, 12.67124 ], [ 77.66781, 12.65064 ], [ 77.69547, 12.65124 ], [ 77.70382, 12.67374 ], [ 77.7184, 12.66198 ], [ 77.72726, 12.68287 ], [ 77.75024, 12.68716 ], [ 77.76304, 12.71446 ], [ 77.75837, 12.72932 ], [ 77.77808, 12.73367 ], [ 77.78497, 12.74505 ], [ 77.77163, 12.75983 ], [ 77.78793, 12.78132 ], [ 77.80102, 12.82081 ], [ 77.78356, 12.82825 ], [ 77.82209, 12.84985 ], [ 77.8256, 12.85899 ], [ 77.88226, 12.8584 ], [ 77.88746, 12.86692 ], [ 77.91437, 12.87354 ], [ 77.9278, 12.85047 ], [ 77.91534, 12.84427 ], [ 77.90923, 12.82202 ], [ 77.93298, 12.81292 ], [ 77.9399, 12.82935 ], [ 77.958, 12.83634 ], [ 77.98135, 12.81042 ], [ 77.9814, 12.79564 ], [ 78.00148, 12.79544 ], [ 77.9933, 12.81367 ], [ 78.02216, 12.84122 ], [ 78.06457, 12.83017 ], [ 78.08648, 12.80334 ], [ 78.11449, 12.78707 ], [ 78.12067, 12.77001 ], [ 78.15814, 12.76022 ], [ 78.16615, 12.765 ], [ 78.22065, 12.75259 ] ] ], [ [ [ 79.31236, 9.32847 ], [ 79.33514, 9.31153 ], [ 79.31597, 9.28486 ], [ 79.32764, 9.25986 ], [ 79.37875, 9.21542 ], [ 79.39653, 9.18903 ], [ 79.32153, 9.23681 ], [ 79.27708, 9.25458 ], [ 79.22125, 9.26708 ], [ 79.20514, 9.28042 ], [ 79.22041, 9.29208 ], [ 79.26764, 9.29319 ], [ 79.28931, 9.31987 ], [ 79.31236, 9.32847 ] ] ] ] } },
{ "type": "Feature", "properties": { "source": "https://simplemaps.com", "id": "INTR", "name": "Tripura" }, "geometry": { "type": "MultiPolygon", "coordinates": [ [ [ [ 92.231, 24.50409 ], [ 92.23109, 24.46038 ], [ 92.2565, 24.4363 ], [ 92.25596, 24.41898 ], [ 92.27309, 24.38845 ], [ 92.26408, 24.36216 ], [ 92.21285, 24.24931 ], [ 92.29661, 24.25173 ], [ 92.2953, 24.24801 ], [ 92.29485, 24.24071 ], [ 92.29682, 24.23808 ], [ 92.29631, 24.23383 ], [ 92.29947, 24.23162 ], [ 92.29763, 24.22723 ], [ 92.30116, 24.22451 ], [ 92.30975, 24.2148 ], [ 92.31609, 24.21322 ], [ 92.32945, 24.19115 ], [ 92.32704, 24.18611 ], [ 92.32993, 24.17465 ], [ 92.33185, 24.16357 ], [ 92.33435, 24.15083 ], [ 92.33631, 24.14436 ], [ 92.3353, 24.14355 ], [ 92.33228, 24.14403 ], [ 92.32925, 24.13985 ], [ 92.32816, 24.13517 ], [ 92.32825, 24.12459 ], [ 92.3317, 24.11314 ], [ 92.32932, 24.11034 ], [ 92.33231, 24.10527 ], [ 92.32971, 24.10115 ], [ 92.32702, 24.07644 ], [ 92.3168, 24.06676 ], [ 92.32175, 24.05872 ], [ 92.32032, 24.05117 ], [ 92.31527, 24.04869 ], [ 92.3172, 24.0375 ], [ 92.31932, 24.03128 ], [ 92.3167, 24.02797 ], [ 92.32172, 24.01878 ], [ 92.31886, 24.0192 ], [ 92.31716, 24.01763 ], [ 92.32906, 23.98965 ], [ 92.31964, 23.97532 ], [ 92.31263, 23.97021 ], [ 92.31334, 23.96097 ], [ 92.31262, 23.95745 ], [ 92.3134, 23.93453 ], [ 92.32117, 23.92611 ], [ 92.33066, 23.92145 ], [ 92.32986, 23.90552 ], [ 92.3236, 23.90468 ], [ 92.32157, 23.8914 ], [ 92.31828, 23.88796 ], [ 92.31933, 23.88368 ], [ 92.31656, 23.88167 ], [ 92.31711, 23.87918 ], [ 92.32041, 23.87801 ], [ 92.32198, 23.86981 ], [ 92.31822, 23.86705 ], [ 92.31957, 23.8652 ], [ 92.3073, 23.86387 ], [ 92.30064, 23.86644 ], [ 92.29514, 23.87011 ], [ 92.29391, 23.87132 ], [ 92.2878, 23.86696 ], [ 92.27414, 23.84361 ], [ 92.27709, 23.83658 ], [ 92.28207, 23.8309 ], [ 92.2836, 23.8242 ], [ 92.28345, 23.82344 ], [ 92.28679, 23.81678 ], [ 92.28077, 23.81513 ], [ 92.26948, 23.81778 ], [ 92.26234, 23.80488 ], [ 92.26711, 23.7619 ], [ 92.26635, 23.73873 ], [ 92.2685, 23.72861 ], [ 92.24745, 23.7241 ], [ 92.24052, 23.70842 ], [ 92.24691, 23.69176 ], [ 92.22844, 23.65919 ], [ 92.21294, 23.6642 ], [ 92.21773, 23.69519 ], [ 92.18007, 23.72142 ], [ 92.181, 23.74155 ], [ 92.15046, 23.73249 ], [ 92.10589, 23.67647 ], [ 92.09065, 23.67712 ], [ 92.08703, 23.65387 ], [ 92.07067, 23.64465 ], [ 92.03553, 23.66166 ], [ 92.02678, 23.6574 ], [ 92.00198, 23.68861 ], [ 91.98362, 23.72974 ], [ 91.96211, 23.7277 ], [ 91.95733, 23.69912 ], [ 91.94231, 23.68181 ], [ 91.95667, 23.61792 ], [ 91.95468, 23.59594 ], [ 91.96387, 23.57883 ], [ 91.9656, 23.55401 ], [ 91.96133, 23.5162 ], [ 91.97606, 23.49596 ], [ 91.94139, 23.46083 ], [ 91.94178, 23.43759 ], [ 91.90351, 23.44145 ], [ 91.87239, 23.41475 ], [ 91.85046, 23.40277 ], [ 91.84397, 23.38037 ], [ 91.80822, 23.33866 ], [ 91.79026, 23.3091 ], [ 91.77091, 23.26376 ], [ 91.77852, 23.24084 ], [ 91.79217, 23.22931 ], [ 91.78843, 23.21448 ], [ 91.79941, 23.19668 ], [ 91.81452, 23.13872 ], [ 91.81208, 23.13069 ], [ 91.83452, 23.09188 ], [ 91.82338, 23.07566 ], [ 91.77797, 23.06493 ], [ 91.78703, 23.03665 ], [ 91.77124, 23.03678 ], [ 91.75605, 23.01562 ], [ 91.72811, 22.99689 ], [ 91.69834, 23.00264 ], [ 91.68562, 22.98786 ], [ 91.65704, 22.98667 ], [ 91.63449, 22.96754 ], [ 91.62426, 22.95131 ], [ 91.60485, 22.95604 ], [ 91.5628, 22.97645 ], [ 91.5626, 22.98968 ], [ 91.54684, 22.99943 ], [ 91.5542, 23.03378 ], [ 91.53851, 23.03472 ], [ 91.53929, 23.06206 ], [ 91.5155, 23.10556 ], [ 91.52077, 23.11973 ], [ 91.4983, 23.15081 ], [ 91.50636, 23.18662 ], [ 91.48952, 23.20221 ], [ 91.46206, 23.24188 ], [ 91.45779, 23.2559 ], [ 91.42178, 23.25724 ], [ 91.39582, 23.22344 ], [ 91.38884, 23.17946 ], [ 91.39147, 23.15258 ], [ 91.41, 23.10681 ], [ 91.40801, 23.09473 ], [ 91.422, 23.05925 ], [ 91.40228, 23.0518 ], [ 91.37768, 23.06405 ], [ 91.35317, 23.10135 ], [ 91.33934, 23.15101 ], [ 91.33034, 23.15767 ], [ 91.33089, 23.21579 ], [ 91.32534, 23.25375 ], [ 91.30642, 23.29056 ], [ 91.32155, 23.30217 ], [ 91.31592, 23.31428 ], [ 91.29726, 23.32098 ], [ 91.30927, 23.35524 ], [ 91.29208, 23.36607 ], [ 91.28344, 23.38645 ], [ 91.28329, 23.41041 ], [ 91.25986, 23.44848 ], [ 91.25378, 23.48972 ], [ 91.22825, 23.49975 ], [ 91.22712, 23.51401 ], [ 91.20419, 23.52423 ], [ 91.21075, 23.54679 ], [ 91.19849, 23.54908 ], [ 91.19363, 23.57474 ], [ 91.16901, 23.59513 ], [ 91.16259, 23.62827 ], [ 91.17616, 23.65719 ], [ 91.20708, 23.65142 ], [ 91.20844, 23.68268 ], [ 91.20101, 23.69243 ], [ 91.15829, 23.69122 ], [ 91.15585, 23.72344 ], [ 91.17236, 23.75206 ], [ 91.21091, 23.75156 ], [ 91.22462, 23.7401 ], [ 91.23409, 23.76936 ], [ 91.231, 23.79173 ], [ 91.23762, 23.81153 ], [ 91.25761, 23.83965 ], [ 91.23769, 23.87991 ], [ 91.23216, 23.89949 ], [ 91.24886, 23.90891 ], [ 91.2443, 23.92389 ], [ 91.27627, 23.92624 ], [ 91.26608, 23.94864 ], [ 91.28156, 23.98019 ], [ 91.29966, 23.97272 ], [ 91.30641, 23.99857 ], [ 91.36058, 23.98651 ], [ 91.37903, 23.97869 ], [ 91.37433, 24.00789 ], [ 91.39083, 24.02905 ], [ 91.39651, 24.05135 ], [ 91.37708, 24.08125 ], [ 91.37543, 24.10753 ], [ 91.41032, 24.11111 ], [ 91.46381, 24.09761 ], [ 91.49049, 24.0978 ], [ 91.49643, 24.08868 ], [ 91.51909, 24.08631 ], [ 91.5452, 24.07612 ], [ 91.5962, 24.08021 ], [ 91.61192, 24.09461 ], [ 91.63408, 24.10257 ], [ 91.64227, 24.11632 ], [ 91.63595, 24.13934 ], [ 91.64449, 24.16939 ], [ 91.66023, 24.18757 ], [ 91.64809, 24.21437 ], [ 91.66833, 24.20977 ], [ 91.68494, 24.16937 ], [ 91.71007, 24.15195 ], [ 91.74033, 24.14122 ], [ 91.76223, 24.14343 ], [ 91.74347, 24.24713 ], [ 91.81556, 24.20895 ], [ 91.84258, 24.22174 ], [ 91.84175, 24.19772 ], [ 91.87198, 24.17411 ], [ 91.87853, 24.14785 ], [ 91.88825, 24.13703 ], [ 91.90987, 24.14227 ], [ 91.91193, 24.17169 ], [ 91.94186, 24.26758 ], [ 91.92043, 24.33575 ], [ 91.95711, 24.35625 ], [ 91.97108, 24.34875 ], [ 91.97452, 24.33156 ], [ 91.99543, 24.32126 ], [ 91.99831, 24.33929 ], [ 91.97844, 24.38054 ], [ 91.99857, 24.39111 ], [ 92.01013, 24.38198 ], [ 92.07189, 24.37533 ], [ 92.09655, 24.37548 ], [ 92.11921, 24.38381 ], [ 92.13755, 24.41022 ], [ 92.13913, 24.42445 ], [ 92.1728, 24.43089 ], [ 92.15779, 24.46038 ], [ 92.15513, 24.47954 ], [ 92.16146, 24.5123 ], [ 92.15588, 24.52423 ], [ 92.17336, 24.53397 ], [ 92.20725, 24.50663 ], [ 92.231, 24.50409 ] ] ] ] } },
{ "type": "Feature", "properties": { "source": "https://simplemaps.com", "id": "INUP", "name": "Uttar Pradesh" }, "geometry": { "type": "MultiPolygon", "coordinates": [ [ [ [ 83.85851, 27.35096 ], [ 83.84934, 27.33561 ], [ 83.82934, 27.32747 ], [ 83.85464, 27.31123 ], [ 83.88795, 27.32647 ], [ 83.90804, 27.33039 ], [ 83.9236, 27.31643 ], [ 83.91883, 27.29266 ], [ 83.89616, 27.27707 ], [ 83.9019, 27.25213 ], [ 83.90762, 27.24803 ], [ 83.94814, 27.23833 ], [ 83.96153, 27.22795 ], [ 83.96329, 27.22108 ], [ 83.97661, 27.20342 ], [ 83.98512, 27.18176 ], [ 83.9842, 27.17871 ], [ 83.96831, 27.1656 ], [ 83.95091, 27.14088 ], [ 83.95364, 27.13194 ], [ 83.95081, 27.12634 ], [ 83.94144, 27.11983 ], [ 83.94035, 27.1023 ], [ 83.94083, 27.08962 ], [ 83.94778, 27.0862 ], [ 83.97787, 27.09262 ], [ 84.00532, 27.10403 ], [ 84.01422, 27.10008 ], [ 84.01893, 27.09344 ], [ 84.01689, 27.08376 ], [ 83.99076, 27.06859 ], [ 84.02427, 27.04472 ], [ 84.03564, 27.04651 ], [ 84.03573, 27.01932 ], [ 84.0427, 27.00312 ], [ 84.04952, 26.99081 ], [ 84.03643, 26.98403 ], [ 84.04346, 26.98039 ], [ 84.04126, 26.96801 ], [ 84.04666, 26.96194 ], [ 84.03862, 26.95776 ], [ 84.03515, 26.94872 ], [ 84.03169, 26.94933 ], [ 84.0249, 26.94272 ], [ 84.02981, 26.93957 ], [ 84.04522, 26.93042 ], [ 84.04924, 26.91459 ], [ 84.0424, 26.90913 ], [ 84.04514, 26.90474 ], [ 84.0508, 26.90165 ], [ 84.04898, 26.89994 ], [ 84.05905, 26.89078 ], [ 84.07626, 26.87878 ], [ 84.08789, 26.88235 ], [ 84.09262, 26.87783 ], [ 84.09987, 26.88799 ], [ 84.13025, 26.88527 ], [ 84.14074, 26.88391 ], [ 84.1393, 26.87404 ], [ 84.13165, 26.85569 ], [ 84.15054, 26.83947 ], [ 84.16892, 26.83452 ], [ 84.17533, 26.84594 ], [ 84.17647, 26.85334 ], [ 84.20922, 26.87099 ], [ 84.22196, 26.87018 ], [ 84.23538, 26.86434 ], [ 84.24564, 26.85872 ], [ 84.25042, 26.83782 ], [ 84.24284, 26.82182 ], [ 84.24852, 26.8209 ], [ 84.2523, 26.80868 ], [ 84.24849, 26.79268 ], [ 84.24113, 26.77543 ], [ 84.22461, 26.7571 ], [ 84.24228, 26.73077 ], [ 84.25449, 26.73427 ], [ 84.26678, 26.74207 ], [ 84.27861, 26.75124 ], [ 84.29803, 26.75327 ], [ 84.30562, 26.73768 ], [ 84.31851, 26.71623 ], [ 84.32334, 26.68848 ], [ 84.33707, 26.68144 ], [ 84.35012, 26.6814 ], [ 84.36675, 26.67881 ], [ 84.40224, 26.67122 ], [ 84.40479, 26.64275 ], [ 84.4144, 26.62717 ], [ 84.32549, 26.61532 ], [ 84.29703, 26.6157 ], [ 84.27222, 26.59936 ], [ 84.20199, 26.62434 ], [ 84.16725, 26.62417 ], [ 84.15203, 26.6385 ], [ 84.10608, 26.63723 ], [ 84.08042, 26.64075 ], [ 84.08476, 26.61056 ], [ 84.04932, 26.56159 ], [ 84.04776, 26.54349 ], [ 84.00069, 26.52501 ], [ 83.97419, 26.53194 ], [ 83.96542, 26.51174 ], [ 83.93049, 26.52478 ], [ 83.90221, 26.51808 ], [ 83.90679, 26.50676 ], [ 83.90228, 26.45025 ], [ 83.94627, 26.43811 ], [ 83.98347, 26.4349 ], [ 83.99045, 26.44763 ], [ 84.01611, 26.44197 ], [ 84.0164, 26.43192 ], [ 84.03619, 26.40784 ], [ 84.05498, 26.40205 ], [ 84.06152, 26.39009 ], [ 84.11675, 26.38525 ], [ 84.17136, 26.37398 ], [ 84.16721, 26.33811 ], [ 84.18174, 26.31704 ], [ 84.17151, 26.30369 ], [ 84.16816, 26.27368 ], [ 84.1574, 26.26092 ], [ 84.11295, 26.26192 ], [ 84.11046, 26.24183 ], [ 84.09229, 26.24022 ], [ 84.07358, 26.22488 ], [ 84.03363, 26.23209 ], [ 84.00211, 26.19014 ], [ 84.00302, 26.17823 ], [ 84.02785, 26.16296 ], [ 84.01814, 26.14512 ], [ 84.0424, 26.13155 ], [ 84.04906, 26.0997 ], [ 84.09104, 26.09654 ], [ 84.11605, 26.07488 ], [ 84.13667, 26.04701 ], [ 84.16727, 26.02547 ], [ 84.17244, 25.99879 ], [ 84.19228, 25.98954 ], [ 84.20181, 26.00056 ], [ 84.24049, 25.98276 ], [ 84.29156, 25.94828 ], [ 84.31385, 25.94797 ], [ 84.35139, 25.95934 ], [ 84.38629, 25.93818 ], [ 84.4083, 25.93135 ], [ 84.43118, 25.89267 ], [ 84.48528, 25.88925 ], [ 84.50652, 25.87238 ], [ 84.52864, 25.87774 ], [ 84.52698, 25.83433 ], [ 84.54685, 25.84132 ], [ 84.58716, 25.8196 ], [ 84.62112, 25.79236 ], [ 84.60053, 25.76063 ], [ 84.62628, 25.7416 ], [ 84.61306, 25.73074 ], [ 84.59552, 25.73911 ], [ 84.55563, 25.73641 ], [ 84.55861, 25.70098 ], [ 84.55233, 25.68403 ], [ 84.53139, 25.69283 ], [ 84.51638, 25.67771 ], [ 84.48934, 25.69109 ], [ 84.46651, 25.68551 ], [ 84.44878, 25.71449 ], [ 84.42417, 25.71172 ], [ 84.42361, 25.69508 ], [ 84.40188, 25.6995 ], [ 84.39365, 25.7289 ], [ 84.35441, 25.74362 ], [ 84.32562, 25.7371 ], [ 84.31859, 25.67194 ], [ 84.29013, 25.66283 ], [ 84.21708, 25.66406 ], [ 84.19951, 25.67235 ], [ 84.19431, 25.70342 ], [ 84.1675, 25.72175 ], [ 84.14835, 25.72601 ], [ 84.10787, 25.72364 ], [ 84.08289, 25.71269 ], [ 84.06965, 25.69561 ], [ 84.0797, 25.65273 ], [ 84.07651, 25.63753 ], [ 84.01424, 25.61613 ], [ 83.94432, 25.56734 ], [ 83.92098, 25.56173 ], [ 83.89281, 25.52546 ], [ 83.87296, 25.5204 ], [ 83.87126, 25.50319 ], [ 83.85112, 25.47372 ], [ 83.83379, 25.46296 ], [ 83.83837, 25.43689 ], [ 83.80294, 25.43286 ], [ 83.79661, 25.40828 ], [ 83.78227, 25.39873 ], [ 83.74809, 25.40434 ], [ 83.70947, 25.39525 ], [ 83.68629, 25.36945 ], [ 83.65617, 25.36366 ], [ 83.62006, 25.32858 ], [ 83.61066, 25.33259 ], [ 83.57224, 25.31762 ], [ 83.54436, 25.31314 ], [ 83.50807, 25.2862 ], [ 83.48026, 25.28241 ], [ 83.46028, 25.25197 ], [ 83.44295, 25.25926 ], [ 83.40927, 25.24928 ], [ 83.38822, 25.20701 ], [ 83.36026, 25.19635 ], [ 83.34961, 25.19894 ], [ 83.34321, 25.15867 ], [ 83.35344, 25.14916 ], [ 83.35376, 25.11037 ], [ 83.34013, 25.1124 ], [ 83.32346, 25.04805 ], [ 83.3165, 25.03838 ], [ 83.31966, 25.01554 ], [ 83.34387, 25.01048 ], [ 83.34393, 24.96388 ], [ 83.35702, 24.95535 ], [ 83.35803, 24.91399 ], [ 83.35139, 24.90306 ], [ 83.36827, 24.86318 ], [ 83.39039, 24.83308 ], [ 83.3956, 24.81099 ], [ 83.3868, 24.78422 ], [ 83.41129, 24.77532 ], [ 83.43424, 24.75685 ], [ 83.45309, 24.73332 ], [ 83.47984, 24.73783 ], [ 83.48071, 24.70573 ], [ 83.48961, 24.70586 ], [ 83.51319, 24.67892 ], [ 83.49948, 24.66848 ], [ 83.49752, 24.65166 ], [ 83.51591, 24.64282 ], [ 83.53453, 24.6156 ], [ 83.51743, 24.60323 ], [ 83.52499, 24.58504 ], [ 83.51718, 24.54917 ], [ 83.49342, 24.54207 ], [ 83.49817, 24.52706 ], [ 83.42636, 24.51278 ], [ 83.39301, 24.50119 ], [ 83.39256, 24.48028 ], [ 83.38141, 24.45565 ], [ 83.40067, 24.43714 ], [ 83.39896, 24.41208 ], [ 83.42989, 24.40379 ], [ 83.44321, 24.37279 ], [ 83.43431, 24.34747 ], [ 83.40333, 24.33739 ], [ 83.37561, 24.31345 ], [ 83.39616, 24.29339 ], [ 83.40189, 24.266 ], [ 83.3769, 24.23093 ], [ 83.37834, 24.20079 ], [ 83.35735, 24.15684 ], [ 83.34901, 24.12644 ], [ 83.32356, 24.10133 ], [ 83.29243, 24.07721 ], [ 83.2768, 24.04567 ], [ 83.27608, 24.02328 ], [ 83.21603, 23.9894 ], [ 83.21121, 23.96036 ], [ 83.18957, 23.9211 ], [ 83.14522, 23.90994 ], [ 83.12741, 23.89002 ], [ 83.0866, 23.87817 ], [ 83.06104, 23.87524 ], [ 83.03644, 23.88305 ], [ 82.98396, 23.87955 ], [ 82.95359, 23.87277 ], [ 82.93882, 23.87587 ], [ 82.92517, 23.89071 ], [ 82.88119, 23.91028 ], [ 82.86296, 23.92553 ], [ 82.8489, 23.94683 ], [ 82.82072, 23.96496 ], [ 82.80778, 23.96306 ], [ 82.79872, 23.97662 ], [ 82.80147, 24.00106 ], [ 82.74589, 24.01311 ], [ 82.73992, 24.03105 ], [ 82.75577, 24.0436 ], [ 82.75492, 24.07324 ], [ 82.72628, 24.08257 ], [ 82.7084, 24.08076 ], [ 82.70136, 24.09707 ], [ 82.66353, 24.12393 ], [ 82.65739, 24.1348 ], [ 82.67085, 24.15847 ], [ 82.68836, 24.14423 ], [ 82.72037, 24.13899 ], [ 82.72308, 24.15681 ], [ 82.73614, 24.16835 ], [ 82.727, 24.22326 ], [ 82.74992, 24.23613 ], [ 82.75059, 24.26813 ], [ 82.76414, 24.29243 ], [ 82.75982, 24.31908 ], [ 82.7645, 24.34755 ], [ 82.76058, 24.37304 ], [ 82.7185, 24.37122 ], [ 82.70716, 24.38518 ], [ 82.71497, 24.41617 ], [ 82.72572, 24.42626 ], [ 82.72377, 24.47633 ], [ 82.73655, 24.49977 ], [ 82.71564, 24.5133 ], [ 82.71611, 24.55714 ], [ 82.74602, 24.54152 ], [ 82.80077, 24.55268 ], [ 82.79637, 24.59976 ], [ 82.76826, 24.59754 ], [ 82.7658, 24.64163 ], [ 82.72746, 24.64647 ], [ 82.70207, 24.64211 ], [ 82.6917, 24.64864 ], [ 82.69595, 24.67572 ], [ 82.66555, 24.69986 ], [ 82.63644, 24.68784 ], [ 82.58765, 24.67373 ], [ 82.57397, 24.663 ], [ 82.52927, 24.65196 ], [ 82.51843, 24.67834 ], [ 82.48676, 24.6755 ], [ 82.47668, 24.68358 ], [ 82.44885, 24.6779 ], [ 82.44839, 24.69062 ], [ 82.43231, 24.70628 ], [ 82.42015, 24.70525 ], [ 82.4016, 24.6838 ], [ 82.41179, 24.65785 ], [ 82.40353, 24.63616 ], [ 82.40917, 24.59783 ], [ 82.36085, 24.602 ], [ 82.34596, 24.6188 ], [ 82.32977, 24.62375 ], [ 82.3094, 24.61294 ], [ 82.29842, 24.62801 ], [ 82.29189, 24.66478 ], [ 82.26949, 24.68187 ], [ 82.22885, 24.67459 ], [ 82.22869, 24.69076 ], [ 82.24305, 24.70176 ], [ 82.23837, 24.75441 ], [ 82.22774, 24.76556 ], [ 82.19567, 24.76375 ], [ 82.20872, 24.79777 ], [ 82.17336, 24.80096 ], [ 82.15939, 24.79226 ], [ 82.13225, 24.80448 ], [ 82.11219, 24.79226 ], [ 82.10001, 24.80995 ], [ 82.08187, 24.82211 ], [ 82.0652, 24.82344 ], [ 82.00489, 24.85069 ], [ 81.96498, 24.84142 ], [ 81.96156, 24.83173 ], [ 81.92673, 24.86079 ], [ 81.92838, 24.87306 ], [ 81.90266, 24.88413 ], [ 81.89846, 24.90518 ], [ 81.91031, 24.9205 ], [ 81.90411, 24.94227 ], [ 81.90164, 24.98282 ], [ 81.87352, 25.00214 ], [ 81.8463, 25.00712 ], [ 81.82937, 25.01933 ], [ 81.79166, 25.01001 ], [ 81.71641, 25.05297 ], [ 81.70536, 25.0379 ], [ 81.68189, 25.04377 ], [ 81.6778, 25.06468 ], [ 81.64684, 25.07504 ], [ 81.6219, 25.05692 ], [ 81.59447, 25.07693 ], [ 81.63195, 25.10327 ], [ 81.61675, 25.12262 ], [ 81.59103, 25.12299 ], [ 81.59212, 25.13638 ], [ 81.61966, 25.15564 ], [ 81.60549, 25.16563 ], [ 81.58178, 25.16827 ], [ 81.588, 25.18379 ], [ 81.5664, 25.19575 ], [ 81.53254, 25.18542 ], [ 81.51285, 25.1879 ], [ 81.51074, 25.17368 ], [ 81.52728, 25.16662 ], [ 81.51874, 25.15183 ], [ 81.492, 25.14876 ], [ 81.47743, 25.13843 ], [ 81.47772, 25.12109 ], [ 81.49314, 25.11065 ], [ 81.49462, 25.08211 ], [ 81.48373, 25.07494 ], [ 81.43641, 25.09616 ], [ 81.43857, 25.114 ], [ 81.42778, 25.13361 ], [ 81.38903, 25.12426 ], [ 81.36561, 25.14425 ], [ 81.34941, 25.16735 ], [ 81.32996, 25.17249 ], [ 81.26865, 25.16519 ], [ 81.27477, 25.15342 ], [ 81.25974, 25.14118 ], [ 81.25796, 25.11685 ], [ 81.2457, 25.10554 ], [ 81.25912, 25.0873 ], [ 81.26159, 25.06846 ], [ 81.24757, 25.04149 ], [ 81.22024, 25.00724 ], [ 81.2017, 24.99573 ], [ 81.2123, 24.97774 ], [ 81.20128, 24.97026 ], [ 81.206, 24.93924 ], [ 81.16143, 24.95851 ], [ 81.15549, 24.93197 ], [ 81.14008, 24.91644 ], [ 81.12817, 24.89362 ], [ 81.0895, 24.92448 ], [ 81.07642, 24.95226 ], [ 81.02667, 24.95497 ], [ 81.00002, 24.94021 ], [ 80.95287, 24.93944 ], [ 80.93682, 24.9725 ], [ 80.8973, 24.95672 ], [ 80.8887, 24.94744 ], [ 80.85661, 24.93595 ], [ 80.82082, 24.93659 ], [ 80.8022, 24.94446 ], [ 80.7988, 24.97489 ], [ 80.81864, 24.97363 ], [ 80.85025, 25.00314 ], [ 80.82912, 25.02998 ], [ 80.84113, 25.05128 ], [ 80.87065, 25.07105 ], [ 80.86425, 25.08816 ], [ 80.87299, 25.10257 ], [ 80.86498, 25.12365 ], [ 80.88527, 25.14001 ], [ 80.90556, 25.16448 ], [ 80.86954, 25.18866 ], [ 80.83628, 25.19268 ], [ 80.84189, 25.16794 ], [ 80.8321, 25.14141 ], [ 80.81864, 25.13055 ], [ 80.79958, 25.14642 ], [ 80.78214, 25.13708 ], [ 80.75086, 25.1417 ], [ 80.7173, 25.12892 ], [ 80.71901, 25.10402 ], [ 80.74577, 25.0994 ], [ 80.77598, 25.0843 ], [ 80.77594, 25.06169 ], [ 80.7336, 25.06244 ], [ 80.7272, 25.07182 ], [ 80.67357, 25.05417 ], [ 80.67926, 25.08182 ], [ 80.65374, 25.07646 ], [ 80.64146, 25.09315 ], [ 80.60847, 25.0986 ], [ 80.6223, 25.12202 ], [ 80.59459, 25.15524 ], [ 80.58778, 25.1091 ], [ 80.60676, 25.0762 ], [ 80.57867, 25.08826 ], [ 80.54342, 25.06766 ], [ 80.519, 25.08193 ], [ 80.50951, 25.10102 ], [ 80.4873, 25.0918 ], [ 80.50232, 25.06286 ], [ 80.47018, 25.04469 ], [ 80.45997, 25.0697 ], [ 80.44071, 25.08207 ], [ 80.42273, 25.07132 ], [ 80.39413, 25.07202 ], [ 80.37926, 25.05595 ], [ 80.36782, 25.02543 ], [ 80.32594, 25.00311 ], [ 80.3141, 25.00351 ], [ 80.2892, 25.02114 ], [ 80.26694, 25.03024 ], [ 80.28196, 25.06322 ], [ 80.30479, 25.07551 ], [ 80.32284, 25.10665 ], [ 80.34753, 25.13002 ], [ 80.34862, 25.14069 ], [ 80.38676, 25.16288 ], [ 80.41548, 25.16529 ], [ 80.4237, 25.17414 ], [ 80.40166, 25.22095 ], [ 80.39906, 25.24297 ], [ 80.37803, 25.23751 ], [ 80.35771, 25.25113 ], [ 80.34097, 25.2786 ], [ 80.31201, 25.28215 ], [ 80.30267, 25.29696 ], [ 80.31069, 25.31065 ], [ 80.31174, 25.33421 ], [ 80.30263, 25.35828 ], [ 80.31325, 25.37226 ], [ 80.30905, 25.39184 ], [ 80.27373, 25.42504 ], [ 80.25587, 25.42871 ], [ 80.24519, 25.40489 ], [ 80.22956, 25.41092 ], [ 80.21403, 25.40423 ], [ 80.18883, 25.40643 ], [ 80.1879, 25.38365 ], [ 80.15918, 25.37765 ], [ 80.15913, 25.3662 ], [ 80.13712, 25.35573 ], [ 80.12708, 25.34062 ], [ 80.0833, 25.35583 ], [ 80.07002, 25.3431 ], [ 80.02074, 25.34316 ], [ 80.00991, 25.32475 ], [ 80.01265, 25.30172 ], [ 79.99386, 25.28884 ], [ 79.99734, 25.27013 ], [ 79.94922, 25.2653 ], [ 79.921, 25.25071 ], [ 79.8936, 25.24621 ], [ 79.87246, 25.25379 ], [ 79.84523, 25.23655 ], [ 79.86304, 25.21919 ], [ 79.85185, 25.20348 ], [ 79.8626, 25.17697 ], [ 79.86059, 25.15606 ], [ 79.84268, 25.11633 ], [ 79.8559, 25.0985 ], [ 79.82722, 25.10012 ], [ 79.76922, 25.12526 ], [ 79.73958, 25.14296 ], [ 79.70728, 25.13332 ], [ 79.6766, 25.13699 ], [ 79.66617, 25.12712 ], [ 79.63285, 25.13283 ], [ 79.62003, 25.14267 ], [ 79.59855, 25.14535 ], [ 79.57397, 25.15945 ], [ 79.56894, 25.17552 ], [ 79.55034, 25.1694 ], [ 79.52869, 25.13738 ], [ 79.51377, 25.12572 ], [ 79.51723, 25.10179 ], [ 79.50016, 25.0992 ], [ 79.48988, 25.08275 ], [ 79.46053, 25.09633 ], [ 79.47018, 25.13068 ], [ 79.43637, 25.10782 ], [ 79.43526, 25.12653 ], [ 79.4184, 25.13352 ], [ 79.40919, 25.11566 ], [ 79.38929, 25.12058 ], [ 79.38023, 25.14912 ], [ 79.38387, 25.17028 ], [ 79.40389, 25.18958 ], [ 79.40958, 25.20876 ], [ 79.43214, 25.20278 ], [ 79.4424, 25.22095 ], [ 79.43418, 25.24178 ], [ 79.45285, 25.2565 ], [ 79.40122, 25.26236 ], [ 79.40189, 25.27925 ], [ 79.37257, 25.29332 ], [ 79.36574, 25.26807 ], [ 79.35297, 25.26538 ], [ 79.34971, 25.28842 ], [ 79.33448, 25.3174 ], [ 79.34589, 25.33304 ], [ 79.29473, 25.34022 ], [ 79.26014, 25.31024 ], [ 79.25651, 25.27947 ], [ 79.27111, 25.2665 ], [ 79.28646, 25.28107 ], [ 79.31469, 25.26139 ], [ 79.34009, 25.27276 ], [ 79.34112, 25.23049 ], [ 79.31078, 25.21948 ], [ 79.29333, 25.2402 ], [ 79.27802, 25.21064 ], [ 79.28352, 25.18946 ], [ 79.30189, 25.17534 ], [ 79.31454, 25.15188 ], [ 79.30099, 25.13083 ], [ 79.28218, 25.13352 ], [ 79.27654, 25.12026 ], [ 79.25455, 25.13046 ], [ 79.26208, 25.14116 ], [ 79.2506, 25.16121 ], [ 79.22518, 25.15817 ], [ 79.23754, 25.14283 ], [ 79.23838, 25.11637 ], [ 79.19794, 25.12819 ], [ 79.18485, 25.15113 ], [ 79.16837, 25.14531 ], [ 79.17931, 25.11769 ], [ 79.13338, 25.11106 ], [ 79.12511, 25.12922 ], [ 79.10781, 25.1437 ], [ 79.11921, 25.16344 ], [ 79.09058, 25.17623 ], [ 79.0843, 25.19253 ], [ 79.06408, 25.17249 ], [ 79.05805, 25.15082 ], [ 79.03889, 25.13723 ], [ 79.02177, 25.14319 ], [ 79.03578, 25.1739 ], [ 79.0246, 25.18657 ], [ 79.05644, 25.22571 ], [ 79.02648, 25.23467 ], [ 79.01475, 25.24775 ], [ 79.01236, 25.27404 ], [ 78.98677, 25.27496 ], [ 78.97231, 25.24283 ], [ 78.995, 25.23228 ], [ 79.00036, 25.21605 ], [ 78.98241, 25.19915 ], [ 78.96921, 25.21663 ], [ 78.95284, 25.22069 ], [ 78.92423, 25.2106 ], [ 78.90064, 25.18054 ], [ 78.87714, 25.16218 ], [ 78.86739, 25.18996 ], [ 78.88162, 25.21547 ], [ 78.86707, 25.23254 ], [ 78.87218, 25.25079 ], [ 78.89645, 25.24994 ], [ 78.9086, 25.27436 ], [ 78.94061, 25.26269 ], [ 78.94379, 25.28007 ], [ 78.97028, 25.29109 ], [ 78.9528, 25.31188 ], [ 78.95577, 25.34776 ], [ 78.93123, 25.33241 ], [ 78.88525, 25.34669 ], [ 78.85644, 25.31696 ], [ 78.87186, 25.2918 ], [ 78.86229, 25.28313 ], [ 78.84595, 25.23379 ], [ 78.83505, 25.2332 ], [ 78.80563, 25.27093 ], [ 78.81216, 25.2941 ], [ 78.79329, 25.2931 ], [ 78.79194, 25.31479 ], [ 78.81457, 25.31096 ], [ 78.83329, 25.33134 ], [ 78.83774, 25.35217 ], [ 78.87475, 25.38766 ], [ 78.90108, 25.38926 ], [ 78.91541, 25.39963 ], [ 78.94341, 25.40312 ], [ 78.93114, 25.37712 ], [ 78.89539, 25.38079 ], [ 78.89696, 25.36521 ], [ 78.93871, 25.35283 ], [ 78.94844, 25.37 ], [ 78.97447, 25.37256 ], [ 78.96817, 25.39655 ], [ 78.97022, 25.42046 ], [ 78.96013, 25.43889 ], [ 78.94259, 25.4417 ], [ 78.92913, 25.42833 ], [ 78.90323, 25.44694 ], [ 78.93004, 25.46859 ], [ 78.93518, 25.4943 ], [ 78.91669, 25.51675 ], [ 78.94189, 25.53115 ], [ 78.94169, 25.55144 ], [ 78.92568, 25.55996 ], [ 78.88554, 25.56077 ], [ 78.86841, 25.54418 ], [ 78.87601, 25.52432 ], [ 78.83395, 25.516 ], [ 78.827, 25.5037 ], [ 78.84604, 25.49138 ], [ 78.85717, 25.46714 ], [ 78.8537, 25.4523 ], [ 78.78953, 25.48351 ], [ 78.75655, 25.47615 ], [ 78.72632, 25.49007 ], [ 78.72465, 25.46331 ], [ 78.74812, 25.44844 ], [ 78.76537, 25.43003 ], [ 78.78945, 25.44202 ], [ 78.79465, 25.4266 ], [ 78.74541, 25.41554 ], [ 78.75864, 25.40409 ], [ 78.76438, 25.3584 ], [ 78.73567, 25.34919 ], [ 78.70385, 25.35865 ], [ 78.70976, 25.37627 ], [ 78.65789, 25.38798 ], [ 78.66909, 25.40388 ], [ 78.70024, 25.42612 ], [ 78.68925, 25.44535 ], [ 78.65797, 25.44383 ], [ 78.63251, 25.43301 ], [ 78.6338, 25.40952 ], [ 78.60349, 25.41707 ], [ 78.57776, 25.37714 ], [ 78.57622, 25.35193 ], [ 78.55602, 25.34861 ], [ 78.52806, 25.36588 ], [ 78.53359, 25.33089 ], [ 78.52508, 25.30653 ], [ 78.50511, 25.30211 ], [ 78.48754, 25.32019 ], [ 78.46926, 25.30332 ], [ 78.42982, 25.29701 ], [ 78.42871, 25.28083 ], [ 78.45403, 25.2706 ], [ 78.48933, 25.29209 ], [ 78.50532, 25.28155 ], [ 78.52085, 25.28804 ], [ 78.53602, 25.27195 ], [ 78.55238, 25.27088 ], [ 78.56858, 25.25861 ], [ 78.56149, 25.22745 ], [ 78.56976, 25.20196 ], [ 78.59371, 25.15739 ], [ 78.59717, 25.09787 ], [ 78.62032, 25.09159 ], [ 78.64193, 25.06149 ], [ 78.64419, 25.03525 ], [ 78.6372, 25.02555 ], [ 78.63202, 24.98372 ], [ 78.62492, 24.96194 ], [ 78.65372, 24.94422 ], [ 78.6684, 24.9024 ], [ 78.69634, 24.89466 ], [ 78.76448, 24.86137 ], [ 78.78054, 24.81497 ], [ 78.76455, 24.79499 ], [ 78.7632, 24.76676 ], [ 78.77239, 24.70414 ], [ 78.75754, 24.67715 ], [ 78.74007, 24.65996 ], [ 78.74798, 24.63705 ], [ 78.75199, 24.60246 ], [ 78.7769, 24.59309 ], [ 78.80183, 24.60783 ], [ 78.83085, 24.60889 ], [ 78.84437, 24.62899 ], [ 78.86281, 24.64112 ], [ 78.88172, 24.6397 ], [ 78.89295, 24.61384 ], [ 78.90439, 24.60431 ], [ 78.91315, 24.5813 ], [ 78.9455, 24.55331 ], [ 78.94037, 24.54315 ], [ 78.94417, 24.50951 ], [ 78.96639, 24.49695 ], [ 78.94314, 24.48488 ], [ 78.92518, 24.48599 ], [ 78.91381, 24.50084 ], [ 78.90094, 24.48837 ], [ 78.9128, 24.46351 ], [ 78.93108, 24.45998 ], [ 78.9444, 24.44326 ], [ 78.98199, 24.44724 ], [ 78.98778, 24.42797 ], [ 78.98087, 24.41783 ], [ 78.96717, 24.37358 ], [ 78.96814, 24.35695 ], [ 78.93246, 24.31889 ], [ 78.90776, 24.30123 ], [ 78.90985, 24.27292 ], [ 78.8791, 24.25401 ], [ 78.88105, 24.22889 ], [ 78.85821, 24.21354 ], [ 78.83877, 24.21468 ], [ 78.82772, 24.20319 ], [ 78.8105, 24.20852 ], [ 78.80571, 24.1843 ], [ 78.7846, 24.18514 ], [ 78.77489, 24.21229 ], [ 78.75429, 24.24725 ], [ 78.74589, 24.23927 ], [ 78.72654, 24.2527 ], [ 78.71858, 24.23915 ], [ 78.69886, 24.23448 ], [ 78.66912, 24.24502 ], [ 78.65445, 24.27374 ], [ 78.61734, 24.29612 ], [ 78.62281, 24.30985 ], [ 78.60478, 24.31574 ], [ 78.57844, 24.35708 ], [ 78.55258, 24.36063 ], [ 78.52763, 24.37447 ], [ 78.51456, 24.39056 ], [ 78.49994, 24.39433 ], [ 78.47533, 24.36743 ], [ 78.4678, 24.33934 ], [ 78.44029, 24.32553 ], [ 78.43478, 24.29766 ], [ 78.41131, 24.28758 ], [ 78.40695, 24.27701 ], [ 78.38567, 24.27305 ], [ 78.36169, 24.2961 ], [ 78.3414, 24.30781 ], [ 78.32658, 24.33847 ], [ 78.36257, 24.37815 ], [ 78.33673, 24.40387 ], [ 78.31831, 24.41035 ], [ 78.26688, 24.44737 ], [ 78.26031, 24.46001 ], [ 78.26324, 24.48308 ], [ 78.23963, 24.48946 ], [ 78.23806, 24.51168 ], [ 78.21972, 24.52278 ], [ 78.22418, 24.54134 ], [ 78.25532, 24.5523 ], [ 78.26985, 24.61538 ], [ 78.25669, 24.64862 ], [ 78.268, 24.6696 ], [ 78.25079, 24.70557 ], [ 78.22632, 24.73625 ], [ 78.21987, 24.75819 ], [ 78.22582, 24.77657 ], [ 78.20897, 24.81307 ], [ 78.1869, 24.84281 ], [ 78.16533, 24.84817 ], [ 78.16332, 24.87099 ], [ 78.17045, 24.88527 ], [ 78.19974, 24.89623 ], [ 78.21391, 24.91557 ], [ 78.25604, 24.94204 ], [ 78.26271, 24.9526 ], [ 78.2896, 24.96814 ], [ 78.30669, 24.98899 ], [ 78.32754, 24.99956 ], [ 78.33807, 25.02734 ], [ 78.33078, 25.04537 ], [ 78.32525, 25.08406 ], [ 78.33266, 25.09324 ], [ 78.367, 25.10452 ], [ 78.38969, 25.12699 ], [ 78.42468, 25.12469 ], [ 78.42294, 25.14537 ], [ 78.44199, 25.15735 ], [ 78.44395, 25.17256 ], [ 78.41727, 25.17278 ], [ 78.40356, 25.18894 ], [ 78.38536, 25.19516 ], [ 78.39554, 25.22118 ], [ 78.37517, 25.22575 ], [ 78.35522, 25.24997 ], [ 78.36222, 25.26543 ], [ 78.34507, 25.28297 ], [ 78.34516, 25.29794 ], [ 78.30803, 25.31099 ], [ 78.33129, 25.33672 ], [ 78.3232, 25.35527 ], [ 78.29423, 25.36762 ], [ 78.33249, 25.40455 ], [ 78.33519, 25.43105 ], [ 78.34759, 25.45484 ], [ 78.36098, 25.4466 ], [ 78.38569, 25.45416 ], [ 78.39375, 25.47125 ], [ 78.42157, 25.47971 ], [ 78.40864, 25.508 ], [ 78.40866, 25.5329 ], [ 78.42613, 25.56145 ], [ 78.44915, 25.55274 ], [ 78.48109, 25.58043 ], [ 78.52752, 25.57293 ], [ 78.54715, 25.5647 ], [ 78.58119, 25.56431 ], [ 78.60421, 25.58729 ], [ 78.62021, 25.57356 ], [ 78.64862, 25.56564 ], [ 78.67702, 25.5941 ], [ 78.71117, 25.60659 ], [ 78.73284, 25.60306 ], [ 78.79455, 25.61755 ], [ 78.80519, 25.62456 ], [ 78.81125, 25.64545 ], [ 78.81133, 25.67448 ], [ 78.79124, 25.71054 ], [ 78.76075, 25.72079 ], [ 78.7458, 25.73802 ], [ 78.74682, 25.74909 ], [ 78.77579, 25.7615 ], [ 78.79955, 25.79936 ], [ 78.8205, 25.7994 ], [ 78.81583, 25.83114 ], [ 78.84098, 25.82064 ], [ 78.84129, 25.8052 ], [ 78.86332, 25.80208 ], [ 78.86575, 25.83435 ], [ 78.84398, 25.84531 ], [ 78.85783, 25.87201 ], [ 78.88371, 25.87647 ], [ 78.88719, 25.89897 ], [ 78.87638, 25.91566 ], [ 78.89427, 25.92585 ], [ 78.91533, 25.94937 ], [ 78.94317, 25.99069 ], [ 78.9505, 26.02582 ], [ 78.94433, 26.03695 ], [ 78.98248, 26.07376 ], [ 79.00315, 26.08179 ], [ 78.97184, 26.1087 ], [ 78.96653, 26.12565 ], [ 78.94439, 26.13752 ], [ 78.96033, 26.15427 ], [ 79.00072, 26.15498 ], [ 79.0034, 26.17296 ], [ 78.97575, 26.19281 ], [ 79.00233, 26.19677 ], [ 79.0182, 26.21252 ], [ 79.01714, 26.23217 ], [ 79.04055, 26.22928 ], [ 79.06267, 26.24693 ], [ 79.04692, 26.25539 ], [ 79.05789, 26.2838 ], [ 79.07769, 26.28722 ], [ 79.09798, 26.31465 ], [ 79.12659, 26.31603 ], [ 79.11662, 26.35357 ], [ 79.0768, 26.36269 ], [ 79.08912, 26.37713 ], [ 79.08073, 26.4055 ], [ 79.11723, 26.41712 ], [ 79.12676, 26.44481 ], [ 79.09287, 26.4573 ], [ 79.06907, 26.44652 ], [ 79.04707, 26.46142 ], [ 79.06346, 26.48476 ], [ 79.06094, 26.5033 ], [ 79.0313, 26.52477 ], [ 79.0331, 26.53599 ], [ 78.99799, 26.55094 ], [ 78.99821, 26.57422 ], [ 78.98212, 26.59418 ], [ 79.00566, 26.61047 ], [ 79.00309, 26.62666 ], [ 78.98687, 26.64737 ], [ 79.00117, 26.6739 ], [ 78.98389, 26.68571 ], [ 78.94789, 26.66263 ], [ 78.93699, 26.67228 ], [ 78.94814, 26.69674 ], [ 78.90395, 26.71338 ], [ 78.86493, 26.70467 ], [ 78.84068, 26.72607 ], [ 78.81139, 26.76547 ], [ 78.76215, 26.76683 ], [ 78.74108, 26.79252 ], [ 78.71838, 26.7817 ], [ 78.71535, 26.80021 ], [ 78.67736, 26.79238 ], [ 78.65902, 26.76923 ], [ 78.62044, 26.7752 ], [ 78.60197, 26.75606 ], [ 78.56585, 26.75769 ], [ 78.51557, 26.78511 ], [ 78.45814, 26.79523 ], [ 78.44558, 26.80343 ], [ 78.42587, 26.83232 ], [ 78.3856, 26.82794 ], [ 78.3625, 26.87133 ], [ 78.3412, 26.87395 ], [ 78.28207, 26.86409 ], [ 78.26779, 26.84966 ], [ 78.26531, 26.82467 ], [ 78.25561, 26.82029 ], [ 78.22299, 26.83721 ], [ 78.20979, 26.83609 ], [ 78.20486, 26.87739 ], [ 78.22657, 26.88263 ], [ 78.24818, 26.90063 ], [ 78.26122, 26.93178 ], [ 78.23274, 26.93369 ], [ 78.1905, 26.94677 ], [ 78.13947, 26.95713 ], [ 78.1149, 26.95486 ], [ 78.11271, 26.92749 ], [ 78.10276, 26.90993 ], [ 78.08682, 26.90201 ], [ 78.06054, 26.9159 ], [ 78.04224, 26.91542 ], [ 78.0443, 26.88453 ], [ 78.0354, 26.87456 ], [ 78.01406, 26.90839 ], [ 77.99189, 26.9109 ], [ 77.97514, 26.89753 ], [ 77.96296, 26.91257 ], [ 77.94197, 26.89979 ], [ 77.92884, 26.91284 ], [ 77.90957, 26.91427 ], [ 77.89011, 26.88946 ], [ 77.87147, 26.9055 ], [ 77.80526, 26.92852 ], [ 77.78886, 26.92228 ], [ 77.7651, 26.93799 ], [ 77.7487, 26.92691 ], [ 77.72392, 26.92295 ], [ 77.71084, 26.90302 ], [ 77.71584, 26.88133 ], [ 77.67167, 26.87407 ], [ 77.6573, 26.85641 ], [ 77.62488, 26.84675 ], [ 77.60854, 26.83451 ], [ 77.57211, 26.83196 ], [ 77.56477, 26.82456 ], [ 77.52069, 26.82201 ], [ 77.51367, 26.8451 ], [ 77.49798, 26.84795 ], [ 77.48099, 26.7878 ], [ 77.49335, 26.76699 ], [ 77.48036, 26.75388 ], [ 77.44831, 26.74675 ], [ 77.46432, 26.76955 ], [ 77.45095, 26.78067 ], [ 77.42859, 26.78579 ], [ 77.43922, 26.81915 ], [ 77.41749, 26.84279 ], [ 77.42247, 26.86702 ], [ 77.45052, 26.87501 ], [ 77.45518, 26.88956 ], [ 77.48247, 26.90378 ], [ 77.57975, 26.93087 ], [ 77.64227, 26.9673 ], [ 77.69192, 26.97899 ], [ 77.71459, 26.99166 ], [ 77.73634, 26.98822 ], [ 77.74529, 27.01336 ], [ 77.73554, 27.03374 ], [ 77.72216, 27.02614 ], [ 77.72231, 27.00034 ], [ 77.70358, 27.00031 ], [ 77.67077, 27.0489 ], [ 77.65703, 27.02273 ], [ 77.59882, 27.02883 ], [ 77.55894, 27.04879 ], [ 77.56568, 27.07801 ], [ 77.54632, 27.08073 ], [ 77.52654, 27.06651 ], [ 77.51823, 27.08809 ], [ 77.54445, 27.1156 ], [ 77.59727, 27.12905 ], [ 77.59239, 27.14012 ], [ 77.60654, 27.15414 ], [ 77.61481, 27.17479 ], [ 77.6308, 27.17021 ], [ 77.65462, 27.17558 ], [ 77.673, 27.20036 ], [ 77.64203, 27.21477 ], [ 77.6442, 27.23888 ], [ 77.6233, 27.26382 ], [ 77.60661, 27.27271 ], [ 77.60909, 27.28799 ], [ 77.59167, 27.30056 ], [ 77.6135, 27.31476 ], [ 77.61634, 27.33831 ], [ 77.59297, 27.33796 ], [ 77.57455, 27.32673 ], [ 77.54275, 27.34243 ], [ 77.49725, 27.38136 ], [ 77.46661, 27.38429 ], [ 77.43189, 27.39916 ], [ 77.41518, 27.42537 ], [ 77.4296, 27.46205 ], [ 77.39359, 27.48194 ], [ 77.39203, 27.50204 ], [ 77.37619, 27.5186 ], [ 77.34026, 27.52477 ], [ 77.33253, 27.53855 ], [ 77.3304, 27.57111 ], [ 77.35011, 27.5934 ], [ 77.32578, 27.59688 ], [ 77.31121, 27.61169 ], [ 77.34232, 27.65303 ], [ 77.33394, 27.70792 ], [ 77.30235, 27.71321 ], [ 77.29634, 27.72983 ], [ 77.31068, 27.73687 ], [ 77.30135, 27.75646 ], [ 77.30415, 27.78801 ], [ 77.27578, 27.80655 ], [ 77.31293, 27.83005 ], [ 77.33933, 27.85959 ], [ 77.37389, 27.8637 ], [ 77.41239, 27.85907 ], [ 77.40155, 27.8819 ], [ 77.4222, 27.89448 ], [ 77.4422, 27.87848 ], [ 77.46982, 27.89473 ], [ 77.47462, 27.91206 ], [ 77.46873, 27.93291 ], [ 77.51921, 27.93188 ], [ 77.53613, 27.9493 ], [ 77.53592, 27.96555 ], [ 77.50958, 27.97333 ], [ 77.53522, 27.99333 ], [ 77.51189, 28.01025 ], [ 77.50652, 28.02234 ], [ 77.47764, 28.0491 ], [ 77.4829, 28.06071 ], [ 77.46887, 28.08601 ], [ 77.47307, 28.10372 ], [ 77.4994, 28.12259 ], [ 77.49891, 28.16301 ], [ 77.53177, 28.17026 ], [ 77.53795, 28.19089 ], [ 77.52328, 28.20717 ], [ 77.51558, 28.22976 ], [ 77.53562, 28.24052 ], [ 77.53878, 28.25441 ], [ 77.51225, 28.25433 ], [ 77.4673, 28.26972 ], [ 77.47225, 28.28121 ], [ 77.49274, 28.28063 ], [ 77.49579, 28.30704 ], [ 77.46641, 28.34121 ], [ 77.49424, 28.35826 ], [ 77.48589, 28.3797 ], [ 77.46954, 28.3943 ], [ 77.47456, 28.41351 ], [ 77.436, 28.43161 ], [ 77.42578, 28.45454 ], [ 77.3978, 28.45864 ], [ 77.3979, 28.47117 ], [ 77.37601, 28.47616 ], [ 77.36048, 28.49786 ], [ 77.33774, 28.50897 ], [ 77.33682, 28.51568 ], [ 77.33051, 28.5241 ], [ 77.31489, 28.54149 ], [ 77.30306, 28.55045 ], [ 77.29365, 28.57972 ], [ 77.29491, 28.58243 ], [ 77.30992, 28.59896 ], [ 77.32784, 28.60488 ], [ 77.33708, 28.6219 ], [ 77.31121, 28.64464 ], [ 77.31757, 28.67162 ], [ 77.32758, 28.69184 ], [ 77.32168, 28.71183 ], [ 77.31716, 28.71722 ], [ 77.29563, 28.71304 ], [ 77.29295, 28.70977 ], [ 77.28365, 28.71898 ], [ 77.27112, 28.73819 ], [ 77.26637, 28.73928 ], [ 77.25617, 28.73992 ], [ 77.2532, 28.75279 ], [ 77.24586, 28.75735 ], [ 77.22904, 28.77244 ], [ 77.22091, 28.7779 ], [ 77.22468, 28.78763 ], [ 77.21305, 28.78644 ], [ 77.20845, 28.78719 ], [ 77.19692, 28.79528 ], [ 77.19444, 28.80229 ], [ 77.21365, 28.8135 ], [ 77.21732, 28.83528 ], [ 77.2048, 28.86291 ], [ 77.19349, 28.86535 ], [ 77.18687, 28.86682 ], [ 77.18177, 28.8898 ], [ 77.21687, 28.90034 ], [ 77.19677, 28.92093 ], [ 77.20537, 28.93646 ], [ 77.19079, 28.94686 ], [ 77.19096, 28.96165 ], [ 77.21419, 29.00596 ], [ 77.1916, 29.02129 ], [ 77.16264, 29.04857 ], [ 77.15719, 29.07753 ], [ 77.12438, 29.10149 ], [ 77.13858, 29.13477 ], [ 77.12662, 29.15402 ], [ 77.13999, 29.18208 ], [ 77.12722, 29.22814 ], [ 77.1428, 29.23779 ], [ 77.12949, 29.27279 ], [ 77.15421, 29.31692 ], [ 77.14645, 29.34506 ], [ 77.12003, 29.34979 ], [ 77.11694, 29.37668 ], [ 77.13865, 29.38391 ], [ 77.12488, 29.42217 ], [ 77.13939, 29.4421 ], [ 77.11784, 29.45646 ], [ 77.12332, 29.48606 ], [ 77.11452, 29.50316 ], [ 77.09761, 29.51201 ], [ 77.08491, 29.53359 ], [ 77.10972, 29.55299 ], [ 77.10198, 29.577 ], [ 77.08562, 29.6008 ], [ 77.1097, 29.64724 ], [ 77.12942, 29.65859 ], [ 77.11998, 29.68026 ], [ 77.12553, 29.69691 ], [ 77.1426, 29.70164 ], [ 77.14021, 29.71727 ], [ 77.11295, 29.7486 ], [ 77.11829, 29.77555 ], [ 77.15238, 29.79328 ], [ 77.15565, 29.81679 ], [ 77.16904, 29.82958 ], [ 77.16759, 29.84639 ], [ 77.18246, 29.87328 ], [ 77.17956, 29.90227 ], [ 77.18913, 29.92204 ], [ 77.20257, 29.93109 ], [ 77.25047, 29.98845 ], [ 77.27314, 30.03404 ], [ 77.27041, 30.04834 ], [ 77.29759, 30.06032 ], [ 77.33174, 30.06445 ], [ 77.37343, 30.09302 ], [ 77.39246, 30.09441 ], [ 77.41419, 30.11111 ], [ 77.41083, 30.14588 ], [ 77.42355, 30.16848 ], [ 77.44685, 30.16861 ], [ 77.47327, 30.18859 ], [ 77.49599, 30.23363 ], [ 77.51984, 30.26013 ], [ 77.53218, 30.28686 ], [ 77.57035, 30.31123 ], [ 77.56989, 30.33711 ], [ 77.59202, 30.37086 ], [ 77.57489, 30.38452 ], [ 77.56306, 30.40449 ], [ 77.6357, 30.41012 ], [ 77.66321, 30.38473 ], [ 77.67387, 30.3846 ], [ 77.6977, 30.35031 ], [ 77.71078, 30.33876 ], [ 77.7513, 30.32465 ], [ 77.81241, 30.29075 ], [ 77.86555, 30.27048 ], [ 77.87148, 30.27442 ], [ 77.91685, 30.25617 ], [ 77.92932, 30.23999 ], [ 77.9044, 30.21521 ], [ 77.896, 30.18629 ], [ 77.87205, 30.16303 ], [ 77.85527, 30.13362 ], [ 77.81997, 30.09364 ], [ 77.78644, 30.09997 ], [ 77.75821, 30.04654 ], [ 77.77389, 30.0321 ], [ 77.75325, 30.01736 ], [ 77.74081, 29.99412 ], [ 77.74014, 29.9589 ], [ 77.71768, 29.93495 ], [ 77.73302, 29.91348 ], [ 77.72009, 29.90279 ], [ 77.70326, 29.86767 ], [ 77.73006, 29.85308 ], [ 77.74215, 29.80952 ], [ 77.7647, 29.78546 ], [ 77.76187, 29.74382 ], [ 77.76926, 29.73465 ], [ 77.75771, 29.71592 ], [ 77.79745, 29.69783 ], [ 77.79252, 29.68192 ], [ 77.8213, 29.66899 ], [ 77.83427, 29.67188 ], [ 77.87388, 29.70197 ], [ 77.89994, 29.69782 ], [ 77.91623, 29.71165 ], [ 77.94082, 29.7146 ], [ 77.9454, 29.68723 ], [ 77.9632, 29.6702 ], [ 77.97702, 29.64206 ], [ 77.97684, 29.61404 ], [ 77.95323, 29.60241 ], [ 77.94823, 29.59035 ], [ 77.98457, 29.58455 ], [ 77.97886, 29.55413 ], [ 78.03256, 29.5517 ], [ 78.04264, 29.57191 ], [ 78.04393, 29.59307 ], [ 78.05925, 29.60161 ], [ 78.07851, 29.59954 ], [ 78.09062, 29.62477 ], [ 78.10698, 29.63318 ], [ 78.134, 29.65851 ], [ 78.13912, 29.6761 ], [ 78.16593, 29.67953 ], [ 78.19353, 29.71006 ], [ 78.22126, 29.71762 ], [ 78.2314, 29.70409 ], [ 78.30293, 29.75759 ], [ 78.33174, 29.79618 ], [ 78.38599, 29.77386 ], [ 78.41257, 29.77242 ], [ 78.42432, 29.76165 ], [ 78.48758, 29.74138 ], [ 78.50745, 29.69083 ], [ 78.51151, 29.65069 ], [ 78.53054, 29.62393 ], [ 78.57648, 29.58057 ], [ 78.6215, 29.55289 ], [ 78.63957, 29.54778 ], [ 78.69336, 29.50887 ], [ 78.72661, 29.50871 ], [ 78.76578, 29.48379 ], [ 78.86575, 29.4596 ], [ 78.90034, 29.45618 ], [ 78.89648, 29.42358 ], [ 78.88719, 29.40899 ], [ 78.8568, 29.38559 ], [ 78.81418, 29.37004 ], [ 78.78445, 29.34293 ], [ 78.75741, 29.34976 ], [ 78.72571, 29.32998 ], [ 78.72756, 29.31279 ], [ 78.75864, 29.28667 ], [ 78.79988, 29.25785 ], [ 78.81378, 29.25229 ], [ 78.83125, 29.26074 ], [ 78.86407, 29.24949 ], [ 78.89916, 29.20259 ], [ 78.90479, 29.16317 ], [ 78.94439, 29.14959 ], [ 78.96663, 29.16555 ], [ 79.00057, 29.11655 ], [ 79.01701, 29.11786 ], [ 79.01279, 29.14913 ], [ 79.04613, 29.15473 ], [ 79.07286, 29.15199 ], [ 79.10075, 29.13168 ], [ 79.11779, 29.13388 ], [ 79.14222, 29.11973 ], [ 79.1432, 29.09895 ], [ 79.13472, 29.08191 ], [ 79.1437, 29.06009 ], [ 79.16541, 29.05126 ], [ 79.15452, 29.02741 ], [ 79.16859, 29.01586 ], [ 79.20403, 29.0291 ], [ 79.23775, 29.00684 ], [ 79.27888, 28.96484 ], [ 79.34962, 28.9521 ], [ 79.35967, 28.97048 ], [ 79.37934, 28.93629 ], [ 79.40144, 28.93226 ], [ 79.39565, 28.88544 ], [ 79.41122, 28.85588 ], [ 79.43346, 28.86164 ], [ 79.45972, 28.85916 ], [ 79.47663, 28.86717 ], [ 79.50724, 28.8633 ], [ 79.53309, 28.89031 ], [ 79.55397, 28.87852 ], [ 79.55093, 28.84589 ], [ 79.57655, 28.85028 ], [ 79.59226, 28.86655 ], [ 79.61904, 28.86758 ], [ 79.65405, 28.84874 ], [ 79.6662, 28.84833 ], [ 79.68644, 28.867 ], [ 79.70962, 28.87921 ], [ 79.76197, 28.88969 ], [ 79.77447, 28.89183 ], [ 79.79064, 28.87743 ], [ 79.79485, 28.86987 ], [ 79.80574, 28.86905 ], [ 79.80863, 28.86283 ], [ 79.80901, 28.85891 ], [ 79.79992, 28.85427 ], [ 79.79431, 28.84303 ], [ 79.7992, 28.83623 ], [ 79.80119, 28.82964 ], [ 79.79782, 28.82081 ], [ 79.79479, 28.81473 ], [ 79.78941, 28.8197 ], [ 79.78336, 28.80542 ], [ 79.80304, 28.80559 ], [ 79.80504, 28.80873 ], [ 79.81129, 28.81138 ], [ 79.81591, 28.81226 ], [ 79.81465, 28.81912 ], [ 79.82446, 28.84479 ], [ 79.85561, 28.83906 ], [ 79.87532, 28.83024 ], [ 79.87547, 28.82129 ], [ 79.85423, 28.82083 ], [ 79.84621, 28.8213 ], [ 79.84649, 28.80496 ], [ 79.86729, 28.79645 ], [ 79.88013, 28.79682 ], [ 79.89481, 28.80145 ], [ 79.90057, 28.7994 ], [ 79.88894, 28.78577 ], [ 79.8921, 28.78126 ], [ 79.89927, 28.77386 ], [ 79.91014, 28.76333 ], [ 79.91808, 28.7522 ], [ 79.92238, 28.73271 ], [ 79.95289, 28.71752 ], [ 79.98826, 28.71702 ], [ 80.01363, 28.73737 ], [ 80.04046, 28.78311 ], [ 80.02569, 28.79985 ], [ 80.05843, 28.83526 ], [ 80.07238, 28.82974 ], [ 80.07671, 28.82438 ], [ 80.1198, 28.82873 ], [ 80.17299, 28.782 ], [ 80.21773, 28.75528 ], [ 80.25229, 28.75782 ], [ 80.2668, 28.74351 ], [ 80.2579, 28.72934 ], [ 80.27922, 28.70992 ], [ 80.29542, 28.71132 ], [ 80.31852, 28.70012 ], [ 80.32758, 28.6663 ], [ 80.36238, 28.64493 ], [ 80.37332, 28.62902 ], [ 80.41642, 28.63911 ], [ 80.43931, 28.63523 ], [ 80.46281, 28.62072 ], [ 80.47334, 28.59053 ], [ 80.50814, 28.56799 ], [ 80.52332, 28.57683 ], [ 80.50519, 28.66523 ], [ 80.54162, 28.69054 ], [ 80.57042, 28.6878 ], [ 80.59204, 28.67973 ], [ 80.58185, 28.66121 ], [ 80.60795, 28.65226 ], [ 80.61329, 28.63921 ], [ 80.6529, 28.6339 ], [ 80.66934, 28.64182 ], [ 80.68127, 28.62045 ], [ 80.67903, 28.60429 ], [ 80.69193, 28.58703 ], [ 80.7163, 28.5679 ], [ 80.74005, 28.57422 ], [ 80.76963, 28.56552 ], [ 80.77124, 28.54961 ], [ 80.79182, 28.54352 ], [ 80.78628, 28.52923 ], [ 80.81722, 28.52065 ], [ 80.85699, 28.49704 ], [ 80.87762, 28.50972 ], [ 80.91031, 28.49754 ], [ 80.90311, 28.48561 ], [ 80.90745, 28.46573 ], [ 80.94652, 28.45472 ], [ 80.98089, 28.43431 ], [ 81.0014, 28.45392 ], [ 81.01469, 28.43814 ], [ 81.03561, 28.42783 ], [ 81.04772, 28.40994 ], [ 81.08154, 28.38484 ], [ 81.21242, 28.36052 ], [ 81.23629, 28.32456 ], [ 81.23454, 28.28889 ], [ 81.28222, 28.23471 ], [ 81.32241, 28.19717 ], [ 81.31979, 28.13342 ], [ 81.33619, 28.14013 ], [ 81.37312, 28.14222 ], [ 81.37694, 28.17689 ], [ 81.4125, 28.17455 ], [ 81.44881, 28.16022 ], [ 81.45177, 28.14075 ], [ 81.48582, 28.11813 ], [ 81.48022, 28.08252 ], [ 81.54907, 28.04904 ], [ 81.64526, 27.99371 ], [ 81.704, 27.98652 ], [ 81.80671, 27.90325 ], [ 81.83542, 27.89742 ], [ 81.87542, 27.86932 ], [ 81.90402, 27.85368 ], [ 81.92802, 27.85965 ], [ 81.92712, 27.87531 ], [ 81.97012, 27.92882 ], [ 81.99312, 27.92912 ], [ 82.07288, 27.92253 ], [ 82.0933, 27.89457 ], [ 82.12522, 27.86484 ], [ 82.15591, 27.86612 ], [ 82.21021, 27.84299 ], [ 82.23233, 27.82062 ], [ 82.2547, 27.80993 ], [ 82.30499, 27.77298 ], [ 82.36902, 27.74241 ], [ 82.40369, 27.70255 ], [ 82.45071, 27.67862 ], [ 82.47516, 27.67634 ], [ 82.51811, 27.69024 ], [ 82.54314, 27.68554 ], [ 82.60702, 27.70579 ], [ 82.62081, 27.70206 ], [ 82.6684, 27.71549 ], [ 82.70704, 27.71636 ], [ 82.72023, 27.68727 ], [ 82.71622, 27.66241 ], [ 82.73962, 27.64055 ], [ 82.73503, 27.61853 ], [ 82.75739, 27.58835 ], [ 82.73962, 27.54673 ], [ 82.75142, 27.52261 ], [ 82.73701, 27.5031 ], [ 82.80361, 27.49639 ], [ 82.83705, 27.50151 ], [ 82.87231, 27.49842 ], [ 82.93162, 27.50087 ], [ 82.95622, 27.46781 ], [ 83.03612, 27.44872 ], [ 83.16652, 27.45752 ], [ 83.19022, 27.45402 ], [ 83.21248, 27.42419 ], [ 83.27422, 27.38342 ], [ 83.26765, 27.36541 ], [ 83.29653, 27.33402 ], [ 83.33376, 27.33247 ], [ 83.35452, 27.33982 ], [ 83.39019, 27.37572 ], [ 83.38682, 27.39012 ], [ 83.40759, 27.4053 ], [ 83.38596, 27.44221 ], [ 83.40398, 27.45749 ], [ 83.39093, 27.47949 ], [ 83.61674, 27.46942 ], [ 83.83322, 27.36951 ], [ 83.85851, 27.35096 ] ] ] ] } },
{ "type": "Feature", "properties": { "source": "https://simplemaps.com", "id": "INUT", "name": "Uttarakhand" }, "geometry": { "type": "MultiPolygon", "coordinates": [ [ [ [ 77.56306, 30.40449 ], [ 77.56288, 30.41708 ], [ 77.60375, 30.43744 ], [ 77.63055, 30.43616 ], [ 77.64024, 30.45235 ], [ 77.66161, 30.44878 ], [ 77.71123, 30.47727 ], [ 77.72144, 30.47777 ], [ 77.76762, 30.50436 ], [ 77.79918, 30.51139 ], [ 77.8122, 30.53805 ], [ 77.80586, 30.56074 ], [ 77.77827, 30.55736 ], [ 77.75353, 30.57023 ], [ 77.73211, 30.60713 ], [ 77.75724, 30.6048 ], [ 77.75661, 30.62032 ], [ 77.77498, 30.64112 ], [ 77.76591, 30.66528 ], [ 77.73341, 30.68583 ], [ 77.7411, 30.71066 ], [ 77.70724, 30.74553 ], [ 77.69395, 30.74617 ], [ 77.68829, 30.76867 ], [ 77.70453, 30.77902 ], [ 77.71942, 30.80831 ], [ 77.74407, 30.83624 ], [ 77.73146, 30.85077 ], [ 77.74452, 30.88119 ], [ 77.76517, 30.86518 ], [ 77.7835, 30.87206 ], [ 77.7864, 30.89605 ], [ 77.80085, 30.91274 ], [ 77.79337, 30.92598 ], [ 77.7456, 30.92231 ], [ 77.73328, 30.9495 ], [ 77.73634, 30.96359 ], [ 77.75392, 30.97684 ], [ 77.79642, 30.96982 ], [ 77.80754, 30.99384 ], [ 77.82471, 31.00519 ], [ 77.80502, 31.05407 ], [ 77.82473, 31.07443 ], [ 77.84283, 31.08129 ], [ 77.85153, 31.11097 ], [ 77.87872, 31.12467 ], [ 77.8804, 31.13743 ], [ 77.90218, 31.15882 ], [ 77.91469, 31.15658 ], [ 77.95476, 31.17878 ], [ 77.96938, 31.16515 ], [ 77.99258, 31.16703 ], [ 78.00772, 31.15708 ], [ 78.02995, 31.18531 ], [ 78.05383, 31.19293 ], [ 78.09238, 31.19283 ], [ 78.11916, 31.21404 ], [ 78.1349, 31.21612 ], [ 78.14783, 31.23157 ], [ 78.17142, 31.23181 ], [ 78.18492, 31.22333 ], [ 78.20682, 31.23723 ], [ 78.23259, 31.23502 ], [ 78.26902, 31.27136 ], [ 78.29342, 31.26604 ], [ 78.29836, 31.28821 ], [ 78.31693, 31.28508 ], [ 78.35632, 31.29087 ], [ 78.36926, 31.2879 ], [ 78.39308, 31.26228 ], [ 78.41946, 31.25988 ], [ 78.44414, 31.2442 ], [ 78.46657, 31.22094 ], [ 78.47011, 31.20375 ], [ 78.53712, 31.20671 ], [ 78.56658, 31.23374 ], [ 78.6006, 31.23585 ], [ 78.636, 31.21958 ], [ 78.65067, 31.19785 ], [ 78.67609, 31.20319 ], [ 78.69557, 31.19629 ], [ 78.74945, 31.19435 ], [ 78.79504, 31.20504 ], [ 78.80051, 31.17826 ], [ 78.81873, 31.14721 ], [ 78.86225, 31.11241 ], [ 78.88004, 31.10384 ], [ 78.90379, 31.11547 ], [ 78.94212, 31.10503 ], [ 78.96565, 31.11537 ], [ 78.9967, 31.11759 ], [ 78.97809, 31.14566 ], [ 78.97187, 31.18237 ], [ 78.94621, 31.19356 ], [ 78.93513, 31.22236 ], [ 78.90991, 31.23389 ], [ 78.90688, 31.25919 ], [ 78.91665, 31.26663 ], [ 78.93021, 31.33788 ], [ 78.98056, 31.35698 ], [ 78.99337, 31.36751 ], [ 79.00683, 31.40062 ], [ 79.03417, 31.42801 ], [ 79.03699, 31.45737 ], [ 79.05678, 31.47226 ], [ 79.07621, 31.45825 ], [ 79.12886, 31.43873 ], [ 79.16345, 31.39892 ], [ 79.17757, 31.37221 ], [ 79.22164, 31.3373 ], [ 79.22105, 31.32028 ], [ 79.24809, 31.29662 ], [ 79.2338, 31.26918 ], [ 79.23389, 31.25404 ], [ 79.26278, 31.24529 ], [ 79.28844, 31.19563 ], [ 79.28212, 31.18091 ], [ 79.29962, 31.14924 ], [ 79.3251, 31.12981 ], [ 79.38185, 31.11835 ], [ 79.39124, 31.08244 ], [ 79.40624, 31.07699 ], [ 79.41309, 31.03755 ], [ 79.49706, 31.04136 ], [ 79.5054, 31.02312 ], [ 79.53771, 30.9913 ], [ 79.53112, 30.9741 ], [ 79.58482, 30.94399 ], [ 79.62424, 30.96533 ], [ 79.64941, 30.97059 ], [ 79.65395, 30.98575 ], [ 79.69638, 30.98169 ], [ 79.72479, 30.99088 ], [ 79.74559, 31.00615 ], [ 79.76032, 30.99312 ], [ 79.80942, 30.97733 ], [ 79.83031, 30.98398 ], [ 79.85493, 30.97891 ], [ 79.87999, 30.92528 ], [ 79.89754, 30.92175 ], [ 79.91505, 30.89222 ], [ 79.94164, 30.892 ], [ 79.99471, 30.86738 ], [ 80.02491, 30.84383 ], [ 80.04411, 30.844 ], [ 80.06949, 30.81934 ], [ 80.07405, 30.79972 ], [ 80.10315, 30.77967 ], [ 80.13752, 30.79604 ], [ 80.13951, 30.81116 ], [ 80.15937, 30.81209 ], [ 80.18485, 30.78663 ], [ 80.19045, 30.76381 ], [ 80.20721, 30.75753 ], [ 80.22282, 30.76523 ], [ 80.23727, 30.74066 ], [ 80.21977, 30.69725 ], [ 80.18285, 30.6796 ], [ 80.1805, 30.66986 ], [ 80.20896, 30.64508 ], [ 80.19922, 30.62754 ], [ 80.21132, 30.61549 ], [ 80.21096, 30.5823 ], [ 80.24023, 30.5654 ], [ 80.278, 30.57448 ], [ 80.3056, 30.5675 ], [ 80.31558, 30.55397 ], [ 80.36829, 30.52687 ], [ 80.40055, 30.53117 ], [ 80.42355, 30.50566 ], [ 80.45689, 30.49389 ], [ 80.4853, 30.49048 ], [ 80.50433, 30.47036 ], [ 80.53059, 30.46109 ], [ 80.5556, 30.46716 ], [ 80.56636, 30.4886 ], [ 80.59356, 30.48223 ], [ 80.64904, 30.44532 ], [ 80.66074, 30.44576 ], [ 80.69981, 30.41834 ], [ 80.73129, 30.40222 ], [ 80.75936, 30.37527 ], [ 80.77244, 30.34811 ], [ 80.81129, 30.31998 ], [ 80.8458, 30.30723 ], [ 80.88349, 30.29962 ], [ 80.91673, 30.28797 ], [ 80.99406, 30.27046 ], [ 81.01098, 30.26279 ], [ 81.01888, 30.23684 ], [ 80.99046, 30.24682 ], [ 80.97791, 30.23799 ], [ 80.92921, 30.23592 ], [ 80.91192, 30.22322 ], [ 80.86457, 30.1689 ], [ 80.88049, 30.1325 ], [ 80.84671, 30.11606 ], [ 80.84705, 30.10229 ], [ 80.82344, 30.0998 ], [ 80.80803, 30.08998 ], [ 80.78143, 30.05693 ], [ 80.76293, 30.04949 ], [ 80.75992, 30.02761 ], [ 80.73981, 29.99952 ], [ 80.72129, 30.00038 ], [ 80.67792, 29.95811 ], [ 80.65032, 29.95589 ], [ 80.63802, 29.9636 ], [ 80.60534, 29.95872 ], [ 80.57603, 29.92344 ], [ 80.57432, 29.89443 ], [ 80.55861, 29.87064 ], [ 80.55523, 29.853 ], [ 80.52345, 29.82702 ], [ 80.50903, 29.82304 ], [ 80.49412, 29.79531 ], [ 80.46561, 29.80231 ], [ 80.40936, 29.7916 ], [ 80.38749, 29.75047 ], [ 80.36586, 29.74015 ], [ 80.38602, 29.67501 ], [ 80.39222, 29.6645 ], [ 80.41819, 29.65117 ], [ 80.42281, 29.63021 ], [ 80.40737, 29.61277 ], [ 80.40949, 29.59492 ], [ 80.38052, 29.56132 ], [ 80.35058, 29.55536 ], [ 80.34341, 29.54161 ], [ 80.35903, 29.53373 ], [ 80.34212, 29.50987 ], [ 80.29776, 29.488 ], [ 80.28968, 29.47197 ], [ 80.30422, 29.45308 ], [ 80.24771, 29.44675 ], [ 80.24335, 29.41159 ], [ 80.27692, 29.39222 ], [ 80.2729, 29.36373 ], [ 80.29863, 29.32371 ], [ 80.31814, 29.31564 ], [ 80.31963, 29.30159 ], [ 80.30596, 29.28531 ], [ 80.2953, 29.19762 ], [ 80.27663, 29.20702 ], [ 80.24242, 29.20332 ], [ 80.25962, 29.18742 ], [ 80.26001, 29.16571 ], [ 80.27441, 29.14475 ], [ 80.25574, 29.1379 ], [ 80.23502, 29.11842 ], [ 80.21139, 29.12177 ], [ 80.18602, 29.13732 ], [ 80.14603, 29.103 ], [ 80.13012, 29.061 ], [ 80.12852, 29.00591 ], [ 80.11955, 28.98171 ], [ 80.09772, 28.97522 ], [ 80.06014, 28.91632 ], [ 80.06634, 28.83729 ], [ 80.07238, 28.82974 ], [ 80.05843, 28.83526 ], [ 80.02569, 28.79985 ], [ 80.04046, 28.78311 ], [ 80.01363, 28.73737 ], [ 79.98826, 28.71702 ], [ 79.95289, 28.71752 ], [ 79.92238, 28.73271 ], [ 79.91808, 28.7522 ], [ 79.91014, 28.76333 ], [ 79.89927, 28.77386 ], [ 79.8921, 28.78126 ], [ 79.88894, 28.78577 ], [ 79.90057, 28.7994 ], [ 79.89481, 28.80145 ], [ 79.88013, 28.79682 ], [ 79.86729, 28.79645 ], [ 79.84649, 28.80496 ], [ 79.84621, 28.8213 ], [ 79.85423, 28.82083 ], [ 79.87547, 28.82129 ], [ 79.87532, 28.83024 ], [ 79.85561, 28.83906 ], [ 79.82446, 28.84479 ], [ 79.81465, 28.81912 ], [ 79.81591, 28.81226 ], [ 79.81129, 28.81138 ], [ 79.80504, 28.80873 ], [ 79.80304, 28.80559 ], [ 79.78336, 28.80542 ], [ 79.78941, 28.8197 ], [ 79.79479, 28.81473 ], [ 79.79782, 28.82081 ], [ 79.80119, 28.82964 ], [ 79.7992, 28.83623 ], [ 79.79431, 28.84303 ], [ 79.79992, 28.85427 ], [ 79.80901, 28.85891 ], [ 79.80863, 28.86283 ], [ 79.80574, 28.86905 ], [ 79.79485, 28.86987 ], [ 79.79064, 28.87743 ], [ 79.77447, 28.89183 ], [ 79.76197, 28.88969 ], [ 79.70962, 28.87921 ], [ 79.68644, 28.867 ], [ 79.6662, 28.84833 ], [ 79.65405, 28.84874 ], [ 79.61904, 28.86758 ], [ 79.59226, 28.86655 ], [ 79.57655, 28.85028 ], [ 79.55093, 28.84589 ], [ 79.55397, 28.87852 ], [ 79.53309, 28.89031 ], [ 79.50724, 28.8633 ], [ 79.47663, 28.86717 ], [ 79.45972, 28.85916 ], [ 79.43346, 28.86164 ], [ 79.41122, 28.85588 ], [ 79.39565, 28.88544 ], [ 79.40144, 28.93226 ], [ 79.37934, 28.93629 ], [ 79.35967, 28.97048 ], [ 79.34962, 28.9521 ], [ 79.27888, 28.96484 ], [ 79.23775, 29.00684 ], [ 79.20403, 29.0291 ], [ 79.16859, 29.01586 ], [ 79.15452, 29.02741 ], [ 79.16541, 29.05126 ], [ 79.1437, 29.06009 ], [ 79.13472, 29.08191 ], [ 79.1432, 29.09895 ], [ 79.14222, 29.11973 ], [ 79.11779, 29.13388 ], [ 79.10075, 29.13168 ], [ 79.07286, 29.15199 ], [ 79.04613, 29.15473 ], [ 79.01279, 29.14913 ], [ 79.01701, 29.11786 ], [ 79.00057, 29.11655 ], [ 78.96663, 29.16555 ], [ 78.94439, 29.14959 ], [ 78.90479, 29.16317 ], [ 78.89916, 29.20259 ], [ 78.86407, 29.24949 ], [ 78.83125, 29.26074 ], [ 78.81378, 29.25229 ], [ 78.79988, 29.25785 ], [ 78.75864, 29.28667 ], [ 78.72756, 29.31279 ], [ 78.72571, 29.32998 ], [ 78.75741, 29.34976 ], [ 78.78445, 29.34293 ], [ 78.81418, 29.37004 ], [ 78.8568, 29.38559 ], [ 78.88719, 29.40899 ], [ 78.89648, 29.42358 ], [ 78.90034, 29.45618 ], [ 78.86575, 29.4596 ], [ 78.76578, 29.48379 ], [ 78.72661, 29.50871 ], [ 78.69336, 29.50887 ], [ 78.63957, 29.54778 ], [ 78.6215, 29.55289 ], [ 78.57648, 29.58057 ], [ 78.53054, 29.62393 ], [ 78.51151, 29.65069 ], [ 78.50745, 29.69083 ], [ 78.48758, 29.74138 ], [ 78.42432, 29.76165 ], [ 78.41257, 29.77242 ], [ 78.38599, 29.77386 ], [ 78.33174, 29.79618 ], [ 78.30293, 29.75759 ], [ 78.2314, 29.70409 ], [ 78.22126, 29.71762 ], [ 78.19353, 29.71006 ], [ 78.16593, 29.67953 ], [ 78.13912, 29.6761 ], [ 78.134, 29.65851 ], [ 78.10698, 29.63318 ], [ 78.09062, 29.62477 ], [ 78.07851, 29.59954 ], [ 78.05925, 29.60161 ], [ 78.04393, 29.59307 ], [ 78.04264, 29.57191 ], [ 78.03256, 29.5517 ], [ 77.97886, 29.55413 ], [ 77.98457, 29.58455 ], [ 77.94823, 29.59035 ], [ 77.95323, 29.60241 ], [ 77.97684, 29.61404 ], [ 77.97702, 29.64206 ], [ 77.9632, 29.6702 ], [ 77.9454, 29.68723 ], [ 77.94082, 29.7146 ], [ 77.91623, 29.71165 ], [ 77.89994, 29.69782 ], [ 77.87388, 29.70197 ], [ 77.83427, 29.67188 ], [ 77.8213, 29.66899 ], [ 77.79252, 29.68192 ], [ 77.79745, 29.69783 ], [ 77.75771, 29.71592 ], [ 77.76926, 29.73465 ], [ 77.76187, 29.74382 ], [ 77.7647, 29.78546 ], [ 77.74215, 29.80952 ], [ 77.73006, 29.85308 ], [ 77.70326, 29.86767 ], [ 77.72009, 29.90279 ], [ 77.73302, 29.91348 ], [ 77.71768, 29.93495 ], [ 77.74014, 29.9589 ], [ 77.74081, 29.99412 ], [ 77.75325, 30.01736 ], [ 77.77389, 30.0321 ], [ 77.75821, 30.04654 ], [ 77.78644, 30.09997 ], [ 77.81997, 30.09364 ], [ 77.85527, 30.13362 ], [ 77.87205, 30.16303 ], [ 77.896, 30.18629 ], [ 77.9044, 30.21521 ], [ 77.92932, 30.23999 ], [ 77.91685, 30.25617 ], [ 77.87148, 30.27442 ], [ 77.86555, 30.27048 ], [ 77.81241, 30.29075 ], [ 77.7513, 30.32465 ], [ 77.71078, 30.33876 ], [ 77.6977, 30.35031 ], [ 77.67387, 30.3846 ], [ 77.66321, 30.38473 ], [ 77.6357, 30.41012 ], [ 77.56306, 30.40449 ] ] ] ] } },
{ "type": "Feature", "properties": { "source": "https://simplemaps.com", "id": "INWB", "name": "West Bengal" }, "geometry": { "type": "MultiPolygon", "coordinates": [ [ [ [ 89.85694, 26.70378 ], [ 89.87143, 26.68353 ], [ 89.86806, 26.65662 ], [ 89.87367, 26.64351 ], [ 89.85729, 26.63209 ], [ 89.86183, 26.61515 ], [ 89.87723, 26.61305 ], [ 89.87755, 26.58424 ], [ 89.865, 26.57027 ], [ 89.86184, 26.53046 ], [ 89.85443, 26.52108 ], [ 89.85269, 26.48778 ], [ 89.87021, 26.46398 ], [ 89.8695, 26.44842 ], [ 89.8552, 26.43405 ], [ 89.84485, 26.41022 ], [ 89.85729, 26.38446 ], [ 89.82706, 26.36665 ], [ 89.78201, 26.35328 ], [ 89.78086, 26.33088 ], [ 89.76196, 26.31707 ], [ 89.75166, 26.32216 ], [ 89.75914, 26.29259 ], [ 89.7571, 26.28853 ], [ 89.74606, 26.29076 ], [ 89.72089, 26.29629 ], [ 89.72276, 26.30755 ], [ 89.71568, 26.30198 ], [ 89.72109, 26.28817 ], [ 89.73367, 26.26646 ], [ 89.73228, 26.26034 ], [ 89.71735, 26.25916 ], [ 89.71085, 26.26456 ], [ 89.70068, 26.26084 ], [ 89.71139, 26.25804 ], [ 89.71642, 26.25526 ], [ 89.71572, 26.24638 ], [ 89.72877, 26.2382 ], [ 89.71818, 26.23162 ], [ 89.71171, 26.22774 ], [ 89.70556, 26.21706 ], [ 89.69957, 26.2189 ], [ 89.69755, 26.21594 ], [ 89.7155, 26.21478 ], [ 89.72438, 26.21729 ], [ 89.72566, 26.20608 ], [ 89.71422, 26.20598 ], [ 89.71613, 26.19133 ], [ 89.71074, 26.18856 ], [ 89.69484, 26.18907 ], [ 89.70254, 26.17712 ], [ 89.70652, 26.17313 ], [ 89.71706, 26.17721 ], [ 89.73418, 26.17499 ], [ 89.73293, 26.17297 ], [ 89.71876, 26.16605 ], [ 89.7131, 26.15442 ], [ 89.68971, 26.15824 ], [ 89.69592, 26.17515 ], [ 89.66087, 26.21767 ], [ 89.63758, 26.22768 ], [ 89.64371, 26.19747 ], [ 89.64139, 26.1788 ], [ 89.62448, 26.17797 ], [ 89.59866, 26.13912 ], [ 89.60539, 26.12663 ], [ 89.63161, 26.11545 ], [ 89.6502, 26.06868 ], [ 89.60391, 26.04548 ], [ 89.58518, 26.03133 ], [ 89.58134, 25.9784 ], [ 89.5579, 25.96458 ], [ 89.54359, 25.97051 ], [ 89.54469, 25.99398 ], [ 89.52131, 26.00829 ], [ 89.50829, 26.00034 ], [ 89.46735, 25.998 ], [ 89.43298, 26.01552 ], [ 89.43496, 26.04208 ], [ 89.41366, 26.03943 ], [ 89.39706, 26.02013 ], [ 89.36313, 26.00762 ], [ 89.35119, 26.01166 ], [ 89.32838, 26.03708 ], [ 89.28797, 26.05804 ], [ 89.26157, 26.06392 ], [ 89.25406, 26.10218 ], [ 89.23017, 26.12264 ], [ 89.19778, 26.12194 ], [ 89.17346, 26.129 ], [ 89.16005, 26.14229 ], [ 89.14059, 26.1801 ], [ 89.14622, 26.19971 ], [ 89.14688, 26.23536 ], [ 89.12831, 26.25374 ], [ 89.11061, 26.28937 ], [ 89.14053, 26.29967 ], [ 89.10425, 26.33303 ], [ 89.09975, 26.38479 ], [ 89.07286, 26.40014 ], [ 89.04582, 26.39794 ], [ 89.02892, 26.41632 ], [ 89.0005, 26.41996 ], [ 88.98944, 26.43008 ], [ 88.99003, 26.45025 ], [ 88.96457, 26.4608 ], [ 88.9531, 26.4508 ], [ 88.95145, 26.42917 ], [ 88.9252, 26.40443 ], [ 88.91773, 26.37473 ], [ 88.92917, 26.36365 ], [ 88.9548, 26.36038 ], [ 89.00665, 26.3328 ], [ 88.99221, 26.32022 ], [ 89.00332, 26.30183 ], [ 89.03323, 26.30624 ], [ 89.02837, 26.29034 ], [ 89.05051, 26.28671 ], [ 89.0666, 26.29289 ], [ 89.06856, 26.2588 ], [ 89.05746, 26.24502 ], [ 89.00004, 26.24855 ], [ 88.96203, 26.24477 ], [ 88.93485, 26.2883 ], [ 88.88106, 26.29027 ], [ 88.86821, 26.27747 ], [ 88.86803, 26.25785 ], [ 88.88351, 26.23665 ], [ 88.85283, 26.23633 ], [ 88.81921, 26.2597 ], [ 88.8157, 26.27982 ], [ 88.82159, 26.30071 ], [ 88.80415, 26.3118 ], [ 88.76158, 26.30059 ], [ 88.7616, 26.33376 ], [ 88.74919, 26.35324 ], [ 88.72846, 26.34562 ], [ 88.69657, 26.34434 ], [ 88.69839, 26.35645 ], [ 88.68528, 26.38317 ], [ 88.68742, 26.41072 ], [ 88.67052, 26.40703 ], [ 88.64966, 26.42724 ], [ 88.62366, 26.43749 ], [ 88.6207, 26.47107 ], [ 88.59521, 26.4718 ], [ 88.59702, 26.44939 ], [ 88.55712, 26.45685 ], [ 88.56312, 26.47267 ], [ 88.54937, 26.4833 ], [ 88.52666, 26.48174 ], [ 88.52476, 26.50614 ], [ 88.49193, 26.51681 ], [ 88.48606, 26.54131 ], [ 88.46218, 26.54722 ], [ 88.45025, 26.53587 ], [ 88.43212, 26.55109 ], [ 88.42406, 26.58316 ], [ 88.41745, 26.63093 ], [ 88.40089, 26.62692 ], [ 88.37754, 26.59351 ], [ 88.37349, 26.56521 ], [ 88.36237, 26.54993 ], [ 88.35258, 26.51202 ], [ 88.33455, 26.49357 ], [ 88.33437, 26.47868 ], [ 88.36228, 26.45468 ], [ 88.37498, 26.48719 ], [ 88.41367, 26.47196 ], [ 88.48419, 26.46049 ], [ 88.47951, 26.45254 ], [ 88.49812, 26.43435 ], [ 88.49428, 26.41643 ], [ 88.52523, 26.37285 ], [ 88.50874, 26.35916 ], [ 88.47794, 26.35654 ], [ 88.46076, 26.36218 ], [ 88.444, 26.35641 ], [ 88.4381, 26.33705 ], [ 88.41486, 26.33673 ], [ 88.40293, 26.31677 ], [ 88.36592, 26.29909 ], [ 88.35175, 26.28158 ], [ 88.35018, 26.25317 ], [ 88.35909, 26.24352 ], [ 88.35252, 26.21999 ], [ 88.32029, 26.20124 ], [ 88.28547, 26.19707 ], [ 88.27617, 26.18659 ], [ 88.25073, 26.18908 ], [ 88.23351, 26.17097 ], [ 88.18044, 26.14569 ], [ 88.17564, 26.10892 ], [ 88.16125, 26.09247 ], [ 88.18802, 26.0629 ], [ 88.17315, 26.0436 ], [ 88.18624, 26.02314 ], [ 88.15757, 26.0192 ], [ 88.13131, 25.98773 ], [ 88.11187, 25.93313 ], [ 88.09373, 25.9296 ], [ 88.08676, 25.9125 ], [ 88.10715, 25.87994 ], [ 88.11399, 25.84793 ], [ 88.1057, 25.82397 ], [ 88.15794, 25.77586 ], [ 88.18626, 25.79878 ], [ 88.20246, 25.7885 ], [ 88.22043, 25.79807 ], [ 88.23383, 25.79478 ], [ 88.25438, 25.81108 ], [ 88.26993, 25.80814 ], [ 88.27176, 25.77992 ], [ 88.28968, 25.77328 ], [ 88.33978, 25.73433 ], [ 88.3786, 25.71163 ], [ 88.37497, 25.6949 ], [ 88.40446, 25.68311 ], [ 88.40714, 25.66932 ], [ 88.45673, 25.6605 ], [ 88.45754, 25.62543 ], [ 88.44835, 25.61312 ], [ 88.47256, 25.58105 ], [ 88.49811, 25.5816 ], [ 88.49587, 25.55951 ], [ 88.52136, 25.53456 ], [ 88.54091, 25.53086 ], [ 88.55144, 25.51607 ], [ 88.57806, 25.50548 ], [ 88.59802, 25.50394 ], [ 88.60943, 25.51316 ], [ 88.62457, 25.49529 ], [ 88.64367, 25.49677 ], [ 88.64645, 25.48035 ], [ 88.66505, 25.4707 ], [ 88.70019, 25.47026 ], [ 88.71025, 25.49612 ], [ 88.74113, 25.50121 ], [ 88.76704, 25.49133 ], [ 88.79802, 25.52165 ], [ 88.81108, 25.51735 ], [ 88.81455, 25.48712 ], [ 88.83192, 25.4854 ], [ 88.84212, 25.45339 ], [ 88.82872, 25.44089 ], [ 88.83696, 25.42509 ], [ 88.82675, 25.39901 ], [ 88.84496, 25.39202 ], [ 88.84366, 25.36241 ], [ 88.87176, 25.34807 ], [ 88.88567, 25.32418 ], [ 88.90505, 25.33595 ], [ 88.91907, 25.30857 ], [ 88.95621, 25.3078 ], [ 88.98928, 25.29575 ], [ 89.00782, 25.29725 ], [ 89.0071, 25.28041 ], [ 88.98285, 25.27785 ], [ 88.95809, 25.26088 ], [ 88.95121, 25.24134 ], [ 88.95888, 25.2196 ], [ 88.93485, 25.21815 ], [ 88.93782, 25.20005 ], [ 88.92303, 25.16713 ], [ 88.89762, 25.18454 ], [ 88.87588, 25.18197 ], [ 88.84784, 25.21014 ], [ 88.80379, 25.17229 ], [ 88.77779, 25.18037 ], [ 88.77398, 25.19007 ], [ 88.74709, 25.18544 ], [ 88.70923, 25.2096 ], [ 88.68487, 25.21055 ], [ 88.6704, 25.20066 ], [ 88.64119, 25.20773 ], [ 88.61387, 25.20535 ], [ 88.5759, 25.17855 ], [ 88.55864, 25.17938 ], [ 88.5535, 25.19598 ], [ 88.47774, 25.21331 ], [ 88.46458, 25.19617 ], [ 88.44384, 25.19489 ], [ 88.463, 25.15122 ], [ 88.45924, 25.13507 ], [ 88.4428, 25.12626 ], [ 88.45287, 25.07927 ], [ 88.4371, 25.04677 ], [ 88.4529, 25.0409 ], [ 88.43788, 25.00912 ], [ 88.42436, 25.00686 ], [ 88.39746, 24.96912 ], [ 88.4015, 24.94569 ], [ 88.38154, 24.93883 ], [ 88.36082, 24.94935 ], [ 88.34173, 24.93901 ], [ 88.32584, 24.91457 ], [ 88.34361, 24.88211 ], [ 88.3282, 24.86953 ], [ 88.31531, 24.88076 ], [ 88.26687, 24.89343 ], [ 88.26357, 24.91826 ], [ 88.23054, 24.95798 ], [ 88.18002, 24.95389 ], [ 88.15755, 24.93474 ], [ 88.13893, 24.93194 ], [ 88.14059, 24.91734 ], [ 88.15713, 24.89848 ], [ 88.15478, 24.88419 ], [ 88.16736, 24.86349 ], [ 88.11202, 24.81257 ], [ 88.10593, 24.77945 ], [ 88.08983, 24.78252 ], [ 88.06733, 24.7498 ], [ 88.07381, 24.74118 ], [ 88.05987, 24.71505 ], [ 88.01282, 24.67113 ], [ 88.01306, 24.66273 ], [ 88.04615, 24.63742 ], [ 88.06956, 24.60485 ], [ 88.10712, 24.54544 ], [ 88.14785, 24.50563 ], [ 88.17578, 24.49033 ], [ 88.20546, 24.45791 ], [ 88.26469, 24.44496 ], [ 88.32774, 24.38675 ], [ 88.34818, 24.37647 ], [ 88.39187, 24.37211 ], [ 88.43776, 24.38083 ], [ 88.50719, 24.34468 ], [ 88.5305, 24.34206 ], [ 88.55595, 24.29641 ], [ 88.56811, 24.32664 ], [ 88.58899, 24.3153 ], [ 88.62556, 24.31486 ], [ 88.6285, 24.30657 ], [ 88.67347, 24.31516 ], [ 88.70251, 24.31066 ], [ 88.72276, 24.29691 ], [ 88.73706, 24.26776 ], [ 88.73198, 24.1974 ], [ 88.71989, 24.19774 ], [ 88.69952, 24.16603 ], [ 88.7102, 24.11892 ], [ 88.69763, 24.11817 ], [ 88.69787, 24.09714 ], [ 88.72559, 24.09589 ], [ 88.72238, 24.06577 ], [ 88.7366, 24.05563 ], [ 88.73777, 24.01375 ], [ 88.75874, 24.00818 ], [ 88.77132, 23.98752 ], [ 88.74108, 23.98457 ], [ 88.73441, 23.95874 ], [ 88.74193, 23.93406 ], [ 88.73326, 23.91434 ], [ 88.70446, 23.91399 ], [ 88.70378, 23.89883 ], [ 88.66694, 23.88397 ], [ 88.66475, 23.87216 ], [ 88.63308, 23.86136 ], [ 88.62243, 23.87356 ], [ 88.57598, 23.85975 ], [ 88.60173, 23.81685 ], [ 88.58082, 23.78867 ], [ 88.56021, 23.78065 ], [ 88.5788, 23.76534 ], [ 88.5747, 23.73633 ], [ 88.56422, 23.71478 ], [ 88.57394, 23.67 ], [ 88.56168, 23.64571 ], [ 88.59323, 23.62638 ], [ 88.58743, 23.59995 ], [ 88.64368, 23.60849 ], [ 88.66162, 23.54973 ], [ 88.68427, 23.53897 ], [ 88.6954, 23.51748 ], [ 88.71853, 23.50739 ], [ 88.74292, 23.48078 ], [ 88.77944, 23.49767 ], [ 88.79641, 23.49638 ], [ 88.80015, 23.48054 ], [ 88.78841, 23.46487 ], [ 88.78996, 23.44065 ], [ 88.76443, 23.44211 ], [ 88.75348, 23.38744 ], [ 88.76279, 23.36763 ], [ 88.73645, 23.34862 ], [ 88.73659, 23.32835 ], [ 88.74693, 23.31798 ], [ 88.69678, 23.29285 ], [ 88.72372, 23.26963 ], [ 88.72036, 23.25266 ], [ 88.74712, 23.23737 ], [ 88.76965, 23.23858 ], [ 88.78543, 23.21757 ], [ 88.81409, 23.21656 ], [ 88.80904, 23.24981 ], [ 88.83093, 23.24469 ], [ 88.85276, 23.22461 ], [ 88.91347, 23.23 ], [ 88.93041, 23.21195 ], [ 88.95176, 23.20251 ], [ 88.97964, 23.22205 ], [ 88.99016, 23.21734 ], [ 88.98239, 23.19038 ], [ 88.96157, 23.18987 ], [ 88.9379, 23.16918 ], [ 88.93135, 23.13858 ], [ 88.90804, 23.12153 ], [ 88.89745, 23.10608 ], [ 88.87007, 23.09605 ], [ 88.86648, 23.06886 ], [ 88.87846, 23.02905 ], [ 88.872, 23.01838 ], [ 88.86874, 22.96878 ], [ 88.86147, 22.95515 ], [ 88.89716, 22.94916 ], [ 88.89699, 22.92674 ], [ 88.91388, 22.91862 ], [ 88.90365, 22.90456 ], [ 88.90933, 22.8774 ], [ 88.93257, 22.86795 ], [ 88.94601, 22.87744 ], [ 88.96757, 22.84249 ], [ 88.95844, 22.79421 ], [ 88.93917, 22.78667 ], [ 88.92068, 22.76532 ], [ 88.92077, 22.73385 ], [ 88.9389, 22.70875 ], [ 88.95919, 22.69117 ], [ 88.94728, 22.65985 ], [ 88.93011, 22.64099 ], [ 88.93114, 22.62174 ], [ 88.95709, 22.60977 ], [ 88.93702, 22.59423 ], [ 88.93775, 22.57078 ], [ 88.89639, 22.56333 ], [ 88.87834, 22.54453 ], [ 88.86889, 22.54584 ], [ 88.85639, 22.51167 ], [ 88.85929, 22.49872 ], [ 88.85169, 22.43293 ], [ 88.83463, 22.43717 ], [ 88.81416, 22.45639 ], [ 88.81094, 22.4821 ], [ 88.7955, 22.49723 ], [ 88.7841, 22.50282 ], [ 88.77167, 22.51338 ], [ 88.75305, 22.5169 ], [ 88.74186, 22.5152 ], [ 88.73352, 22.51106 ], [ 88.72556, 22.51889 ], [ 88.71811, 22.52138 ], [ 88.70849, 22.52909 ], [ 88.70084, 22.53056 ], [ 88.69148, 22.52238 ], [ 88.71185, 22.52627 ], [ 88.71849, 22.51926 ], [ 88.7328, 22.51034 ], [ 88.74526, 22.51493 ], [ 88.75464, 22.51518 ], [ 88.77111, 22.51084 ], [ 88.78011, 22.50282 ], [ 88.77974, 22.49264 ], [ 88.79016, 22.4814 ], [ 88.80252, 22.44342 ], [ 88.81942, 22.43033 ], [ 88.84834, 22.43056 ], [ 88.85607, 22.40801 ], [ 88.84924, 22.36454 ], [ 88.83308, 22.35922 ], [ 88.82304, 22.36069 ], [ 88.81593, 22.35798 ], [ 88.80262, 22.32898 ], [ 88.80951, 22.31963 ], [ 88.80306, 22.29546 ], [ 88.80473, 22.28381 ], [ 88.79271, 22.27619 ], [ 88.79301, 22.26969 ], [ 88.79079, 22.2597 ], [ 88.78553, 22.25859 ], [ 88.77177, 22.25101 ], [ 88.74361, 22.22917 ], [ 88.74959, 22.22024 ], [ 88.73361, 22.19555 ], [ 88.69928, 22.21013 ], [ 88.67259, 22.20506 ], [ 88.6638, 22.18451 ], [ 88.63834, 22.15528 ], [ 88.64037, 22.14345 ], [ 88.62641, 22.12973 ], [ 88.61937, 22.10533 ], [ 88.62675, 22.0574 ], [ 88.63548, 22.04261 ], [ 88.61444, 22.01972 ], [ 88.59834, 21.96833 ], [ 88.61474, 21.93754 ], [ 88.60222, 21.90667 ], [ 88.57833, 21.88944 ], [ 88.57053, 21.90483 ], [ 88.56139, 21.89899 ], [ 88.54504, 21.90604 ], [ 88.54804, 21.88225 ], [ 88.52805, 21.85306 ], [ 88.49858, 21.87371 ], [ 88.49534, 21.88539 ], [ 88.50925, 21.90545 ], [ 88.52081, 21.91234 ], [ 88.50222, 21.91472 ], [ 88.48324, 21.90996 ], [ 88.47356, 21.89534 ], [ 88.45806, 21.89783 ], [ 88.46188, 21.91803 ], [ 88.44167, 21.91139 ], [ 88.43205, 21.90266 ], [ 88.42419, 21.90771 ], [ 88.41623, 21.90127 ], [ 88.39722, 21.88584 ], [ 88.39383, 21.85232 ], [ 88.38577, 21.8394 ], [ 88.39241, 21.80333 ], [ 88.38164, 21.79159 ], [ 88.36371, 21.79826 ], [ 88.35595, 21.81974 ], [ 88.35493, 21.85566 ], [ 88.32565, 21.86215 ], [ 88.31628, 21.85954 ], [ 88.31119, 21.85544 ], [ 88.30604, 21.83068 ], [ 88.26868, 21.81762 ], [ 88.25977, 21.80952 ], [ 88.25836, 21.80077 ], [ 88.27861, 21.77 ], [ 88.28238, 21.75502 ], [ 88.21722, 21.76444 ], [ 88.21806, 21.77722 ], [ 88.20088, 21.81947 ], [ 88.17879, 21.84789 ], [ 88.16361, 21.87861 ], [ 88.17639, 21.91972 ], [ 88.17446, 21.93362 ], [ 88.15383, 21.95961 ], [ 88.19557, 22.00361 ], [ 88.21389, 22.03472 ], [ 88.22417, 22.08972 ], [ 88.21083, 22.13167 ], [ 88.21056, 22.14944 ], [ 88.18806, 22.18667 ], [ 88.16361, 22.19834 ], [ 88.11667, 22.20917 ], [ 88.07278, 22.21 ], [ 88.08278, 22.23139 ], [ 88.08861, 22.26278 ], [ 88.10472, 22.30389 ], [ 88.08861, 22.3025 ], [ 88.07861, 22.28417 ], [ 88.07528, 22.25278 ], [ 88.04916, 22.22 ], [ 88.02611, 22.2225 ], [ 87.98405, 22.24646 ], [ 87.96004, 22.28022 ], [ 87.95832, 22.34869 ], [ 87.94917, 22.39944 ], [ 87.92973, 22.40361 ], [ 87.94278, 22.36444 ], [ 87.94444, 22.32528 ], [ 87.93305, 22.31389 ], [ 87.93694, 22.26694 ], [ 87.97155, 22.2366 ], [ 87.99044, 22.20946 ], [ 88.0225, 22.19972 ], [ 88.03472, 22.20944 ], [ 88.06555, 22.18972 ], [ 88.10611, 22.19167 ], [ 88.13556, 22.18472 ], [ 88.14611, 22.16806 ], [ 88.19361, 22.11083 ], [ 88.16695, 22.07361 ], [ 88.08334, 22.02139 ], [ 88.06223, 22.01306 ], [ 88.02694, 22.04778 ], [ 88.02805, 22.06833 ], [ 88.01111, 22.07028 ], [ 88.01777, 22.04028 ], [ 88.05278, 22.01333 ], [ 88.03584, 21.98139 ], [ 88.00361, 21.90389 ], [ 87.98028, 21.85778 ], [ 87.93972, 21.82 ], [ 87.92749, 21.79972 ], [ 87.89472, 21.78444 ], [ 87.83083, 21.73417 ], [ 87.80952, 21.70597 ], [ 87.78972, 21.695 ], [ 87.75333, 21.6975 ], [ 87.73972, 21.67833 ], [ 87.67779, 21.65389 ], [ 87.56028, 21.63301 ], [ 87.48203, 21.6087 ], [ 87.48171, 21.61383 ], [ 87.48209, 21.62587 ], [ 87.46091, 21.64445 ], [ 87.46042, 21.65713 ], [ 87.46826, 21.67727 ], [ 87.46753, 21.69566 ], [ 87.46929, 21.69845 ], [ 87.46265, 21.71706 ], [ 87.46574, 21.72358 ], [ 87.46518, 21.72636 ], [ 87.44442, 21.73248 ], [ 87.45111, 21.73541 ], [ 87.44331, 21.74212 ], [ 87.44367, 21.76089 ], [ 87.43931, 21.76436 ], [ 87.42482, 21.76566 ], [ 87.3924, 21.76898 ], [ 87.3833, 21.77086 ], [ 87.37045, 21.76802 ], [ 87.35505, 21.77928 ], [ 87.34046, 21.78396 ], [ 87.33667, 21.77918 ], [ 87.3327, 21.7872 ], [ 87.32619, 21.78564 ], [ 87.32286, 21.78596 ], [ 87.31686, 21.78855 ], [ 87.31796, 21.79055 ], [ 87.30605, 21.79386 ], [ 87.29657, 21.79533 ], [ 87.29481, 21.80389 ], [ 87.28061, 21.79916 ], [ 87.27334, 21.8036 ], [ 87.27315, 21.8058 ], [ 87.26242, 21.81386 ], [ 87.26781, 21.81971 ], [ 87.2617, 21.8333 ], [ 87.25527, 21.84388 ], [ 87.24475, 21.85637 ], [ 87.24898, 21.86652 ], [ 87.23481, 21.8956 ], [ 87.2524, 21.9178 ], [ 87.23543, 21.93374 ], [ 87.23223, 21.94036 ], [ 87.23485, 21.95438 ], [ 87.2244, 21.95402 ], [ 87.22119, 21.95321 ], [ 87.20291, 21.95644 ], [ 87.17497, 21.9662 ], [ 87.16744, 21.97341 ], [ 87.15977, 21.94908 ], [ 87.15829, 21.93055 ], [ 87.15169, 21.928 ], [ 87.13091, 21.91801 ], [ 87.11424, 21.92217 ], [ 87.11034, 21.91802 ], [ 87.10468, 21.91782 ], [ 87.09102, 21.89923 ], [ 87.08854, 21.89507 ], [ 87.08942, 21.8924 ], [ 87.09612, 21.88625 ], [ 87.09626, 21.8821 ], [ 87.09464, 21.86034 ], [ 87.07774, 21.8598 ], [ 87.03024, 21.86531 ], [ 87.01997, 21.88575 ], [ 86.99793, 21.9075 ], [ 87.00555, 21.94065 ], [ 87.03432, 21.98919 ], [ 87.02226, 22.01207 ], [ 87.02605, 22.02875 ], [ 87.01762, 22.04128 ], [ 86.99518, 22.0458 ], [ 86.95724, 22.08337 ], [ 86.90876, 22.08638 ], [ 86.8479, 22.09835 ], [ 86.83201, 22.09511 ], [ 86.82331, 22.11292 ], [ 86.80621, 22.11416 ], [ 86.80045, 22.14592 ], [ 86.79032, 22.15394 ], [ 86.75222, 22.14396 ], [ 86.71545, 22.14349 ], [ 86.71278, 22.17829 ], [ 86.72279, 22.21525 ], [ 86.7478, 22.20798 ], [ 86.79137, 22.21754 ], [ 86.80987, 22.238 ], [ 86.79642, 22.24991 ], [ 86.82034, 22.26061 ], [ 86.85015, 22.25927 ], [ 86.88568, 22.25212 ], [ 86.88845, 22.28141 ], [ 86.87259, 22.29877 ], [ 86.82919, 22.32459 ], [ 86.82894, 22.3415 ], [ 86.84094, 22.36902 ], [ 86.84393, 22.39606 ], [ 86.80526, 22.41649 ], [ 86.76389, 22.42289 ], [ 86.74513, 22.47054 ], [ 86.75333, 22.48012 ], [ 86.78922, 22.47451 ], [ 86.78971, 22.52038 ], [ 86.78407, 22.54424 ], [ 86.76452, 22.55063 ], [ 86.75599, 22.57427 ], [ 86.70602, 22.58036 ], [ 86.6728, 22.57238 ], [ 86.6517, 22.57579 ], [ 86.64828, 22.59161 ], [ 86.63432, 22.59726 ], [ 86.63669, 22.65512 ], [ 86.61787, 22.67339 ], [ 86.58078, 22.68899 ], [ 86.54952, 22.71091 ], [ 86.47898, 22.72239 ], [ 86.45401, 22.75964 ], [ 86.41615, 22.77651 ], [ 86.42159, 22.80882 ], [ 86.43391, 22.82859 ], [ 86.43284, 22.86049 ], [ 86.44688, 22.85878 ], [ 86.45102, 22.88297 ], [ 86.46304, 22.89663 ], [ 86.43242, 22.91577 ], [ 86.43709, 22.92729 ], [ 86.45821, 22.93296 ], [ 86.47012, 22.94662 ], [ 86.4868, 22.93554 ], [ 86.49869, 22.94774 ], [ 86.51836, 22.94433 ], [ 86.53851, 22.96187 ], [ 86.53416, 22.98136 ], [ 86.51224, 22.96626 ], [ 86.49735, 22.98991 ], [ 86.46309, 22.98522 ], [ 86.41628, 22.99479 ], [ 86.39304, 22.97424 ], [ 86.38045, 22.99075 ], [ 86.35998, 22.99668 ], [ 86.33215, 22.9889 ], [ 86.27937, 23.01072 ], [ 86.26129, 22.99553 ], [ 86.21248, 22.99185 ], [ 86.20087, 23.01514 ], [ 86.17563, 23.01299 ], [ 86.16016, 23.03906 ], [ 86.13457, 23.06294 ], [ 86.13804, 23.08048 ], [ 86.11569, 23.09363 ], [ 86.0918, 23.09077 ], [ 86.04424, 23.11186 ], [ 86.04839, 23.12917 ], [ 86.03693, 23.14361 ], [ 85.98194, 23.1459 ], [ 85.95155, 23.13816 ], [ 85.94381, 23.12947 ], [ 85.91499, 23.12953 ], [ 85.90038, 23.1481 ], [ 85.87731, 23.15866 ], [ 85.87721, 23.17296 ], [ 85.85752, 23.19436 ], [ 85.83501, 23.1921 ], [ 85.82636, 23.26312 ], [ 85.83366, 23.28068 ], [ 85.8615, 23.30333 ], [ 85.8716, 23.33016 ], [ 85.86626, 23.36485 ], [ 85.89586, 23.37698 ], [ 85.87846, 23.40803 ], [ 85.86288, 23.40997 ], [ 85.85954, 23.45095 ], [ 85.87412, 23.47623 ], [ 85.90637, 23.47175 ], [ 85.93794, 23.45514 ], [ 86.02037, 23.48791 ], [ 86.04137, 23.49025 ], [ 86.03269, 23.51802 ], [ 86.01077, 23.55165 ], [ 86.01101, 23.56124 ], [ 86.03738, 23.58346 ], [ 86.07144, 23.57848 ], [ 86.07277, 23.56822 ], [ 86.10155, 23.5739 ], [ 86.13861, 23.57002 ], [ 86.15327, 23.55159 ], [ 86.14293, 23.52734 ], [ 86.15511, 23.50423 ], [ 86.14268, 23.47733 ], [ 86.17915, 23.47512 ], [ 86.20326, 23.45868 ], [ 86.22098, 23.45598 ], [ 86.22466, 23.43568 ], [ 86.24665, 23.43415 ], [ 86.28068, 23.43961 ], [ 86.28237, 23.42746 ], [ 86.3, 23.42006 ], [ 86.31333, 23.42606 ], [ 86.30015, 23.44371 ], [ 86.32621, 23.45756 ], [ 86.35184, 23.46363 ], [ 86.3569, 23.51289 ], [ 86.36765, 23.52256 ], [ 86.35797, 23.54306 ], [ 86.38288, 23.57202 ], [ 86.38093, 23.58436 ], [ 86.40623, 23.58798 ], [ 86.44491, 23.63153 ], [ 86.48129, 23.63504 ], [ 86.52866, 23.62898 ], [ 86.59062, 23.66224 ], [ 86.64885, 23.68287 ], [ 86.71101, 23.69723 ], [ 86.7317, 23.69379 ], [ 86.73813, 23.67761 ], [ 86.79204, 23.68737 ], [ 86.79094, 23.6985 ], [ 86.80451, 23.73985 ], [ 86.8161, 23.74483 ], [ 86.81672, 23.77615 ], [ 86.79769, 23.79772 ], [ 86.80097, 23.81333 ], [ 86.82077, 23.81131 ], [ 86.84443, 23.82185 ], [ 86.86085, 23.84217 ], [ 86.88017, 23.8422 ], [ 86.87527, 23.86238 ], [ 86.89501, 23.87995 ], [ 86.92416, 23.86588 ], [ 86.92541, 23.85384 ], [ 86.9432, 23.84286 ], [ 86.96304, 23.86477 ], [ 87.00206, 23.85249 ], [ 87.03441, 23.83683 ], [ 87.05695, 23.81626 ], [ 87.10593, 23.79952 ], [ 87.14874, 23.79437 ], [ 87.16644, 23.81959 ], [ 87.154, 23.82574 ], [ 87.13033, 23.85091 ], [ 87.13582, 23.86814 ], [ 87.18736, 23.85718 ], [ 87.19434, 23.84212 ], [ 87.22248, 23.85764 ], [ 87.21976, 23.82721 ], [ 87.24573, 23.82807 ], [ 87.25522, 23.8393 ], [ 87.24609, 23.85658 ], [ 87.24432, 23.90039 ], [ 87.25987, 23.90211 ], [ 87.26493, 23.87483 ], [ 87.29259, 23.89014 ], [ 87.28513, 23.93389 ], [ 87.29182, 23.9557 ], [ 87.25954, 23.96992 ], [ 87.26803, 23.98463 ], [ 87.24687, 23.99702 ], [ 87.23265, 24.0246 ], [ 87.2436, 24.04212 ], [ 87.27428, 24.03184 ], [ 87.33236, 24.03101 ], [ 87.31539, 24.00442 ], [ 87.33729, 23.99495 ], [ 87.35664, 24.00919 ], [ 87.38976, 24.00196 ], [ 87.4391, 23.97813 ], [ 87.45836, 23.9935 ], [ 87.4414, 24.00323 ], [ 87.44852, 24.01634 ], [ 87.4714, 24.01089 ], [ 87.50135, 24.02233 ], [ 87.50784, 24.04567 ], [ 87.49123, 24.05202 ], [ 87.50578, 24.08208 ], [ 87.49001, 24.08547 ], [ 87.4966, 24.1158 ], [ 87.5213, 24.10423 ], [ 87.53917, 24.0878 ], [ 87.57021, 24.08762 ], [ 87.56922, 24.10675 ], [ 87.58173, 24.1234 ], [ 87.60491, 24.13211 ], [ 87.58602, 24.14752 ], [ 87.57975, 24.16154 ], [ 87.62754, 24.16313 ], [ 87.64067, 24.15493 ], [ 87.68957, 24.14984 ], [ 87.69668, 24.17535 ], [ 87.67095, 24.20574 ], [ 87.63773, 24.21158 ], [ 87.64715, 24.24856 ], [ 87.68136, 24.24644 ], [ 87.70599, 24.26783 ], [ 87.71032, 24.29207 ], [ 87.72719, 24.28622 ], [ 87.75628, 24.30359 ], [ 87.76124, 24.33331 ], [ 87.79751, 24.38218 ], [ 87.79821, 24.39973 ], [ 87.7879, 24.41153 ], [ 87.7881, 24.43209 ], [ 87.81785, 24.46845 ], [ 87.79853, 24.49186 ], [ 87.80122, 24.51769 ], [ 87.79617, 24.56238 ], [ 87.809, 24.57623 ], [ 87.82451, 24.55948 ], [ 87.84821, 24.55105 ], [ 87.86586, 24.56083 ], [ 87.88732, 24.56271 ], [ 87.89149, 24.57962 ], [ 87.90997, 24.59387 ], [ 87.90161, 24.61258 ], [ 87.9116, 24.66229 ], [ 87.88625, 24.67809 ], [ 87.89656, 24.69066 ], [ 87.90083, 24.7216 ], [ 87.83971, 24.73819 ], [ 87.81806, 24.76598 ], [ 87.85023, 24.76127 ], [ 87.86539, 24.77432 ], [ 87.89777, 24.84278 ], [ 87.91125, 24.85594 ], [ 87.96651, 24.8813 ], [ 87.97334, 24.89648 ], [ 87.96997, 24.92358 ], [ 87.96169, 24.93593 ], [ 87.90649, 24.98581 ], [ 87.90337, 24.9984 ], [ 87.86434, 25.03985 ], [ 87.83494, 25.05702 ], [ 87.79288, 25.07573 ], [ 87.77267, 25.0991 ], [ 87.77104, 25.15227 ], [ 87.78758, 25.22049 ], [ 87.82966, 25.20405 ], [ 87.8338, 25.21337 ], [ 87.82278, 25.23434 ], [ 87.84925, 25.25343 ], [ 87.85652, 25.27777 ], [ 87.85041, 25.29744 ], [ 87.82893, 25.30342 ], [ 87.78159, 25.3384 ], [ 87.78883, 25.37225 ], [ 87.7657, 25.37799 ], [ 87.76307, 25.39561 ], [ 87.78652, 25.4487 ], [ 87.80865, 25.43419 ], [ 87.82578, 25.44526 ], [ 87.83382, 25.46457 ], [ 87.86347, 25.46539 ], [ 87.86053, 25.47783 ], [ 87.86988, 25.503 ], [ 87.90051, 25.50723 ], [ 87.90303, 25.51905 ], [ 87.92411, 25.53565 ], [ 87.95561, 25.53805 ], [ 87.98055, 25.51585 ], [ 87.98663, 25.50263 ], [ 88.00424, 25.49404 ], [ 88.01573, 25.5005 ], [ 88.03123, 25.48599 ], [ 88.06593, 25.48115 ], [ 88.06815, 25.48985 ], [ 88.06982, 25.50188 ], [ 88.06643, 25.50504 ], [ 88.06385, 25.50617 ], [ 88.05598, 25.52993 ], [ 88.04605, 25.53433 ], [ 88.03909, 25.53319 ], [ 88.02705, 25.55327 ], [ 88.02962, 25.55948 ], [ 88.03548, 25.56038 ], [ 88.02527, 25.56909 ], [ 88.03139, 25.5875 ], [ 88.03859, 25.59504 ], [ 88.03565, 25.59698 ], [ 88.0297, 25.60004 ], [ 88.0414, 25.6055 ], [ 88.03931, 25.60849 ], [ 88.03725, 25.61558 ], [ 88.04348, 25.63207 ], [ 88.03555, 25.63683 ], [ 88.04449, 25.64288 ], [ 88.04732, 25.64302 ], [ 88.04854, 25.64391 ], [ 88.04398, 25.65258 ], [ 88.0491, 25.68147 ], [ 88.04863, 25.69057 ], [ 87.97967, 25.71846 ], [ 87.94415, 25.74381 ], [ 87.93752, 25.7583 ], [ 87.90095, 25.78031 ], [ 87.898, 25.79927 ], [ 87.91051, 25.81481 ], [ 87.88765, 25.83287 ], [ 87.91091, 25.85175 ], [ 87.88482, 25.86465 ], [ 87.87224, 25.85966 ], [ 87.82284, 25.87147 ], [ 87.81551, 25.88554 ], [ 87.81647, 25.91271 ], [ 87.80696, 25.92992 ], [ 87.82681, 25.93185 ], [ 87.82831, 25.94111 ], [ 87.82391, 25.94645 ], [ 87.82705, 25.95358 ], [ 87.83098, 25.96223 ], [ 87.82619, 25.98368 ], [ 87.8272, 25.99234 ], [ 87.83334, 26.00109 ], [ 87.84165, 26.0323 ], [ 87.84915, 26.04497 ], [ 87.87606, 26.06619 ], [ 87.88827, 26.07194 ], [ 87.89256, 26.08035 ], [ 87.89573, 26.07987 ], [ 87.9175, 26.08801 ], [ 87.92186, 26.07687 ], [ 87.93113, 26.06895 ], [ 87.93788, 26.08446 ], [ 87.95985, 26.08404 ], [ 87.96813, 26.08136 ], [ 87.97219, 26.08485 ], [ 87.96948, 26.09165 ], [ 87.95441, 26.10279 ], [ 87.96935, 26.10931 ], [ 87.96741, 26.12537 ], [ 87.96784, 26.13183 ], [ 87.96877, 26.13935 ], [ 87.96334, 26.14889 ], [ 87.98211, 26.15918 ], [ 87.99603, 26.14179 ], [ 88.00681, 26.14329 ], [ 88.01509, 26.14291 ], [ 88.01174, 26.15479 ], [ 88.03363, 26.17029 ], [ 88.03744, 26.1777 ], [ 88.05865, 26.17376 ], [ 88.06983, 26.17572 ], [ 88.07298, 26.18539 ], [ 88.08724, 26.19444 ], [ 88.08969, 26.20323 ], [ 88.0936, 26.20654 ], [ 88.10246, 26.21225 ], [ 88.10573, 26.2164 ], [ 88.11601, 26.22298 ], [ 88.11996, 26.22795 ], [ 88.12613, 26.22692 ], [ 88.13741, 26.24377 ], [ 88.15883, 26.25691 ], [ 88.16312, 26.25753 ], [ 88.1769, 26.26173 ], [ 88.18337, 26.27468 ], [ 88.2041, 26.27959 ], [ 88.21426, 26.28168 ], [ 88.22102, 26.28822 ], [ 88.22678, 26.29665 ], [ 88.23177, 26.31036 ], [ 88.26527, 26.33649 ], [ 88.26976, 26.33269 ], [ 88.27244, 26.33054 ], [ 88.27935, 26.34635 ], [ 88.28914, 26.35114 ], [ 88.2899, 26.35691 ], [ 88.2819, 26.36013 ], [ 88.26994, 26.37888 ], [ 88.2549, 26.37447 ], [ 88.24512, 26.376 ], [ 88.23171, 26.3849 ], [ 88.23045, 26.39396 ], [ 88.25539, 26.41588 ], [ 88.2522, 26.43379 ], [ 88.2434, 26.4493 ], [ 88.22897, 26.44715 ], [ 88.22112, 26.46685 ], [ 88.19376, 26.47202 ], [ 88.17921, 26.49398 ], [ 88.19386, 26.50801 ], [ 88.23336, 26.53237 ], [ 88.2312, 26.55198 ], [ 88.20742, 26.53522 ], [ 88.18574, 26.54414 ], [ 88.16827, 26.53736 ], [ 88.16538, 26.52164 ], [ 88.13218, 26.51258 ], [ 88.10615, 26.53562 ], [ 88.10622, 26.53601 ], [ 88.10543, 26.53941 ], [ 88.10799, 26.56061 ], [ 88.12151, 26.56782 ], [ 88.1418, 26.60652 ], [ 88.14465, 26.62548 ], [ 88.16562, 26.64574 ], [ 88.17, 26.69893 ], [ 88.18466, 26.71918 ], [ 88.1905, 26.77141 ], [ 88.17022, 26.83712 ], [ 88.17448, 26.8689 ], [ 88.13893, 26.89839 ], [ 88.14862, 26.92042 ], [ 88.12302, 26.95012 ], [ 88.12079, 26.98712 ], [ 88.09111, 27.00789 ], [ 88.08562, 27.02862 ], [ 88.04026, 27.03632 ], [ 88.01864, 27.07672 ], [ 88.01442, 27.09711 ], [ 87.99417, 27.10521 ], [ 87.99381, 27.13054 ], [ 88.00993, 27.14296 ], [ 88.01802, 27.19951 ], [ 88.01697, 27.21887 ], [ 88.0582, 27.21389 ], [ 88.07541, 27.1988 ], [ 88.06745, 27.19027 ], [ 88.08326, 27.16504 ], [ 88.08585, 27.14151 ], [ 88.13663, 27.11688 ], [ 88.15844, 27.11435 ], [ 88.17899, 27.13471 ], [ 88.21384, 27.13512 ], [ 88.23251, 27.11977 ], [ 88.27814, 27.13083 ], [ 88.29989, 27.128 ], [ 88.3045, 27.1286 ], [ 88.32049, 27.11664 ], [ 88.32384, 27.1049 ], [ 88.34516, 27.1069 ], [ 88.3523, 27.10107 ], [ 88.37065, 27.09941 ], [ 88.411, 27.0907 ], [ 88.43195, 27.08161 ], [ 88.4545, 27.08965 ], [ 88.46672, 27.11394 ], [ 88.49561, 27.12536 ], [ 88.52171, 27.15034 ], [ 88.52048, 27.17503 ], [ 88.54084, 27.18371 ], [ 88.59148, 27.19446 ], [ 88.61902, 27.18785 ], [ 88.63876, 27.16772 ], [ 88.6596, 27.16221 ], [ 88.68441, 27.18023 ], [ 88.71181, 27.16515 ], [ 88.7178, 27.14397 ], [ 88.73254, 27.13735 ], [ 88.75169, 27.14821 ], [ 88.78537, 27.13564 ], [ 88.80005, 27.13682 ], [ 88.82615, 27.11766 ], [ 88.86992, 27.10872 ], [ 88.87873, 27.0384 ], [ 88.8705, 27.01081 ], [ 88.8727, 26.95714 ], [ 88.88918, 26.96133 ], [ 88.8938, 26.97716 ], [ 88.91132, 26.99437 ], [ 88.94653, 26.97738 ], [ 88.95547, 26.95419 ], [ 88.94141, 26.93858 ], [ 88.96238, 26.92413 ], [ 88.98459, 26.92076 ], [ 89.02744, 26.938 ], [ 89.04642, 26.91971 ], [ 89.04947, 26.90253 ], [ 89.08583, 26.89735 ], [ 89.08779, 26.87508 ], [ 89.10414, 26.85984 ], [ 89.10203, 26.83631 ], [ 89.12904, 26.80919 ], [ 89.17291, 26.82165 ], [ 89.18979, 26.80852 ], [ 89.23565, 26.82074 ], [ 89.25205, 26.81643 ], [ 89.28964, 26.83426 ], [ 89.31989, 26.85325 ], [ 89.32835, 26.84013 ], [ 89.35974, 26.86337 ], [ 89.38445, 26.86177 ], [ 89.3895, 26.84185 ], [ 89.44798, 26.83476 ], [ 89.45928, 26.80626 ], [ 89.49632, 26.803 ], [ 89.51148, 26.81699 ], [ 89.52839, 26.81899 ], [ 89.56677, 26.80172 ], [ 89.61123, 26.7894 ], [ 89.62681, 26.77623 ], [ 89.63992, 26.78321 ], [ 89.65351, 26.77188 ], [ 89.64185, 26.74703 ], [ 89.6143, 26.72563 ], [ 89.65863, 26.71848 ], [ 89.66952, 26.73925 ], [ 89.70328, 26.73712 ], [ 89.72641, 26.72233 ], [ 89.75513, 26.72064 ], [ 89.77693, 26.69931 ], [ 89.80721, 26.71502 ], [ 89.85694, 26.70378 ] ] ], [ [ [ 88.49771, 21.59975 ], [ 88.52972, 21.58306 ], [ 88.53083, 21.54221 ], [ 88.50611, 21.54111 ], [ 88.48144, 21.55538 ], [ 88.48611, 21.58833 ], [ 88.49771, 21.59975 ] ] ], [ [ [ 88.83472, 21.60722 ], [ 88.87611, 21.59222 ], [ 88.8925, 21.57945 ], [ 88.9, 21.55222 ], [ 88.85389, 21.55 ], [ 88.83583, 21.56 ], [ 88.82833, 21.57694 ], [ 88.83472, 21.60722 ] ] ], [ [ [ 88.72885, 21.63708 ], [ 88.73624, 21.61027 ], [ 88.7571, 21.59958 ], [ 88.74729, 21.58885 ], [ 88.74055, 21.57306 ], [ 88.71445, 21.57833 ], [ 88.70802, 21.59007 ], [ 88.71278, 21.62472 ], [ 88.72885, 21.63708 ] ] ], [ [ [ 88.53722, 21.63862 ], [ 88.5575, 21.63167 ], [ 88.58389, 21.61083 ], [ 88.58655, 21.5884 ], [ 88.57555, 21.57417 ], [ 88.55, 21.56361 ], [ 88.5366, 21.58839 ], [ 88.51028, 21.60139 ], [ 88.52417, 21.62667 ], [ 88.53722, 21.63862 ] ] ], [ [ [ 88.77194, 21.65306 ], [ 88.77389, 21.61972 ], [ 88.79806, 21.59167 ], [ 88.78778, 21.58056 ], [ 88.74889, 21.57944 ], [ 88.7504, 21.59215 ], [ 88.75694, 21.59611 ], [ 88.75757, 21.60105 ], [ 88.75307, 21.60464 ], [ 88.73797, 21.61038 ], [ 88.73039, 21.63415 ], [ 88.73558, 21.64464 ], [ 88.77194, 21.65306 ] ] ], [ [ [ 88.96577, 21.64153 ], [ 88.98836, 21.64483 ], [ 88.99513, 21.6264 ], [ 88.98778, 21.61306 ], [ 88.95641, 21.61742 ], [ 88.93972, 21.64695 ], [ 88.95423, 21.67655 ], [ 88.96577, 21.64153 ] ] ], [ [ [ 88.57688, 21.69173 ], [ 88.58583, 21.65805 ], [ 88.59917, 21.64111 ], [ 88.5925, 21.61805 ], [ 88.5575, 21.635 ], [ 88.55477, 21.64743 ], [ 88.57081, 21.666 ], [ 88.57688, 21.69173 ] ] ], [ [ [ 88.59194, 21.69417 ], [ 88.60634, 21.67998 ], [ 88.58855, 21.65733 ], [ 88.58083, 21.68406 ], [ 88.59194, 21.69417 ] ] ], [ [ [ 88.98449, 21.70569 ], [ 88.98944, 21.70167 ], [ 88.99333, 21.67111 ], [ 88.98734, 21.66483 ], [ 88.98791, 21.65298 ], [ 88.9943, 21.64898 ], [ 89.02205, 21.6546 ], [ 89.02459, 21.63153 ], [ 89.03626, 21.62384 ], [ 89.02876, 21.60482 ], [ 89.00027, 21.60209 ], [ 88.99384, 21.64129 ], [ 88.98836, 21.646 ], [ 88.965, 21.64404 ], [ 88.96326, 21.66299 ], [ 88.95097, 21.70101 ], [ 88.97166, 21.6976 ], [ 88.98449, 21.70569 ] ] ], [ [ [ 88.80666, 21.70667 ], [ 88.80666, 21.66389 ], [ 88.79667, 21.65556 ], [ 88.7775, 21.66417 ], [ 88.75889, 21.66333 ], [ 88.74917, 21.67333 ], [ 88.73194, 21.68306 ], [ 88.76028, 21.68333 ], [ 88.76305, 21.69083 ], [ 88.80666, 21.70667 ] ] ], [ [ [ 88.31108, 21.70635 ], [ 88.32861, 21.70528 ], [ 88.35111, 21.67805 ], [ 88.34611, 21.66167 ], [ 88.35389, 21.64944 ], [ 88.33724, 21.62112 ], [ 88.30805, 21.61111 ], [ 88.30576, 21.62906 ], [ 88.3166, 21.66535 ], [ 88.31108, 21.70635 ] ] ], [ [ [ 88.45403, 21.70934 ], [ 88.47055, 21.67429 ], [ 88.45111, 21.62056 ], [ 88.42065, 21.65135 ], [ 88.41959, 21.68983 ], [ 88.43687, 21.70628 ], [ 88.45403, 21.70934 ] ] ], [ [ [ 88.69712, 21.71288 ], [ 88.703, 21.68702 ], [ 88.74136, 21.65371 ], [ 88.72511, 21.6382 ], [ 88.68713, 21.68362 ], [ 88.69712, 21.71288 ] ] ], [ [ [ 88.20451, 21.72118 ], [ 88.21659, 21.70054 ], [ 88.19833, 21.69444 ], [ 88.19806, 21.67694 ], [ 88.21554, 21.66982 ], [ 88.22482, 21.6708 ], [ 88.23167, 21.64111 ], [ 88.205, 21.60972 ], [ 88.19469, 21.6327 ], [ 88.18149, 21.68922 ], [ 88.18833, 21.70806 ], [ 88.20451, 21.72118 ] ] ], [ [ [ 89.0592, 21.7218 ], [ 89.07265, 21.68973 ], [ 89.0919, 21.66667 ], [ 89.09286, 21.63693 ], [ 89.06797, 21.62037 ], [ 89.04944, 21.62023 ], [ 89.02605, 21.64393 ], [ 89.02641, 21.68791 ], [ 89.01849, 21.70821 ], [ 89.03722, 21.72056 ], [ 89.0592, 21.7218 ] ] ], [ [ [ 88.978, 21.72688 ], [ 88.99359, 21.72191 ], [ 89.01965, 21.69935 ], [ 89.02412, 21.68715 ], [ 89.01784, 21.66119 ], [ 89.00776, 21.65222 ], [ 88.99084, 21.65265 ], [ 88.99582, 21.6725 ], [ 88.99001, 21.70556 ], [ 88.978, 21.72688 ] ] ], [ [ [ 88.54567, 21.73613 ], [ 88.57083, 21.7325 ], [ 88.58596, 21.71133 ], [ 88.58617, 21.69893 ], [ 88.56611, 21.69277 ], [ 88.56778, 21.66528 ], [ 88.54099, 21.63975 ], [ 88.5281, 21.65643 ], [ 88.53084, 21.67747 ], [ 88.51727, 21.71196 ], [ 88.54567, 21.73613 ] ] ], [ [ [ 88.88306, 21.74528 ], [ 88.91389, 21.72584 ], [ 88.91805, 21.7125 ], [ 88.94195, 21.68972 ], [ 88.92194, 21.63291 ], [ 88.88583, 21.66111 ], [ 88.87305, 21.69444 ], [ 88.8725, 21.72056 ], [ 88.88306, 21.74528 ] ] ], [ [ [ 88.41234, 21.73126 ], [ 88.42857, 21.70256 ], [ 88.41331, 21.69107 ], [ 88.41115, 21.66 ], [ 88.43192, 21.62828 ], [ 88.41278, 21.62056 ], [ 88.40195, 21.59611 ], [ 88.38726, 21.61335 ], [ 88.3872, 21.64654 ], [ 88.37972, 21.68083 ], [ 88.39904, 21.69879 ], [ 88.41234, 21.73126 ] ] ], [ [ [ 88.22091, 21.76215 ], [ 88.27149, 21.75467 ], [ 88.26147, 21.73162 ], [ 88.27222, 21.72827 ], [ 88.31167, 21.67194 ], [ 88.29333, 21.63667 ], [ 88.28944, 21.59638 ], [ 88.30611, 21.58028 ], [ 88.29166, 21.56305 ], [ 88.27056, 21.55778 ], [ 88.24834, 21.56389 ], [ 88.24055, 21.575 ], [ 88.24528, 21.59195 ], [ 88.21722, 21.61972 ], [ 88.23473, 21.63538 ], [ 88.233, 21.66902 ], [ 88.22633, 21.67505 ], [ 88.20866, 21.67427 ], [ 88.19919, 21.68262 ], [ 88.20084, 21.69139 ], [ 88.22106, 21.70238 ], [ 88.21201, 21.71998 ], [ 88.21394, 21.75087 ], [ 88.22091, 21.76215 ] ] ], [ [ [ 88.9271, 21.76195 ], [ 88.94777, 21.75778 ], [ 88.96527, 21.74996 ], [ 88.97029, 21.73899 ], [ 88.97722, 21.73417 ], [ 88.97056, 21.7175 ], [ 88.97222, 21.69861 ], [ 88.95024, 21.70233 ], [ 88.9225, 21.72111 ], [ 88.93111, 21.73583 ], [ 88.9271, 21.76195 ] ] ], [ [ [ 88.36539, 21.76417 ], [ 88.35976, 21.74514 ], [ 88.35978, 21.73417 ], [ 88.36528, 21.72222 ], [ 88.39806, 21.71333 ], [ 88.38528, 21.70056 ], [ 88.35788, 21.68682 ], [ 88.33756, 21.70976 ], [ 88.34889, 21.72695 ], [ 88.34256, 21.75386 ], [ 88.35207, 21.764 ], [ 88.36539, 21.76417 ] ] ], [ [ [ 89.00512, 21.76498 ], [ 89.02541, 21.75697 ], [ 89.05583, 21.72993 ], [ 89.02088, 21.71725 ], [ 89.01539, 21.73388 ], [ 89.00157, 21.75002 ], [ 89.00512, 21.76498 ] ] ], [ [ [ 88.83167, 21.76611 ], [ 88.86115, 21.76167 ], [ 88.84, 21.71556 ], [ 88.84084, 21.68861 ], [ 88.85994, 21.64307 ], [ 88.83972, 21.62045 ], [ 88.8151, 21.6295 ], [ 88.809, 21.63993 ], [ 88.82306, 21.67111 ], [ 88.81917, 21.70333 ], [ 88.80357, 21.71662 ], [ 88.78445, 21.71028 ], [ 88.78194, 21.7325 ], [ 88.79111, 21.74917 ], [ 88.81339, 21.75063 ], [ 88.83167, 21.76611 ] ] ], [ [ [ 88.3849, 21.76444 ], [ 88.38109, 21.73722 ], [ 88.36099, 21.73472 ], [ 88.36126, 21.74717 ], [ 88.37282, 21.76361 ], [ 88.3849, 21.76444 ] ] ], [ [ [ 88.58222, 21.77778 ], [ 88.58362, 21.76139 ], [ 88.58716, 21.75223 ], [ 88.61611, 21.74083 ], [ 88.61583, 21.72732 ], [ 88.59202, 21.71934 ], [ 88.57972, 21.72584 ], [ 88.58414, 21.74461 ], [ 88.569, 21.76918 ], [ 88.58222, 21.77778 ] ] ], [ [ [ 88.30249, 21.72456 ], [ 88.29482, 21.70699 ], [ 88.27803, 21.72817 ], [ 88.28527, 21.75289 ], [ 88.29881, 21.76707 ], [ 88.30578, 21.73241 ], [ 88.30249, 21.72456 ] ] ], [ [ [ 88.99967, 21.78547 ], [ 88.99944, 21.75083 ], [ 89.01192, 21.73481 ], [ 89.00484, 21.71613 ], [ 88.99445, 21.72305 ], [ 88.97667, 21.72861 ], [ 88.98866, 21.73985 ], [ 88.98417, 21.74806 ], [ 88.97041, 21.74035 ], [ 88.9667, 21.74968 ], [ 88.96156, 21.7549 ], [ 88.96677, 21.77218 ], [ 88.97523, 21.77482 ], [ 88.99026, 21.78885 ], [ 88.99967, 21.78547 ] ] ], [ [ [ 88.60973, 21.79028 ], [ 88.62334, 21.77333 ], [ 88.63055, 21.74056 ], [ 88.62139, 21.73972 ], [ 88.58625, 21.7566 ], [ 88.58923, 21.77984 ], [ 88.59259, 21.7852 ], [ 88.60973, 21.79028 ] ] ], [ [ [ 88.45861, 21.78865 ], [ 88.475, 21.79139 ], [ 88.46722, 21.73722 ], [ 88.45506, 21.71091 ], [ 88.44148, 21.70984 ], [ 88.43314, 21.70448 ], [ 88.42345, 21.74178 ], [ 88.4231, 21.76616 ], [ 88.44825, 21.79823 ], [ 88.45861, 21.78865 ] ] ], [ [ [ 88.7162, 21.80738 ], [ 88.72697, 21.78098 ], [ 88.72806, 21.77778 ], [ 88.73327, 21.7787 ], [ 88.73499, 21.77539 ], [ 88.74583, 21.77167 ], [ 88.75912, 21.7586 ], [ 88.75277, 21.73158 ], [ 88.77611, 21.72361 ], [ 88.75694, 21.70611 ], [ 88.7625, 21.69389 ], [ 88.75778, 21.68366 ], [ 88.74508, 21.68385 ], [ 88.7327, 21.68938 ], [ 88.73077, 21.68203 ], [ 88.75465, 21.66605 ], [ 88.74778, 21.65833 ], [ 88.71111, 21.69018 ], [ 88.695, 21.74389 ], [ 88.71194, 21.7875 ], [ 88.7162, 21.80738 ] ] ], [ [ [ 88.54457, 21.81032 ], [ 88.56944, 21.79389 ], [ 88.56249, 21.76028 ], [ 88.5725, 21.73556 ], [ 88.54172, 21.73768 ], [ 88.52481, 21.71848 ], [ 88.50438, 21.75076 ], [ 88.50472, 21.7725 ], [ 88.52861, 21.80222 ], [ 88.54457, 21.81032 ] ] ], [ [ [ 88.42181, 21.81109 ], [ 88.42587, 21.8094 ], [ 88.42702, 21.80369 ], [ 88.43262, 21.79864 ], [ 88.44056, 21.80052 ], [ 88.43994, 21.78918 ], [ 88.42281, 21.77086 ], [ 88.42276, 21.71982 ], [ 88.40086, 21.74394 ], [ 88.40105, 21.75325 ], [ 88.38282, 21.7796 ], [ 88.39523, 21.78897 ], [ 88.40125, 21.79483 ], [ 88.41246, 21.80363 ], [ 88.41676, 21.80845 ], [ 88.42181, 21.81109 ] ] ], [ [ [ 88.99957, 21.81167 ], [ 89.01662, 21.81163 ], [ 89.00967, 21.78376 ], [ 88.99035, 21.78975 ], [ 88.99957, 21.81167 ] ] ], [ [ [ 88.75063, 21.7954 ], [ 88.74611, 21.77222 ], [ 88.73608, 21.77518 ], [ 88.73444, 21.77944 ], [ 88.72833, 21.77972 ], [ 88.72833, 21.79222 ], [ 88.73, 21.79583 ], [ 88.73844, 21.79903 ], [ 88.7479, 21.81242 ], [ 88.75063, 21.7954 ] ] ], [ [ [ 88.82808, 21.80403 ], [ 88.82156, 21.78083 ], [ 88.83028, 21.76722 ], [ 88.8119, 21.7512 ], [ 88.79083, 21.75001 ], [ 88.78565, 21.76896 ], [ 88.8203, 21.82207 ], [ 88.82808, 21.80403 ] ] ], [ [ [ 88.7875, 21.745 ], [ 88.77666, 21.73085 ], [ 88.75666, 21.73341 ], [ 88.76424, 21.75821 ], [ 88.75034, 21.7689 ], [ 88.76494, 21.7844 ], [ 88.7849, 21.82423 ], [ 88.79356, 21.80974 ], [ 88.78472, 21.7725 ], [ 88.7875, 21.745 ] ] ], [ [ [ 88.91583, 21.82583 ], [ 88.92, 21.82306 ], [ 88.935, 21.8225 ], [ 88.93723, 21.8175 ], [ 88.92694, 21.80416 ], [ 88.92778, 21.8 ], [ 88.91778, 21.79166 ], [ 88.92333, 21.78806 ], [ 88.90556, 21.75167 ], [ 88.89472, 21.75528 ], [ 88.90083, 21.77695 ], [ 88.88361, 21.80222 ], [ 88.88556, 21.81029 ], [ 88.89472, 21.81278 ], [ 88.90278, 21.82056 ], [ 88.91583, 21.82583 ] ] ], [ [ [ 88.48488, 21.83469 ], [ 88.50027, 21.8125 ], [ 88.48583, 21.79861 ], [ 88.46005, 21.8006 ], [ 88.45556, 21.81861 ], [ 88.48488, 21.83469 ] ] ], [ [ [ 88.94139, 21.84722 ], [ 88.94695, 21.83945 ], [ 88.95361, 21.82556 ], [ 88.975, 21.82278 ], [ 88.97, 21.80278 ], [ 88.95417, 21.80806 ], [ 88.9389, 21.78861 ], [ 88.94889, 21.76417 ], [ 88.91972, 21.775 ], [ 88.92445, 21.7875 ], [ 88.91972, 21.79193 ], [ 88.92917, 21.8 ], [ 88.93472, 21.81417 ], [ 88.9389, 21.81694 ], [ 88.93694, 21.8225 ], [ 88.92722, 21.82333 ], [ 88.92472, 21.83528 ], [ 88.93278, 21.83694 ], [ 88.935, 21.845 ], [ 88.94139, 21.84722 ] ] ], [ [ [ 88.59222, 21.85 ], [ 88.61614, 21.83077 ], [ 88.60722, 21.81472 ], [ 88.6125, 21.79778 ], [ 88.58498, 21.80199 ], [ 88.57604, 21.81703 ], [ 88.58116, 21.83897 ], [ 88.59222, 21.85 ] ] ], [ [ [ 88.33113, 21.86069 ], [ 88.35213, 21.85487 ], [ 88.35196, 21.82042 ], [ 88.36139, 21.79602 ], [ 88.37997, 21.78727 ], [ 88.37791, 21.7686 ], [ 88.35722, 21.76695 ], [ 88.34345, 21.76027 ], [ 88.33981, 21.75101 ], [ 88.345, 21.72167 ], [ 88.33195, 21.71057 ], [ 88.3058, 21.71761 ], [ 88.3097, 21.7306 ], [ 88.30359, 21.7608 ], [ 88.28214, 21.79126 ], [ 88.2642, 21.79395 ], [ 88.2603, 21.8072 ], [ 88.26588, 21.81375 ], [ 88.30773, 21.8303 ], [ 88.31535, 21.84466 ], [ 88.31166, 21.85394 ], [ 88.31515, 21.8576 ], [ 88.33113, 21.86069 ] ] ], [ [ [ 88.85611, 21.86528 ], [ 88.85555, 21.85722 ], [ 88.86056, 21.85444 ], [ 88.87722, 21.85167 ], [ 88.875, 21.84583 ], [ 88.88028, 21.82889 ], [ 88.87972, 21.80778 ], [ 88.89694, 21.78167 ], [ 88.89111, 21.7625 ], [ 88.8925, 21.75139 ], [ 88.89917, 21.74667 ], [ 88.92194, 21.7425 ], [ 88.91333, 21.72778 ], [ 88.87945, 21.74917 ], [ 88.87527, 21.76872 ], [ 88.86194, 21.77791 ], [ 88.835, 21.78167 ], [ 88.84139, 21.81528 ], [ 88.83916, 21.84861 ], [ 88.85611, 21.86528 ] ] ], [ [ [ 88.13695, 21.875 ], [ 88.15722, 21.8303 ], [ 88.17, 21.81722 ], [ 88.16367, 21.80015 ], [ 88.17098, 21.76768 ], [ 88.17094, 21.7451 ], [ 88.15361, 21.6925 ], [ 88.155, 21.65278 ], [ 88.13472, 21.62944 ], [ 88.09028, 21.62917 ], [ 88.04166, 21.64917 ], [ 88.03694, 21.67389 ], [ 88.04423, 21.71769 ], [ 88.06139, 21.73444 ], [ 88.07227, 21.77831 ], [ 88.12196, 21.86567 ], [ 88.13695, 21.875 ] ] ], [ [ [ 88.78917, 21.87861 ], [ 88.79222, 21.87305 ], [ 88.78611, 21.86833 ], [ 88.78944, 21.86333 ], [ 88.79889, 21.87083 ], [ 88.80361, 21.86695 ], [ 88.82889, 21.86333 ], [ 88.82111, 21.825 ], [ 88.79444, 21.8125 ], [ 88.78555, 21.82556 ], [ 88.76583, 21.83055 ], [ 88.77695, 21.86528 ], [ 88.78389, 21.87389 ], [ 88.78917, 21.87861 ] ] ], [ [ [ 88.97906, 21.89349 ], [ 89.0139, 21.87678 ], [ 89.03096, 21.86278 ], [ 89.02808, 21.82887 ], [ 89.02024, 21.81783 ], [ 88.99223, 21.81167 ], [ 88.985, 21.78778 ], [ 88.97342, 21.77601 ], [ 88.95942, 21.78275 ], [ 88.94335, 21.78494 ], [ 88.95107, 21.80022 ], [ 88.9675, 21.79947 ], [ 88.97634, 21.80429 ], [ 88.97984, 21.8184 ], [ 88.97156, 21.82743 ], [ 88.95623, 21.82712 ], [ 88.95124, 21.84174 ], [ 88.97968, 21.86936 ], [ 88.97906, 21.89349 ] ] ], [ [ [ 88.62167, 21.89778 ], [ 88.62695, 21.89389 ], [ 88.62722, 21.88667 ], [ 88.63464, 21.87669 ], [ 88.63174, 21.87165 ], [ 88.64555, 21.87134 ], [ 88.65285, 21.86866 ], [ 88.64938, 21.83336 ], [ 88.63861, 21.78472 ], [ 88.62224, 21.79322 ], [ 88.61195, 21.8175 ], [ 88.62028, 21.82417 ], [ 88.60639, 21.84639 ], [ 88.59472, 21.85611 ], [ 88.60333, 21.87583 ], [ 88.62167, 21.89778 ] ] ], [ [ [ 88.81695, 21.90111 ], [ 88.84084, 21.88694 ], [ 88.83083, 21.86555 ], [ 88.80778, 21.86806 ], [ 88.81695, 21.90111 ] ] ], [ [ [ 88.56234, 21.89746 ], [ 88.57623, 21.88428 ], [ 88.56312, 21.83093 ], [ 88.545, 21.82639 ], [ 88.53056, 21.84917 ], [ 88.5405, 21.8704 ], [ 88.55026, 21.88096 ], [ 88.54831, 21.90382 ], [ 88.56234, 21.89746 ] ] ], [ [ [ 88.44648, 21.90492 ], [ 88.46056, 21.89364 ], [ 88.48383, 21.88525 ], [ 88.49072, 21.85032 ], [ 88.45434, 21.82181 ], [ 88.44274, 21.80221 ], [ 88.43345, 21.80008 ], [ 88.4296, 21.80144 ], [ 88.42692, 21.81032 ], [ 88.42403, 21.8124 ], [ 88.41827, 21.81161 ], [ 88.40321, 21.79756 ], [ 88.39252, 21.8326 ], [ 88.40028, 21.87306 ], [ 88.41714, 21.88728 ], [ 88.41982, 21.90314 ], [ 88.43584, 21.90167 ], [ 88.44648, 21.90492 ] ] ], [ [ [ 88.71806, 21.90722 ], [ 88.72667, 21.89916 ], [ 88.7475, 21.89667 ], [ 88.7575, 21.87889 ], [ 88.775, 21.865 ], [ 88.76389, 21.83361 ], [ 88.76556, 21.82611 ], [ 88.77639, 21.82361 ], [ 88.76389, 21.7875 ], [ 88.75083, 21.80056 ], [ 88.7525, 21.81444 ], [ 88.74973, 21.81639 ], [ 88.74, 21.80639 ], [ 88.73695, 21.79917 ], [ 88.72583, 21.79445 ], [ 88.71944, 21.80693 ], [ 88.70944, 21.81029 ], [ 88.69611, 21.84222 ], [ 88.69833, 21.86 ], [ 88.71806, 21.90722 ] ] ], [ [ [ 88.50472, 21.91278 ], [ 88.50861, 21.90972 ], [ 88.49028, 21.88944 ], [ 88.47694, 21.89833 ], [ 88.48944, 21.91055 ], [ 88.50472, 21.91278 ] ] ], [ [ [ 88.64, 21.92168 ], [ 88.66695, 21.91334 ], [ 88.65305, 21.88083 ], [ 88.64089, 21.87359 ], [ 88.62947, 21.88442 ], [ 88.62858, 21.89386 ], [ 88.62338, 21.90141 ], [ 88.64, 21.92168 ] ] ], [ [ [ 88.13479, 21.92674 ], [ 88.14462, 21.91526 ], [ 88.12945, 21.89889 ], [ 88.11675, 21.91358 ], [ 88.13479, 21.92674 ] ] ], [ [ [ 88.83656, 21.91789 ], [ 88.85686, 21.91071 ], [ 88.8866, 21.91446 ], [ 88.91457, 21.92812 ], [ 88.97165, 21.89917 ], [ 88.96445, 21.86306 ], [ 88.94806, 21.84139 ], [ 88.94639, 21.84167 ], [ 88.93861, 21.85389 ], [ 88.93833, 21.84889 ], [ 88.93333, 21.84583 ], [ 88.93277, 21.83889 ], [ 88.92278, 21.83556 ], [ 88.91444, 21.8275 ], [ 88.90334, 21.82223 ], [ 88.89, 21.81222 ], [ 88.88055, 21.82028 ], [ 88.8825, 21.82972 ], [ 88.8775, 21.84583 ], [ 88.87861, 21.85194 ], [ 88.87417, 21.855 ], [ 88.86111, 21.85583 ], [ 88.84917, 21.89611 ], [ 88.83656, 21.91789 ] ] ], [ [ [ 88.72361, 21.93194 ], [ 88.73222, 21.91972 ], [ 88.75445, 21.92667 ], [ 88.775, 21.92445 ], [ 88.7925, 21.91722 ], [ 88.79945, 21.91972 ], [ 88.81416, 21.90278 ], [ 88.79667, 21.87667 ], [ 88.79278, 21.86721 ], [ 88.78722, 21.86695 ], [ 88.79333, 21.87278 ], [ 88.7925, 21.87806 ], [ 88.78833, 21.87944 ], [ 88.78639, 21.87861 ], [ 88.77695, 21.86947 ], [ 88.77194, 21.87806 ], [ 88.75806, 21.88028 ], [ 88.75056, 21.89556 ], [ 88.74084, 21.90055 ], [ 88.72916, 21.89972 ], [ 88.71694, 21.91861 ], [ 88.72361, 21.93194 ] ] ], [ [ [ 88.74539, 21.97974 ], [ 88.7495, 21.95903 ], [ 88.79939, 21.92593 ], [ 88.7888, 21.92032 ], [ 88.76168, 21.93081 ], [ 88.73278, 21.92528 ], [ 88.7224, 21.94263 ], [ 88.72506, 21.97845 ], [ 88.74539, 21.97974 ] ] ], [ [ [ 88.65997, 22.01921 ], [ 88.67426, 22.01918 ], [ 88.71578, 22.00064 ], [ 88.6924, 21.9698 ], [ 88.69173, 21.95611 ], [ 88.67815, 21.94287 ], [ 88.65723, 21.95412 ], [ 88.63238, 21.95255 ], [ 88.6284, 21.96792 ], [ 88.63486, 21.99595 ], [ 88.65997, 22.01921 ] ] ], [ [ [ 88.14139, 22.02639 ], [ 88.12222, 21.98833 ], [ 88.09444, 21.94944 ], [ 88.0875, 21.93278 ], [ 88.05666, 21.91306 ], [ 88.04583, 21.91556 ], [ 88.0564, 21.96047 ], [ 88.07027, 21.99083 ], [ 88.09389, 22.01139 ], [ 88.14139, 22.02639 ] ] ], [ [ [ 88.81277, 22.01944 ], [ 88.84834, 22.0175 ], [ 88.86694, 22.02417 ], [ 88.87527, 22.01222 ], [ 88.89972, 22.01306 ], [ 88.90756, 21.96935 ], [ 88.90727, 21.92954 ], [ 88.89746, 21.92284 ], [ 88.85658, 21.91906 ], [ 88.82484, 21.93985 ], [ 88.77556, 21.94333 ], [ 88.75166, 21.95889 ], [ 88.74973, 21.98195 ], [ 88.76, 21.99611 ], [ 88.7615, 22.01452 ], [ 88.77695, 22.015 ], [ 88.80139, 22.02972 ], [ 88.81277, 22.01944 ] ] ], [ [ [ 88.76381, 22.05167 ], [ 88.77526, 22.05004 ], [ 88.77805, 22.01972 ], [ 88.76167, 22.02139 ], [ 88.75172, 22.04943 ], [ 88.76381, 22.05167 ] ] ], [ [ [ 88.90279, 22.04533 ], [ 88.90166, 22.01889 ], [ 88.87701, 22.01484 ], [ 88.8539, 22.04329 ], [ 88.90279, 22.04533 ] ] ], [ [ [ 89.0162, 22.05092 ], [ 89.04035, 22.04916 ], [ 89.06804, 22.01361 ], [ 89.07802, 21.98642 ], [ 89.06329, 21.93451 ], [ 89.03033, 21.92644 ], [ 88.99946, 21.94982 ], [ 89.01807, 21.97553 ], [ 88.97433, 21.99455 ], [ 88.97685, 22.00835 ], [ 88.96808, 22.01554 ], [ 88.98611, 22.0491 ], [ 89.00228, 22.05921 ], [ 89.0162, 22.05092 ] ] ], [ [ [ 88.81186, 22.06075 ], [ 88.83102, 22.05075 ], [ 88.83186, 22.02698 ], [ 88.81279, 22.02545 ], [ 88.80585, 22.03328 ], [ 88.79542, 22.03115 ], [ 88.78046, 22.03753 ], [ 88.79203, 22.05483 ], [ 88.81186, 22.06075 ] ] ], [ [ [ 88.87056, 22.07894 ], [ 88.87038, 22.06278 ], [ 88.88107, 22.04558 ], [ 88.86056, 22.04612 ], [ 88.85039, 22.04271 ], [ 88.81944, 22.0625 ], [ 88.82856, 22.07017 ], [ 88.8379, 22.07176 ], [ 88.85435, 22.07905 ], [ 88.87056, 22.07894 ] ] ], [ [ [ 88.90408, 22.08421 ], [ 88.89091, 22.06036 ], [ 88.87169, 22.06336 ], [ 88.87073, 22.08699 ], [ 88.90408, 22.08421 ] ] ], [ [ [ 88.80347, 22.08527 ], [ 88.80582, 22.06576 ], [ 88.78077, 22.04862 ], [ 88.74794, 22.0593 ], [ 88.75779, 22.07939 ], [ 88.779, 22.103 ], [ 88.79568, 22.10914 ], [ 88.80347, 22.08527 ] ] ], [ [ [ 88.8179, 22.12303 ], [ 88.84718, 22.11725 ], [ 88.84982, 22.10311 ], [ 88.86585, 22.08146 ], [ 88.85118, 22.07936 ], [ 88.83775, 22.07324 ], [ 88.82763, 22.0876 ], [ 88.80551, 22.08508 ], [ 88.79913, 22.11188 ], [ 88.8179, 22.12303 ] ] ], [ [ [ 88.86514, 22.16699 ], [ 88.88609, 22.16483 ], [ 88.90611, 22.12979 ], [ 88.92274, 22.10895 ], [ 88.91703, 22.0912 ], [ 88.87225, 22.0878 ], [ 88.85366, 22.10148 ], [ 88.84646, 22.1213 ], [ 88.86514, 22.16699 ] ] ], [ [ [ 88.94997, 22.18919 ], [ 88.98498, 22.14812 ], [ 88.98333, 22.11889 ], [ 88.96967, 22.08351 ], [ 88.95638, 22.07361 ], [ 88.93667, 22.0725 ], [ 88.92203, 22.05562 ], [ 88.92389, 22.02467 ], [ 88.93111, 22.0 ], [ 88.94611, 22.0 ], [ 88.93528, 22.02584 ], [ 88.93897, 22.06179 ], [ 88.95808, 22.06024 ], [ 88.9771, 22.03839 ], [ 88.96519, 22.01741 ], [ 88.97551, 22.00483 ], [ 88.9725, 21.98779 ], [ 88.99389, 21.97028 ], [ 88.99459, 21.94197 ], [ 89.02135, 21.92166 ], [ 89.01511, 21.90307 ], [ 88.99233, 21.90695 ], [ 88.94444, 21.92975 ], [ 88.93147, 21.94208 ], [ 88.91272, 21.99436 ], [ 88.91608, 22.01063 ], [ 88.9017, 22.06387 ], [ 88.90836, 22.07832 ], [ 88.93072, 22.0981 ], [ 88.92953, 22.11153 ], [ 88.90944, 22.13364 ], [ 88.89746, 22.17106 ], [ 88.91972, 22.16111 ], [ 88.94997, 22.18919 ] ] ], [ [ [ 89.00193, 22.19917 ], [ 89.01302, 22.19582 ], [ 89.01444, 22.16444 ], [ 89.02242, 22.14836 ], [ 89.04911, 22.13292 ], [ 89.03111, 22.09389 ], [ 89.03887, 22.05546 ], [ 89.01893, 22.05143 ], [ 89.00171, 22.06026 ], [ 88.96281, 22.06113 ], [ 88.98037, 22.07928 ], [ 88.99687, 22.13174 ], [ 88.99386, 22.14855 ], [ 88.97643, 22.16956 ], [ 88.97269, 22.19344 ], [ 89.00193, 22.19917 ] ] ], [ [ [ 88.69519, 22.20861 ], [ 88.7319, 22.19399 ], [ 88.76498, 22.1922 ], [ 88.7689, 22.18002 ], [ 88.78917, 22.16945 ], [ 88.76639, 22.14611 ], [ 88.73602, 22.13268 ], [ 88.72327, 22.11325 ], [ 88.68897, 22.0899 ], [ 88.6884, 22.05977 ], [ 88.72942, 22.03832 ], [ 88.74018, 22.02035 ], [ 88.72041, 22.0056 ], [ 88.70229, 22.00733 ], [ 88.66339, 22.0244 ], [ 88.66161, 22.05217 ], [ 88.65215, 22.08143 ], [ 88.63419, 22.10621 ], [ 88.65286, 22.16339 ], [ 88.67778, 22.18361 ], [ 88.69519, 22.20861 ] ] ], [ [ [ 88.84475, 22.18919 ], [ 88.85128, 22.19439 ], [ 88.8521, 22.20288 ], [ 88.85728, 22.20521 ], [ 88.86414, 22.19668 ], [ 88.86856, 22.17303 ], [ 88.85196, 22.17356 ], [ 88.84985, 22.14273 ], [ 88.79843, 22.12495 ], [ 88.79498, 22.11444 ], [ 88.77194, 22.10639 ], [ 88.76906, 22.09195 ], [ 88.74959, 22.08106 ], [ 88.73917, 22.05699 ], [ 88.70472, 22.065 ], [ 88.70254, 22.07795 ], [ 88.73553, 22.10533 ], [ 88.74916, 22.135 ], [ 88.77104, 22.14257 ], [ 88.8065, 22.17801 ], [ 88.8326, 22.16452 ], [ 88.84475, 22.18919 ] ] ], [ [ [ 88.93237, 22.225 ], [ 88.95419, 22.2216 ], [ 88.96099, 22.19405 ], [ 88.94449, 22.19276 ], [ 88.93148, 22.17701 ], [ 88.90917, 22.1941 ], [ 88.91553, 22.20623 ], [ 88.9205, 22.23067 ], [ 88.93237, 22.225 ] ] ], [ [ [ 88.8126, 22.28339 ], [ 88.82625, 22.26459 ], [ 88.82542, 22.24091 ], [ 88.80101, 22.228 ], [ 88.80621, 22.20773 ], [ 88.82679, 22.19568 ], [ 88.81519, 22.18117 ], [ 88.78886, 22.17835 ], [ 88.76603, 22.19492 ], [ 88.74725, 22.19863 ], [ 88.75219, 22.23039 ], [ 88.77352, 22.25071 ], [ 88.78565, 22.25737 ], [ 88.79156, 22.25844 ], [ 88.79324, 22.2616 ], [ 88.79483, 22.27588 ], [ 88.8126, 22.28339 ] ] ], [ [ [ 88.84986, 22.36292 ], [ 88.86945, 22.35807 ], [ 88.89157, 22.34308 ], [ 88.91166, 22.31167 ], [ 88.93747, 22.29737 ], [ 88.92981, 22.26365 ], [ 88.95135, 22.24273 ], [ 88.95415, 22.22569 ], [ 88.92645, 22.22869 ], [ 88.9207, 22.23263 ], [ 88.91659, 22.22504 ], [ 88.9025, 22.17665 ], [ 88.88538, 22.16753 ], [ 88.87227, 22.17137 ], [ 88.86665, 22.19551 ], [ 88.85958, 22.20543 ], [ 88.85519, 22.20638 ], [ 88.85015, 22.20194 ], [ 88.83656, 22.20739 ], [ 88.80672, 22.20895 ], [ 88.80549, 22.22136 ], [ 88.82647, 22.2389 ], [ 88.8273, 22.26545 ], [ 88.80513, 22.29607 ], [ 88.81223, 22.31389 ], [ 88.8075, 22.33333 ], [ 88.81834, 22.35889 ], [ 88.83195, 22.35806 ], [ 88.84986, 22.36292 ] ] ], [ [ [ 88.98476, 22.38243 ], [ 88.98824, 22.36489 ], [ 88.98337, 22.3259 ], [ 89.0, 22.32334 ], [ 89.02242, 22.2994 ], [ 89.0, 22.29806 ], [ 88.99644, 22.28263 ], [ 89.03355, 22.25453 ], [ 89.04041, 22.22213 ], [ 89.06471, 22.20111 ], [ 89.06912, 22.18993 ], [ 89.06087, 22.16676 ], [ 89.07524, 22.14451 ], [ 89.06219, 22.12843 ], [ 89.05055, 22.14667 ], [ 89.02353, 22.16538 ], [ 89.02722, 22.18734 ], [ 89.01861, 22.20667 ], [ 88.98628, 22.2056 ], [ 88.96816, 22.21505 ], [ 88.9617, 22.24219 ], [ 88.94722, 22.25556 ], [ 88.95302, 22.27635 ], [ 88.95088, 22.29806 ], [ 88.9547, 22.3611 ], [ 88.96432, 22.367 ], [ 88.9678, 22.38795 ], [ 88.98476, 22.38243 ] ] ], [ [ [ 88.86195, 22.39889 ], [ 88.88375, 22.37199 ], [ 88.89778, 22.36417 ], [ 88.89322, 22.34577 ], [ 88.86083, 22.37083 ], [ 88.86195, 22.39889 ] ] ], [ [ [ 88.78139, 22.50056 ], [ 88.79167, 22.49886 ], [ 88.80023, 22.48615 ], [ 88.80984, 22.48119 ], [ 88.8008, 22.46112 ], [ 88.78139, 22.50056 ] ] ], [ [ [ 88.8977, 22.54886 ], [ 88.90569, 22.52052 ], [ 88.90405, 22.496 ], [ 88.89306, 22.48667 ], [ 88.8963, 22.47185 ], [ 88.89229, 22.46593 ], [ 88.8975, 22.45919 ], [ 88.90066, 22.44462 ], [ 88.90801, 22.43416 ], [ 88.90451, 22.41167 ], [ 88.92111, 22.39917 ], [ 88.88439, 22.37608 ], [ 88.88229, 22.40319 ], [ 88.86148, 22.41321 ], [ 88.85474, 22.43598 ], [ 88.86081, 22.44717 ], [ 88.86133, 22.49903 ], [ 88.86716, 22.53049 ], [ 88.88524, 22.54999 ], [ 88.8977, 22.54886 ] ] ], [ [ [ 88.92017, 22.56531 ], [ 88.95595, 22.55137 ], [ 88.96523, 22.53409 ], [ 88.97833, 22.4825 ], [ 88.995, 22.46778 ], [ 88.98917, 22.43944 ], [ 88.9975, 22.42861 ], [ 88.96861, 22.41278 ], [ 88.96445, 22.37389 ], [ 88.94862, 22.35481 ], [ 88.94327, 22.31065 ], [ 88.93248, 22.31117 ], [ 88.90704, 22.33627 ], [ 88.89643, 22.37983 ], [ 88.91592, 22.39194 ], [ 88.92555, 22.3875 ], [ 88.92582, 22.40623 ], [ 88.90778, 22.41583 ], [ 88.91889, 22.42972 ], [ 88.90392, 22.44615 ], [ 88.90316, 22.45523 ], [ 88.89472, 22.46611 ], [ 88.89882, 22.47684 ], [ 88.89619, 22.48351 ], [ 88.90561, 22.49337 ], [ 88.91389, 22.51472 ], [ 88.90423, 22.52626 ], [ 88.89614, 22.56079 ], [ 88.92017, 22.56531 ] ] ] ] } },
{ "type": "Feature", "properties": { "source": "https://simplemaps.com", "id": "INLD", "name": "Lakshadweep" }, "geometry": { "type": "MultiPolygon", "coordinates": [ [ [ [ 73.01014, 8.28042 ], [ 73.01014, 8.28014 ], [ 73.01041, 8.28014 ], [ 73.01041, 8.27986 ], [ 73.0107, 8.27986 ], [ 73.0107, 8.27958 ], [ 73.01097, 8.27958 ], [ 73.01097, 8.27931 ], [ 73.01153, 8.27931 ], [ 73.01153, 8.27903 ], [ 73.01208, 8.27903 ], [ 73.01208, 8.27875 ], [ 73.01292, 8.27875 ], [ 73.01292, 8.27736 ], [ 73.01264, 8.27736 ], [ 73.01264, 8.27708 ], [ 73.01236, 8.27708 ], [ 73.01236, 8.27681 ], [ 73.0118, 8.27681 ], [ 73.0118, 8.27653 ], [ 73.01125, 8.27653 ], [ 73.01125, 8.27681 ], [ 73.01097, 8.27681 ], [ 73.01097, 8.27708 ], [ 73.0107, 8.27708 ], [ 73.0107, 8.27736 ], [ 73.01041, 8.27736 ], [ 73.01041, 8.27792 ], [ 73.01014, 8.27792 ], [ 73.01014, 8.27931 ], [ 73.00986, 8.27931 ], [ 73.00986, 8.28042 ], [ 73.01014, 8.28042 ] ] ], [ [ [ 73.08097, 8.32764 ], [ 73.08097, 8.32708 ], [ 73.0807, 8.32708 ], [ 73.0807, 8.32625 ], [ 73.0804, 8.32625 ], [ 73.0804, 8.32569 ], [ 73.07986, 8.32569 ], [ 73.07986, 8.32542 ], [ 73.07958, 8.32542 ], [ 73.07958, 8.32514 ], [ 73.07931, 8.32514 ], [ 73.07931, 8.32458 ], [ 73.07903, 8.32458 ], [ 73.07903, 8.32403 ], [ 73.07875, 8.32403 ], [ 73.07875, 8.32375 ], [ 73.07848, 8.32375 ], [ 73.07848, 8.32346 ], [ 73.07819, 8.32347 ], [ 73.07819, 8.3232 ], [ 73.07792, 8.3232 ], [ 73.07792, 8.32292 ], [ 73.07765, 8.32292 ], [ 73.07765, 8.32264 ], [ 73.07736, 8.32264 ], [ 73.07736, 8.32236 ], [ 73.07681, 8.32236 ], [ 73.07681, 8.32208 ], [ 73.07653, 8.32208 ], [ 73.07653, 8.32153 ], [ 73.07625, 8.32153 ], [ 73.07625, 8.32097 ], [ 73.07597, 8.32097 ], [ 73.07597, 8.32014 ], [ 73.07569, 8.32014 ], [ 73.07569, 8.31958 ], [ 73.07542, 8.31958 ], [ 73.07542, 8.31875 ], [ 73.07514, 8.31875 ], [ 73.07514, 8.3182 ], [ 73.07486, 8.3182 ], [ 73.07486, 8.31736 ], [ 73.07458, 8.31736 ], [ 73.07458, 8.31708 ], [ 73.0743, 8.31708 ], [ 73.0743, 8.31653 ], [ 73.07403, 8.31653 ], [ 73.07403, 8.31597 ], [ 73.07375, 8.31597 ], [ 73.07375, 8.31542 ], [ 73.07347, 8.31542 ], [ 73.07347, 8.31514 ], [ 73.0732, 8.31514 ], [ 73.0732, 8.31486 ], [ 73.07291, 8.31486 ], [ 73.07291, 8.31431 ], [ 73.07264, 8.31431 ], [ 73.07264, 8.31375 ], [ 73.07236, 8.31375 ], [ 73.07236, 8.31347 ], [ 73.07208, 8.31347 ], [ 73.07208, 8.31292 ], [ 73.07181, 8.31292 ], [ 73.07181, 8.31236 ], [ 73.07152, 8.31236 ], [ 73.07152, 8.31181 ], [ 73.07125, 8.31181 ], [ 73.07125, 8.31152 ], [ 73.07097, 8.31153 ], [ 73.07097, 8.31097 ], [ 73.07069, 8.31097 ], [ 73.07069, 8.31042 ], [ 73.07042, 8.31042 ], [ 73.07042, 8.30958 ], [ 73.07014, 8.30958 ], [ 73.07014, 8.30903 ], [ 73.06986, 8.30903 ], [ 73.06986, 8.30875 ], [ 73.06958, 8.30875 ], [ 73.06958, 8.30819 ], [ 73.06931, 8.30819 ], [ 73.06931, 8.30792 ], [ 73.06903, 8.30792 ], [ 73.06903, 8.30625 ], [ 73.06875, 8.30625 ], [ 73.06875, 8.30569 ], [ 73.06847, 8.30569 ], [ 73.06847, 8.30486 ], [ 73.06819, 8.30486 ], [ 73.06819, 8.30431 ], [ 73.06792, 8.30431 ], [ 73.06792, 8.30347 ], [ 73.06764, 8.30347 ], [ 73.06764, 8.30264 ], [ 73.06736, 8.30265 ], [ 73.06736, 8.30153 ], [ 73.06709, 8.30153 ], [ 73.06709, 8.30069 ], [ 73.06736, 8.3007 ], [ 73.06736, 8.30014 ], [ 73.06709, 8.30014 ], [ 73.06709, 8.29792 ], [ 73.06736, 8.29792 ], [ 73.06736, 8.29764 ], [ 73.06709, 8.29764 ], [ 73.06709, 8.29708 ], [ 73.0668, 8.29708 ], [ 73.0668, 8.29625 ], [ 73.06653, 8.29625 ], [ 73.06653, 8.29292 ], [ 73.0668, 8.29292 ], [ 73.0668, 8.2918 ], [ 73.0668, 8.28986 ], [ 73.06709, 8.28986 ], [ 73.06709, 8.28628 ], [ 73.06709, 8.28569 ], [ 73.0668, 8.28569 ], [ 73.0668, 8.28542 ], [ 73.06653, 8.28542 ], [ 73.06653, 8.28514 ], [ 73.06625, 8.28514 ], [ 73.06625, 8.28486 ], [ 73.06597, 8.28486 ], [ 73.06597, 8.28458 ], [ 73.0657, 8.28458 ], [ 73.0657, 8.28403 ], [ 73.06542, 8.28403 ], [ 73.06542, 8.28375 ], [ 73.06514, 8.28375 ], [ 73.06514, 8.28347 ], [ 73.06486, 8.28347 ], [ 73.06486, 8.28319 ], [ 73.06458, 8.28319 ], [ 73.06458, 8.28264 ], [ 73.06431, 8.28264 ], [ 73.06431, 8.28236 ], [ 73.06403, 8.28236 ], [ 73.06403, 8.28208 ], [ 73.06377, 8.28208 ], [ 73.06347, 8.28208 ], [ 73.06347, 8.28153 ], [ 73.06339, 8.28153 ], [ 73.06292, 8.28154 ], [ 73.06292, 8.28125 ], [ 73.06236, 8.28125 ], [ 73.06236, 8.28097 ], [ 73.06153, 8.28097 ], [ 73.06153, 8.28069 ], [ 73.06125, 8.28069 ], [ 73.06125, 8.28042 ], [ 73.06097, 8.28042 ], [ 73.06097, 8.28014 ], [ 73.06069, 8.28014 ], [ 73.06069, 8.27986 ], [ 73.06042, 8.27986 ], [ 73.06042, 8.27958 ], [ 73.06014, 8.27958 ], [ 73.06014, 8.27931 ], [ 73.05958, 8.27931 ], [ 73.05958, 8.27903 ], [ 73.0593, 8.27903 ], [ 73.0593, 8.27875 ], [ 73.05903, 8.27875 ], [ 73.05903, 8.27847 ], [ 73.05875, 8.27848 ], [ 73.05875, 8.27819 ], [ 73.05847, 8.27819 ], [ 73.05847, 8.27792 ], [ 73.0582, 8.27792 ], [ 73.0582, 8.27764 ], [ 73.05791, 8.27764 ], [ 73.05791, 8.27708 ], [ 73.05764, 8.27708 ], [ 73.05764, 8.27681 ], [ 73.05736, 8.27681 ], [ 73.05736, 8.27653 ], [ 73.05708, 8.27653 ], [ 73.05708, 8.27625 ], [ 73.05681, 8.27625 ], [ 73.05681, 8.27597 ], [ 73.05653, 8.27597 ], [ 73.05653, 8.2757 ], [ 73.0564, 8.2757 ], [ 73.05597, 8.2757 ], [ 73.05597, 8.27544 ], [ 73.05597, 8.27514 ], [ 73.05569, 8.27514 ], [ 73.05569, 8.27486 ], [ 73.05542, 8.27486 ], [ 73.05542, 8.27458 ], [ 73.05514, 8.27458 ], [ 73.05514, 8.27431 ], [ 73.05491, 8.27427 ], [ 73.05486, 8.27403 ], [ 73.05471, 8.27403 ], [ 73.05458, 8.27403 ], [ 73.05458, 8.27388 ], [ 73.05458, 8.27375 ], [ 73.05447, 8.27375 ], [ 73.05431, 8.27375 ], [ 73.05431, 8.2736 ], [ 73.05431, 8.2732 ], [ 73.05403, 8.2732 ], [ 73.05403, 8.27292 ], [ 73.05375, 8.27292 ], [ 73.05375, 8.27235 ], [ 73.05347, 8.27236 ], [ 73.05347, 8.2718 ], [ 73.05319, 8.27181 ], [ 73.05319, 8.27125 ], [ 73.05292, 8.27125 ], [ 73.05292, 8.27097 ], [ 73.05264, 8.27097 ], [ 73.05264, 8.27069 ], [ 73.05236, 8.27069 ], [ 73.05236, 8.27042 ], [ 73.05209, 8.27042 ], [ 73.05209, 8.26986 ], [ 73.0518, 8.26986 ], [ 73.0518, 8.26958 ], [ 73.05153, 8.26958 ], [ 73.05153, 8.26931 ], [ 73.05125, 8.26931 ], [ 73.05125, 8.26903 ], [ 73.05097, 8.26903 ], [ 73.05097, 8.26875 ], [ 73.0507, 8.26875 ], [ 73.0507, 8.2682 ], [ 73.05042, 8.2682 ], [ 73.05042, 8.26792 ], [ 73.05014, 8.26792 ], [ 73.05014, 8.26764 ], [ 73.04958, 8.26764 ], [ 73.04958, 8.26736 ], [ 73.04931, 8.26736 ], [ 73.04931, 8.2668 ], [ 73.04875, 8.26681 ], [ 73.04875, 8.26654 ], [ 73.04681, 8.26654 ], [ 73.04681, 8.26625 ], [ 73.04347, 8.26625 ], [ 73.04347, 8.26597 ], [ 73.03736, 8.26597 ], [ 73.03736, 8.26625 ], [ 73.03458, 8.26625 ], [ 73.03458, 8.26654 ], [ 73.03152, 8.26654 ], [ 73.03152, 8.26681 ], [ 73.03069, 8.2668 ], [ 73.03069, 8.26708 ], [ 73.02986, 8.26708 ], [ 73.02986, 8.26736 ], [ 73.02903, 8.26736 ], [ 73.02903, 8.26764 ], [ 73.0282, 8.26764 ], [ 73.02819, 8.26792 ], [ 73.02736, 8.26792 ], [ 73.02736, 8.2682 ], [ 73.02653, 8.2682 ], [ 73.02653, 8.26847 ], [ 73.02402, 8.26847 ], [ 73.02402, 8.26875 ], [ 73.02292, 8.26875 ], [ 73.02291, 8.26884 ], [ 73.0229, 8.26903 ], [ 73.02264, 8.26903 ], [ 73.02264, 8.26931 ], [ 73.02236, 8.26931 ], [ 73.02236, 8.26958 ], [ 73.0218, 8.26958 ], [ 73.0218, 8.26986 ], [ 73.02125, 8.26986 ], [ 73.02125, 8.27014 ], [ 73.02097, 8.27014 ], [ 73.02097, 8.27042 ], [ 73.02042, 8.27042 ], [ 73.02042, 8.27069 ], [ 73.02014, 8.27069 ], [ 73.02014, 8.27097 ], [ 73.01958, 8.27097 ], [ 73.01958, 8.27125 ], [ 73.0193, 8.27125 ], [ 73.0193, 8.27153 ], [ 73.01875, 8.27153 ], [ 73.01875, 8.27236 ], [ 73.01903, 8.27236 ], [ 73.01903, 8.2732 ], [ 73.01875, 8.27319 ], [ 73.01875, 8.27403 ], [ 73.01847, 8.27403 ], [ 73.01847, 8.27458 ], [ 73.0182, 8.27458 ], [ 73.0182, 8.27542 ], [ 73.01791, 8.27542 ], [ 73.01791, 8.27625 ], [ 73.01764, 8.27625 ], [ 73.01764, 8.27708 ], [ 73.01791, 8.27708 ], [ 73.01791, 8.27736 ], [ 73.0182, 8.27736 ], [ 73.0182, 8.27764 ], [ 73.0193, 8.27764 ], [ 73.0193, 8.27736 ], [ 73.01958, 8.27736 ], [ 73.01958, 8.27708 ], [ 73.02014, 8.27708 ], [ 73.02014, 8.27681 ], [ 73.02041, 8.27681 ], [ 73.02041, 8.27653 ], [ 73.02097, 8.27653 ], [ 73.02097, 8.27625 ], [ 73.02153, 8.27625 ], [ 73.02153, 8.27597 ], [ 73.02209, 8.27597 ], [ 73.02209, 8.2757 ], [ 73.02236, 8.2757 ], [ 73.02236, 8.27542 ], [ 73.02264, 8.27542 ], [ 73.02264, 8.27514 ], [ 73.02292, 8.27514 ], [ 73.02292, 8.27486 ], [ 73.02319, 8.27486 ], [ 73.02319, 8.27458 ], [ 73.02348, 8.27458 ], [ 73.02348, 8.27292 ], [ 73.02375, 8.27292 ], [ 73.02375, 8.27264 ], [ 73.02597, 8.27264 ], [ 73.02597, 8.27235 ], [ 73.02792, 8.27235 ], [ 73.02792, 8.27264 ], [ 73.02929, 8.27264 ], [ 73.02929, 8.27292 ], [ 73.03125, 8.27292 ], [ 73.03125, 8.2732 ], [ 73.03181, 8.2732 ], [ 73.03181, 8.27347 ], [ 73.03291, 8.27347 ], [ 73.03291, 8.27375 ], [ 73.03403, 8.27375 ], [ 73.03403, 8.27403 ], [ 73.03458, 8.27403 ], [ 73.03458, 8.27431 ], [ 73.0407, 8.27431 ], [ 73.0407, 8.27403 ], [ 73.04097, 8.27403 ], [ 73.04097, 8.27431 ], [ 73.04208, 8.27431 ], [ 73.04208, 8.27458 ], [ 73.04292, 8.27458 ], [ 73.04292, 8.27486 ], [ 73.04375, 8.27486 ], [ 73.04375, 8.27514 ], [ 73.04458, 8.27514 ], [ 73.04458, 8.27542 ], [ 73.04514, 8.27542 ], [ 73.04514, 8.2757 ], [ 73.04569, 8.2757 ], [ 73.04569, 8.27597 ], [ 73.04597, 8.27597 ], [ 73.04597, 8.27625 ], [ 73.04708, 8.27625 ], [ 73.04708, 8.27653 ], [ 73.04736, 8.27653 ], [ 73.04736, 8.27681 ], [ 73.04764, 8.27681 ], [ 73.04764, 8.27708 ], [ 73.04792, 8.27708 ], [ 73.04792, 8.27736 ], [ 73.04819, 8.27736 ], [ 73.04819, 8.27764 ], [ 73.04847, 8.27764 ], [ 73.04847, 8.27792 ], [ 73.04903, 8.27792 ], [ 73.04903, 8.27819 ], [ 73.04931, 8.27819 ], [ 73.04931, 8.27848 ], [ 73.04986, 8.27847 ], [ 73.04986, 8.27875 ], [ 73.05014, 8.27875 ], [ 73.05014, 8.27931 ], [ 73.0507, 8.27931 ], [ 73.0507, 8.27958 ], [ 73.05125, 8.27958 ], [ 73.05125, 8.27986 ], [ 73.05153, 8.27986 ], [ 73.05153, 8.28014 ], [ 73.05209, 8.28014 ], [ 73.05209, 8.28042 ], [ 73.05236, 8.28042 ], [ 73.05236, 8.28069 ], [ 73.05264, 8.28069 ], [ 73.05264, 8.28097 ], [ 73.05292, 8.28097 ], [ 73.05292, 8.28125 ], [ 73.05319, 8.28125 ], [ 73.05319, 8.28154 ], [ 73.05348, 8.28154 ], [ 73.05348, 8.28181 ], [ 73.05403, 8.28181 ], [ 73.05403, 8.28208 ], [ 73.05458, 8.28208 ], [ 73.05458, 8.28236 ], [ 73.05486, 8.28236 ], [ 73.05486, 8.28264 ], [ 73.05569, 8.28264 ], [ 73.05569, 8.28375 ], [ 73.05597, 8.28375 ], [ 73.05597, 8.28403 ], [ 73.05625, 8.28403 ], [ 73.05625, 8.28514 ], [ 73.05653, 8.28514 ], [ 73.05653, 8.28569 ], [ 73.05681, 8.28569 ], [ 73.05681, 8.28597 ], [ 73.05708, 8.28597 ], [ 73.05708, 8.28653 ], [ 73.05736, 8.28653 ], [ 73.05736, 8.28708 ], [ 73.05764, 8.28708 ], [ 73.05764, 8.28736 ], [ 73.0582, 8.28736 ], [ 73.0582, 8.28764 ], [ 73.05847, 8.28764 ], [ 73.05847, 8.28792 ], [ 73.05875, 8.28792 ], [ 73.05875, 8.28903 ], [ 73.0593, 8.28903 ], [ 73.0593, 8.28958 ], [ 73.05958, 8.28958 ], [ 73.05958, 8.29042 ], [ 73.05986, 8.29042 ], [ 73.05986, 8.2907 ], [ 73.06014, 8.2907 ], [ 73.06014, 8.29097 ], [ 73.06042, 8.29097 ], [ 73.06042, 8.29125 ], [ 73.06069, 8.29125 ], [ 73.06069, 8.29153 ], [ 73.06097, 8.29153 ], [ 73.06097, 8.29181 ], [ 73.06125, 8.29181 ], [ 73.06125, 8.29236 ], [ 73.06153, 8.29236 ], [ 73.06153, 8.29264 ], [ 73.06181, 8.29264 ], [ 73.06181, 8.29292 ], [ 73.06208, 8.29292 ], [ 73.06208, 8.29348 ], [ 73.06236, 8.29347 ], [ 73.06236, 8.29375 ], [ 73.06265, 8.29375 ], [ 73.06265, 8.29431 ], [ 73.06292, 8.2943 ], [ 73.06292, 8.29486 ], [ 73.06319, 8.29486 ], [ 73.06319, 8.29514 ], [ 73.06375, 8.29514 ], [ 73.06375, 8.2957 ], [ 73.06403, 8.2957 ], [ 73.06403, 8.29625 ], [ 73.06431, 8.29625 ], [ 73.06431, 8.29681 ], [ 73.06458, 8.29681 ], [ 73.06458, 8.29708 ], [ 73.06486, 8.29708 ], [ 73.06486, 8.29792 ], [ 73.06514, 8.29792 ], [ 73.06514, 8.29903 ], [ 73.06541, 8.29903 ], [ 73.06541, 8.30125 ], [ 73.06571, 8.30125 ], [ 73.06571, 8.30265 ], [ 73.06597, 8.30264 ], [ 73.06597, 8.30319 ], [ 73.06625, 8.30319 ], [ 73.06625, 8.30403 ], [ 73.06653, 8.30403 ], [ 73.06653, 8.30486 ], [ 73.0668, 8.30486 ], [ 73.0668, 8.30597 ], [ 73.06709, 8.30597 ], [ 73.06709, 8.30625 ], [ 73.06736, 8.30625 ], [ 73.06736, 8.30681 ], [ 73.06764, 8.30681 ], [ 73.06764, 8.30736 ], [ 73.06792, 8.30736 ], [ 73.06792, 8.30792 ], [ 73.06819, 8.30792 ], [ 73.06819, 8.30847 ], [ 73.06846, 8.30846 ], [ 73.06846, 8.30931 ], [ 73.06875, 8.30931 ], [ 73.06875, 8.30958 ], [ 73.06903, 8.30958 ], [ 73.06903, 8.31042 ], [ 73.06931, 8.31042 ], [ 73.06931, 8.31125 ], [ 73.06958, 8.31125 ], [ 73.06958, 8.31181 ], [ 73.06986, 8.31181 ], [ 73.06986, 8.31208 ], [ 73.07014, 8.31208 ], [ 73.07014, 8.31264 ], [ 73.07042, 8.31264 ], [ 73.07042, 8.31319 ], [ 73.07069, 8.31319 ], [ 73.07069, 8.31403 ], [ 73.07097, 8.31403 ], [ 73.07097, 8.31459 ], [ 73.07125, 8.31459 ], [ 73.07125, 8.31514 ], [ 73.07153, 8.31514 ], [ 73.07153, 8.31569 ], [ 73.07181, 8.31569 ], [ 73.07181, 8.31625 ], [ 73.07208, 8.31625 ], [ 73.07208, 8.31681 ], [ 73.07236, 8.31681 ], [ 73.07236, 8.31736 ], [ 73.07264, 8.31736 ], [ 73.07264, 8.31765 ], [ 73.07291, 8.31764 ], [ 73.07291, 8.31847 ], [ 73.0732, 8.31847 ], [ 73.0732, 8.31903 ], [ 73.07347, 8.31903 ], [ 73.07347, 8.31931 ], [ 73.07375, 8.31931 ], [ 73.07375, 8.31986 ], [ 73.07403, 8.31986 ], [ 73.07403, 8.32042 ], [ 73.0743, 8.32042 ], [ 73.0743, 8.3207 ], [ 73.07459, 8.32069 ], [ 73.07459, 8.32125 ], [ 73.07486, 8.32125 ], [ 73.07486, 8.32181 ], [ 73.07514, 8.32181 ], [ 73.07514, 8.32236 ], [ 73.07542, 8.32236 ], [ 73.07542, 8.32264 ], [ 73.07569, 8.32264 ], [ 73.07569, 8.3232 ], [ 73.07597, 8.32319 ], [ 73.07597, 8.32375 ], [ 73.07625, 8.32375 ], [ 73.07625, 8.32403 ], [ 73.07653, 8.32403 ], [ 73.07653, 8.32431 ], [ 73.07681, 8.32431 ], [ 73.07681, 8.32514 ], [ 73.07708, 8.32514 ], [ 73.07708, 8.32542 ], [ 73.07819, 8.32542 ], [ 73.07819, 8.32569 ], [ 73.07903, 8.32569 ], [ 73.07903, 8.32597 ], [ 73.07931, 8.32597 ], [ 73.07931, 8.32625 ], [ 73.07958, 8.32625 ], [ 73.07958, 8.32653 ], [ 73.07986, 8.32653 ], [ 73.07986, 8.32708 ], [ 73.08014, 8.32708 ], [ 73.08014, 8.32736 ], [ 73.0804, 8.32736 ], [ 73.0804, 8.32792 ], [ 73.08069, 8.32792 ], [ 73.0807, 8.32771 ], [ 73.08097, 8.32764 ] ] ], [ [ [ 72.29014, 10.04958 ], [ 72.29014, 10.04903 ], [ 72.28986, 10.04903 ], [ 72.28986, 10.04847 ], [ 72.28958, 10.04847 ], [ 72.28958, 10.04819 ], [ 72.28931, 10.04819 ], [ 72.28931, 10.04764 ], [ 72.28875, 10.04764 ], [ 72.28875, 10.04708 ], [ 72.28848, 10.04708 ], [ 72.28848, 10.04625 ], [ 72.28819, 10.04625 ], [ 72.28819, 10.0457 ], [ 72.28792, 10.0457 ], [ 72.28792, 10.04375 ], [ 72.28764, 10.04375 ], [ 72.28764, 10.04264 ], [ 72.28736, 10.04264 ], [ 72.28736, 10.04207 ], [ 72.28709, 10.04208 ], [ 72.28709, 10.04125 ], [ 72.2868, 10.04125 ], [ 72.2868, 10.04069 ], [ 72.28653, 10.0407 ], [ 72.28653, 10.04042 ], [ 72.28625, 10.04042 ], [ 72.28625, 10.04014 ], [ 72.28596, 10.04014 ], [ 72.28596, 10.03986 ], [ 72.2857, 10.03986 ], [ 72.2857, 10.03958 ], [ 72.28542, 10.03958 ], [ 72.28542, 10.03931 ], [ 72.28514, 10.03932 ], [ 72.28514, 10.03903 ], [ 72.28458, 10.03903 ], [ 72.28458, 10.03875 ], [ 72.28431, 10.03875 ], [ 72.2843, 10.03847 ], [ 72.28403, 10.03847 ], [ 72.28403, 10.03819 ], [ 72.28347, 10.03819 ], [ 72.28347, 10.03792 ], [ 72.28181, 10.03792 ], [ 72.28181, 10.03819 ], [ 72.28152, 10.03819 ], [ 72.28152, 10.03847 ], [ 72.28125, 10.03847 ], [ 72.28125, 10.03932 ], [ 72.28152, 10.03932 ], [ 72.28152, 10.04014 ], [ 72.28181, 10.04014 ], [ 72.28181, 10.0407 ], [ 72.28208, 10.0407 ], [ 72.28208, 10.04097 ], [ 72.28236, 10.04097 ], [ 72.28236, 10.04125 ], [ 72.28264, 10.04125 ], [ 72.28264, 10.04153 ], [ 72.28292, 10.04153 ], [ 72.28292, 10.04181 ], [ 72.2832, 10.04181 ], [ 72.2832, 10.04236 ], [ 72.28347, 10.04236 ], [ 72.28347, 10.04292 ], [ 72.28375, 10.04292 ], [ 72.28375, 10.04347 ], [ 72.28403, 10.04347 ], [ 72.28403, 10.04375 ], [ 72.2843, 10.04375 ], [ 72.2843, 10.04403 ], [ 72.28458, 10.04403 ], [ 72.28458, 10.04431 ], [ 72.28486, 10.0443 ], [ 72.28486, 10.04458 ], [ 72.28514, 10.04458 ], [ 72.28514, 10.04514 ], [ 72.28542, 10.04513 ], [ 72.28542, 10.04542 ], [ 72.2857, 10.04542 ], [ 72.2857, 10.0457 ], [ 72.28596, 10.04569 ], [ 72.28596, 10.04625 ], [ 72.28625, 10.04625 ], [ 72.28625, 10.04653 ], [ 72.28653, 10.04653 ], [ 72.28653, 10.04708 ], [ 72.2868, 10.04708 ], [ 72.2868, 10.04736 ], [ 72.28709, 10.04736 ], [ 72.28709, 10.04764 ], [ 72.28736, 10.04764 ], [ 72.28736, 10.04792 ], [ 72.28764, 10.04792 ], [ 72.28764, 10.04819 ], [ 72.28819, 10.04819 ], [ 72.28819, 10.04903 ], [ 72.28875, 10.04903 ], [ 72.28875, 10.04931 ], [ 72.28931, 10.0493 ], [ 72.28931, 10.04958 ], [ 72.29014, 10.04958 ] ] ], [ [ [ 73.63347, 10.07042 ], [ 73.63347, 10.07014 ], [ 73.63375, 10.07014 ], [ 73.63375, 10.06875 ], [ 73.63292, 10.06875 ], [ 73.63292, 10.0682 ], [ 73.63236, 10.0682 ], [ 73.63236, 10.06847 ], [ 73.63181, 10.06847 ], [ 73.63181, 10.0682 ], [ 73.63153, 10.0682 ], [ 73.63153, 10.06764 ], [ 73.63125, 10.06764 ], [ 73.63125, 10.06736 ], [ 73.63042, 10.06736 ], [ 73.63042, 10.06764 ], [ 73.63014, 10.06764 ], [ 73.63014, 10.0682 ], [ 73.62986, 10.0682 ], [ 73.62986, 10.06875 ], [ 73.63042, 10.06875 ], [ 73.63042, 10.06903 ], [ 73.63097, 10.06903 ], [ 73.63097, 10.06931 ], [ 73.63181, 10.06931 ], [ 73.63181, 10.06958 ], [ 73.63208, 10.06958 ], [ 73.63208, 10.06986 ], [ 73.63236, 10.06986 ], [ 73.63236, 10.07014 ], [ 73.63264, 10.07014 ], [ 73.63264, 10.07042 ], [ 73.63347, 10.07042 ] ] ], [ [ [ 73.62903, 10.07514 ], [ 73.62903, 10.07486 ], [ 73.6293, 10.07486 ], [ 73.6293, 10.07458 ], [ 73.62959, 10.07458 ], [ 73.62959, 10.07403 ], [ 73.6293, 10.07403 ], [ 73.6293, 10.07347 ], [ 73.62903, 10.07347 ], [ 73.62903, 10.07292 ], [ 73.62875, 10.07292 ], [ 73.62875, 10.07264 ], [ 73.62847, 10.07264 ], [ 73.62847, 10.07236 ], [ 73.6282, 10.07236 ], [ 73.6282, 10.07208 ], [ 73.62791, 10.07208 ], [ 73.62791, 10.0718 ], [ 73.62653, 10.0718 ], [ 73.62653, 10.07208 ], [ 73.62625, 10.07208 ], [ 73.62625, 10.07236 ], [ 73.62614, 10.07236 ], [ 73.62597, 10.07236 ], [ 73.62597, 10.07264 ], [ 73.62569, 10.07264 ], [ 73.62569, 10.07292 ], [ 73.62542, 10.07292 ], [ 73.62542, 10.0732 ], [ 73.62569, 10.0732 ], [ 73.62569, 10.07347 ], [ 73.62587, 10.07347 ], [ 73.62625, 10.07347 ], [ 73.62625, 10.07375 ], [ 73.62681, 10.07375 ], [ 73.62681, 10.07403 ], [ 73.62736, 10.07403 ], [ 73.62736, 10.07431 ], [ 73.62791, 10.0743 ], [ 73.62791, 10.07458 ], [ 73.6282, 10.07458 ], [ 73.6282, 10.07514 ], [ 73.62903, 10.07514 ] ] ], [ [ [ 73.65153, 10.10431 ], [ 73.65153, 10.10264 ], [ 73.6518, 10.10264 ], [ 73.6518, 10.10153 ], [ 73.65208, 10.10153 ], [ 73.65208, 10.10042 ], [ 73.6518, 10.10042 ], [ 73.6518, 10.09847 ], [ 73.65208, 10.09847 ], [ 73.65208, 10.09792 ], [ 73.6518, 10.09792 ], [ 73.6518, 10.09764 ], [ 73.65208, 10.09764 ], [ 73.65208, 10.09597 ], [ 73.6518, 10.09597 ], [ 73.6518, 10.09458 ], [ 73.65153, 10.09458 ], [ 73.65153, 10.09431 ], [ 73.65125, 10.09431 ], [ 73.65125, 10.09347 ], [ 73.65097, 10.09347 ], [ 73.65097, 10.09264 ], [ 73.6507, 10.09264 ], [ 73.6507, 10.09097 ], [ 73.65041, 10.09097 ], [ 73.65041, 10.08931 ], [ 73.65014, 10.08931 ], [ 73.65014, 10.08792 ], [ 73.64986, 10.08792 ], [ 73.64986, 10.08737 ], [ 73.64958, 10.08737 ], [ 73.64958, 10.08569 ], [ 73.64931, 10.08569 ], [ 73.64931, 10.08403 ], [ 73.64902, 10.08403 ], [ 73.64902, 10.08375 ], [ 73.64875, 10.08375 ], [ 73.64875, 10.08236 ], [ 73.64848, 10.08236 ], [ 73.64848, 10.08153 ], [ 73.64875, 10.08153 ], [ 73.64875, 10.08124 ], [ 73.64848, 10.08125 ], [ 73.64848, 10.08069 ], [ 73.64819, 10.08069 ], [ 73.64819, 10.07903 ], [ 73.64792, 10.07903 ], [ 73.64792, 10.0782 ], [ 73.64819, 10.0782 ], [ 73.64819, 10.07708 ], [ 73.64792, 10.07708 ], [ 73.64792, 10.07653 ], [ 73.64819, 10.07653 ], [ 73.64819, 10.07569 ], [ 73.64792, 10.07569 ], [ 73.64792, 10.07458 ], [ 73.64819, 10.07458 ], [ 73.64819, 10.07347 ], [ 73.64792, 10.07347 ], [ 73.64792, 10.07292 ], [ 73.64819, 10.07292 ], [ 73.64819, 10.07125 ], [ 73.64875, 10.07125 ], [ 73.64875, 10.07097 ], [ 73.64902, 10.07097 ], [ 73.64902, 10.07069 ], [ 73.64848, 10.07069 ], [ 73.64848, 10.07042 ], [ 73.64792, 10.07042 ], [ 73.64792, 10.07014 ], [ 73.64819, 10.07014 ], [ 73.64819, 10.0693 ], [ 73.64848, 10.06931 ], [ 73.64848, 10.06875 ], [ 73.64819, 10.06875 ], [ 73.64819, 10.06847 ], [ 73.64848, 10.06847 ], [ 73.64848, 10.06625 ], [ 73.64819, 10.06626 ], [ 73.64819, 10.0632 ], [ 73.64792, 10.0632 ], [ 73.64792, 10.06125 ], [ 73.64764, 10.06125 ], [ 73.64764, 10.06013 ], [ 73.64736, 10.06014 ], [ 73.64736, 10.05875 ], [ 73.64709, 10.05875 ], [ 73.64709, 10.05847 ], [ 73.6468, 10.05847 ], [ 73.6468, 10.05764 ], [ 73.64625, 10.05764 ], [ 73.64625, 10.05736 ], [ 73.64569, 10.05736 ], [ 73.64569, 10.05708 ], [ 73.64181, 10.05708 ], [ 73.64181, 10.05736 ], [ 73.64125, 10.05736 ], [ 73.64125, 10.05764 ], [ 73.64098, 10.05764 ], [ 73.64098, 10.05792 ], [ 73.64042, 10.05792 ], [ 73.64042, 10.05819 ], [ 73.64014, 10.05819 ], [ 73.64014, 10.05847 ], [ 73.63986, 10.05847 ], [ 73.63986, 10.05903 ], [ 73.63958, 10.05903 ], [ 73.63958, 10.05986 ], [ 73.63931, 10.05986 ], [ 73.63931, 10.06042 ], [ 73.63986, 10.06042 ], [ 73.63986, 10.06069 ], [ 73.64014, 10.06069 ], [ 73.64014, 10.06097 ], [ 73.64041, 10.06097 ], [ 73.64041, 10.06125 ], [ 73.64014, 10.06125 ], [ 73.64014, 10.06181 ], [ 73.63958, 10.06181 ], [ 73.63958, 10.06264 ], [ 73.63931, 10.06264 ], [ 73.63931, 10.0632 ], [ 73.63903, 10.06319 ], [ 73.63903, 10.06375 ], [ 73.63875, 10.06375 ], [ 73.63875, 10.06403 ], [ 73.63847, 10.06403 ], [ 73.63847, 10.06431 ], [ 73.63875, 10.0643 ], [ 73.63875, 10.06458 ], [ 73.63847, 10.06458 ], [ 73.63847, 10.06514 ], [ 73.63819, 10.06514 ], [ 73.63819, 10.06626 ], [ 73.63792, 10.06626 ], [ 73.63792, 10.06653 ], [ 73.63764, 10.06653 ], [ 73.63764, 10.06792 ], [ 73.63736, 10.06792 ], [ 73.63736, 10.0682 ], [ 73.63708, 10.0682 ], [ 73.63708, 10.06847 ], [ 73.6368, 10.06847 ], [ 73.6368, 10.06903 ], [ 73.63653, 10.06903 ], [ 73.63653, 10.06958 ], [ 73.63625, 10.06958 ], [ 73.63625, 10.07014 ], [ 73.63597, 10.07014 ], [ 73.63597, 10.07042 ], [ 73.6357, 10.07042 ], [ 73.6357, 10.07069 ], [ 73.63541, 10.07069 ], [ 73.63541, 10.07208 ], [ 73.63597, 10.07208 ], [ 73.63597, 10.07236 ], [ 73.63625, 10.07236 ], [ 73.63625, 10.07208 ], [ 73.63653, 10.07208 ], [ 73.63653, 10.0718 ], [ 73.63708, 10.07181 ], [ 73.63708, 10.07153 ], [ 73.63735, 10.07153 ], [ 73.63735, 10.07125 ], [ 73.63792, 10.07125 ], [ 73.63792, 10.07097 ], [ 73.64041, 10.07097 ], [ 73.64041, 10.07125 ], [ 73.64098, 10.07125 ], [ 73.64098, 10.07153 ], [ 73.64125, 10.07153 ], [ 73.64125, 10.07208 ], [ 73.64153, 10.07208 ], [ 73.64153, 10.07264 ], [ 73.64181, 10.07264 ], [ 73.64181, 10.07347 ], [ 73.64208, 10.07347 ], [ 73.64208, 10.07375 ], [ 73.64236, 10.07375 ], [ 73.64236, 10.07403 ], [ 73.64264, 10.07403 ], [ 73.64264, 10.07431 ], [ 73.64291, 10.0743 ], [ 73.64291, 10.07486 ], [ 73.64347, 10.07486 ], [ 73.64347, 10.07543 ], [ 73.64375, 10.07542 ], [ 73.64375, 10.07597 ], [ 73.64403, 10.07597 ], [ 73.64403, 10.07625 ], [ 73.6443, 10.07625 ], [ 73.6443, 10.07653 ], [ 73.64458, 10.07653 ], [ 73.64458, 10.07708 ], [ 73.64486, 10.07708 ], [ 73.64486, 10.07764 ], [ 73.64514, 10.07764 ], [ 73.64514, 10.07903 ], [ 73.64542, 10.07903 ], [ 73.64542, 10.08014 ], [ 73.64569, 10.08014 ], [ 73.64569, 10.08125 ], [ 73.64597, 10.08125 ], [ 73.64597, 10.08236 ], [ 73.64625, 10.08236 ], [ 73.64625, 10.08292 ], [ 73.64653, 10.08292 ], [ 73.64653, 10.08347 ], [ 73.6468, 10.08347 ], [ 73.6468, 10.08375 ], [ 73.64653, 10.08375 ], [ 73.64653, 10.08431 ], [ 73.6468, 10.08431 ], [ 73.6468, 10.08458 ], [ 73.64709, 10.08458 ], [ 73.64709, 10.08597 ], [ 73.64736, 10.08597 ], [ 73.64736, 10.08625 ], [ 73.64764, 10.08625 ], [ 73.64764, 10.08792 ], [ 73.64792, 10.08792 ], [ 73.64792, 10.08847 ], [ 73.64819, 10.08847 ], [ 73.64819, 10.08903 ], [ 73.64792, 10.08903 ], [ 73.64792, 10.08931 ], [ 73.64848, 10.08931 ], [ 73.64848, 10.08958 ], [ 73.64819, 10.08958 ], [ 73.64819, 10.09097 ], [ 73.64848, 10.09097 ], [ 73.64848, 10.09208 ], [ 73.64875, 10.09208 ], [ 73.64875, 10.09264 ], [ 73.64931, 10.09264 ], [ 73.64931, 10.09375 ], [ 73.64958, 10.09375 ], [ 73.64958, 10.09431 ], [ 73.64986, 10.09431 ], [ 73.64986, 10.09458 ], [ 73.65014, 10.09458 ], [ 73.65014, 10.09569 ], [ 73.65041, 10.09569 ], [ 73.65041, 10.09597 ], [ 73.6507, 10.09597 ], [ 73.6507, 10.09792 ], [ 73.65097, 10.09792 ], [ 73.65097, 10.09931 ], [ 73.65125, 10.09931 ], [ 73.65125, 10.10431 ], [ 73.65153, 10.10431 ] ] ], [ [ [ 72.32792, 10.13653 ], [ 72.32792, 10.13625 ], [ 72.32819, 10.13625 ], [ 72.32819, 10.13569 ], [ 72.32848, 10.13569 ], [ 72.32848, 10.13514 ], [ 72.32875, 10.13514 ], [ 72.32875, 10.13347 ], [ 72.32903, 10.13347 ], [ 72.32903, 10.13264 ], [ 72.32931, 10.13264 ], [ 72.32931, 10.13208 ], [ 72.32958, 10.13208 ], [ 72.32958, 10.13153 ], [ 72.32986, 10.13153 ], [ 72.32986, 10.13125 ], [ 72.33014, 10.13125 ], [ 72.33014, 10.13097 ], [ 72.33041, 10.13097 ], [ 72.33041, 10.1307 ], [ 72.3307, 10.1307 ], [ 72.3307, 10.12958 ], [ 72.33097, 10.12958 ], [ 72.33097, 10.12875 ], [ 72.33125, 10.12875 ], [ 72.33125, 10.12819 ], [ 72.33153, 10.12819 ], [ 72.33153, 10.12708 ], [ 72.3318, 10.12708 ], [ 72.3318, 10.12694 ], [ 72.3318, 10.12486 ], [ 72.33097, 10.12486 ], [ 72.33097, 10.12542 ], [ 72.3307, 10.12542 ], [ 72.3307, 10.12597 ], [ 72.33041, 10.12597 ], [ 72.33041, 10.12625 ], [ 72.33014, 10.12625 ], [ 72.33014, 10.12654 ], [ 72.32848, 10.12654 ], [ 72.32848, 10.12625 ], [ 72.32736, 10.12625 ], [ 72.32736, 10.12654 ], [ 72.32625, 10.12654 ], [ 72.32625, 10.12681 ], [ 72.32597, 10.12681 ], [ 72.32597, 10.12819 ], [ 72.32625, 10.12819 ], [ 72.32625, 10.12931 ], [ 72.32653, 10.12931 ], [ 72.32653, 10.13042 ], [ 72.32681, 10.13042 ], [ 72.32681, 10.13181 ], [ 72.32653, 10.13181 ], [ 72.32653, 10.13319 ], [ 72.32625, 10.13319 ], [ 72.32625, 10.13542 ], [ 72.32653, 10.13542 ], [ 72.32653, 10.13569 ], [ 72.32681, 10.13569 ], [ 72.32681, 10.13597 ], [ 72.32708, 10.13597 ], [ 72.32708, 10.13625 ], [ 72.32736, 10.13625 ], [ 72.32736, 10.13653 ], [ 72.32792, 10.13653 ] ] ], [ [ [ 73.66097, 10.15597 ], [ 73.66097, 10.15569 ], [ 73.66125, 10.15569 ], [ 73.66125, 10.15514 ], [ 73.66154, 10.15514 ], [ 73.66154, 10.15425 ], [ 73.66153, 10.15292 ], [ 73.6618, 10.15292 ], [ 73.6618, 10.15069 ], [ 73.66209, 10.15069 ], [ 73.66209, 10.14958 ], [ 73.66236, 10.14958 ], [ 73.66236, 10.14875 ], [ 73.66264, 10.14875 ], [ 73.66264, 10.14792 ], [ 73.66292, 10.14792 ], [ 73.66292, 10.14736 ], [ 73.66319, 10.14736 ], [ 73.66319, 10.14653 ], [ 73.66348, 10.14653 ], [ 73.66348, 10.14569 ], [ 73.66375, 10.14569 ], [ 73.66375, 10.14514 ], [ 73.66402, 10.14514 ], [ 73.66402, 10.14458 ], [ 73.66431, 10.14458 ], [ 73.66431, 10.14403 ], [ 73.66458, 10.14403 ], [ 73.66458, 10.14319 ], [ 73.66486, 10.14319 ], [ 73.66486, 10.14181 ], [ 73.66514, 10.14181 ], [ 73.66514, 10.13986 ], [ 73.66486, 10.13986 ], [ 73.66486, 10.13847 ], [ 73.66458, 10.13848 ], [ 73.66458, 10.13764 ], [ 73.66431, 10.13764 ], [ 73.66431, 10.13653 ], [ 73.66402, 10.13653 ], [ 73.66402, 10.13569 ], [ 73.66375, 10.13569 ], [ 73.66375, 10.13486 ], [ 73.66348, 10.13486 ], [ 73.66348, 10.13375 ], [ 73.66319, 10.13375 ], [ 73.66319, 10.13264 ], [ 73.66292, 10.13264 ], [ 73.66292, 10.13208 ], [ 73.66264, 10.13208 ], [ 73.66264, 10.13125 ], [ 73.66236, 10.13125 ], [ 73.66236, 10.13042 ], [ 73.66209, 10.13042 ], [ 73.66209, 10.12986 ], [ 73.66125, 10.12986 ], [ 73.66125, 10.13014 ], [ 73.66097, 10.13014 ], [ 73.66097, 10.13097 ], [ 73.66125, 10.13097 ], [ 73.66125, 10.13236 ], [ 73.66153, 10.13236 ], [ 73.66153, 10.13347 ], [ 73.6618, 10.13347 ], [ 73.6618, 10.13431 ], [ 73.66209, 10.13431 ], [ 73.66209, 10.13542 ], [ 73.66236, 10.13542 ], [ 73.66236, 10.13597 ], [ 73.66264, 10.13597 ], [ 73.66264, 10.13819 ], [ 73.66292, 10.13819 ], [ 73.66292, 10.14097 ], [ 73.66319, 10.14097 ], [ 73.66319, 10.14264 ], [ 73.66292, 10.14264 ], [ 73.66292, 10.14375 ], [ 73.66264, 10.14375 ], [ 73.66264, 10.14514 ], [ 73.66236, 10.14514 ], [ 73.66236, 10.14569 ], [ 73.66209, 10.14569 ], [ 73.66209, 10.14625 ], [ 73.6618, 10.14625 ], [ 73.6618, 10.14708 ], [ 73.66153, 10.14708 ], [ 73.66153, 10.1482 ], [ 73.66125, 10.14819 ], [ 73.66125, 10.14931 ], [ 73.66097, 10.14931 ], [ 73.66097, 10.15014 ], [ 73.6607, 10.15014 ], [ 73.6607, 10.15069 ], [ 73.66042, 10.15069 ], [ 73.66042, 10.15208 ], [ 73.66014, 10.15208 ], [ 73.66014, 10.15264 ], [ 73.65958, 10.15264 ], [ 73.65958, 10.15292 ], [ 73.65931, 10.15292 ], [ 73.6593, 10.15264 ], [ 73.65884, 10.15264 ], [ 73.65875, 10.15264 ], [ 73.65875, 10.15292 ], [ 73.65848, 10.15292 ], [ 73.65848, 10.15431 ], [ 73.65875, 10.15431 ], [ 73.65875, 10.15486 ], [ 73.65903, 10.15486 ], [ 73.65903, 10.15514 ], [ 73.6593, 10.15514 ], [ 73.6593, 10.15542 ], [ 73.65958, 10.15542 ], [ 73.65958, 10.15569 ], [ 73.65986, 10.15569 ], [ 73.65986, 10.15597 ], [ 73.66097, 10.15597 ] ] ], [ [ [ 72.64208, 10.57736 ], [ 72.64208, 10.57708 ], [ 72.64514, 10.57708 ], [ 72.64514, 10.5768 ], [ 72.64569, 10.57681 ], [ 72.64569, 10.57653 ], [ 72.64625, 10.57653 ], [ 72.64625, 10.57625 ], [ 72.64653, 10.57625 ], [ 72.64653, 10.57597 ], [ 72.6468, 10.57597 ], [ 72.6468, 10.57569 ], [ 72.64709, 10.57569 ], [ 72.64709, 10.57514 ], [ 72.64736, 10.57514 ], [ 72.64736, 10.57487 ], [ 72.64764, 10.57487 ], [ 72.64764, 10.57458 ], [ 72.64792, 10.57458 ], [ 72.64792, 10.57403 ], [ 72.64819, 10.57403 ], [ 72.64819, 10.57347 ], [ 72.64848, 10.57347 ], [ 72.64848, 10.57292 ], [ 72.64875, 10.57292 ], [ 72.64875, 10.57264 ], [ 72.64902, 10.57264 ], [ 72.64902, 10.57208 ], [ 72.64931, 10.57208 ], [ 72.64931, 10.57125 ], [ 72.64958, 10.57125 ], [ 72.64958, 10.57071 ], [ 72.64958, 10.57014 ], [ 72.64986, 10.57014 ], [ 72.64986, 10.56958 ], [ 72.65014, 10.56958 ], [ 72.65014, 10.56819 ], [ 72.64986, 10.56819 ], [ 72.64986, 10.56653 ], [ 72.64958, 10.56653 ], [ 72.64958, 10.56458 ], [ 72.64931, 10.56458 ], [ 72.64931, 10.56375 ], [ 72.64902, 10.56375 ], [ 72.64902, 10.56181 ], [ 72.64875, 10.56181 ], [ 72.64875, 10.56153 ], [ 72.64848, 10.56153 ], [ 72.64848, 10.56125 ], [ 72.64819, 10.56125 ], [ 72.64819, 10.56097 ], [ 72.64764, 10.56097 ], [ 72.64764, 10.56069 ], [ 72.64736, 10.56069 ], [ 72.64736, 10.56042 ], [ 72.64709, 10.56042 ], [ 72.64709, 10.55987 ], [ 72.64653, 10.55987 ], [ 72.64653, 10.55958 ], [ 72.64542, 10.55958 ], [ 72.64542, 10.55931 ], [ 72.64458, 10.55931 ], [ 72.64458, 10.55958 ], [ 72.6443, 10.55958 ], [ 72.6443, 10.55931 ], [ 72.6441, 10.55931 ], [ 72.64403, 10.55909 ], [ 72.64391, 10.55908 ], [ 72.64347, 10.55903 ], [ 72.64347, 10.55872 ], [ 72.64347, 10.55847 ], [ 72.64327, 10.55847 ], [ 72.64236, 10.55847 ], [ 72.64236, 10.5582 ], [ 72.64125, 10.5582 ], [ 72.64125, 10.55792 ], [ 72.64098, 10.55792 ], [ 72.64098, 10.55764 ], [ 72.63986, 10.55764 ], [ 72.63986, 10.55736 ], [ 72.63931, 10.55736 ], [ 72.63931, 10.55708 ], [ 72.63958, 10.55708 ], [ 72.63958, 10.5568 ], [ 72.63903, 10.55681 ], [ 72.63903, 10.55653 ], [ 72.63819, 10.55653 ], [ 72.63819, 10.55625 ], [ 72.63625, 10.55625 ], [ 72.63625, 10.55597 ], [ 72.6357, 10.55597 ], [ 72.6357, 10.55569 ], [ 72.63541, 10.55569 ], [ 72.63541, 10.55542 ], [ 72.63486, 10.55542 ], [ 72.63486, 10.55514 ], [ 72.63403, 10.55514 ], [ 72.63403, 10.55486 ], [ 72.63375, 10.55486 ], [ 72.63375, 10.55458 ], [ 72.63347, 10.55458 ], [ 72.63347, 10.55431 ], [ 72.63319, 10.55431 ], [ 72.63319, 10.55374 ], [ 72.63292, 10.55375 ], [ 72.63292, 10.5532 ], [ 72.63264, 10.5532 ], [ 72.63264, 10.55292 ], [ 72.63209, 10.55292 ], [ 72.63209, 10.55264 ], [ 72.63125, 10.55264 ], [ 72.63125, 10.55236 ], [ 72.63069, 10.55236 ], [ 72.63069, 10.55208 ], [ 72.63042, 10.55208 ], [ 72.63042, 10.5518 ], [ 72.63014, 10.55181 ], [ 72.63014, 10.55153 ], [ 72.62959, 10.55153 ], [ 72.62959, 10.55125 ], [ 72.62903, 10.55125 ], [ 72.62903, 10.55097 ], [ 72.62875, 10.55097 ], [ 72.62875, 10.5507 ], [ 72.62847, 10.5507 ], [ 72.62847, 10.55042 ], [ 72.62791, 10.55042 ], [ 72.62791, 10.55014 ], [ 72.62764, 10.55014 ], [ 72.62764, 10.54986 ], [ 72.62708, 10.54986 ], [ 72.62708, 10.54958 ], [ 72.62681, 10.54958 ], [ 72.62681, 10.54931 ], [ 72.62653, 10.54931 ], [ 72.62653, 10.54903 ], [ 72.62625, 10.54903 ], [ 72.62625, 10.54875 ], [ 72.62542, 10.54875 ], [ 72.62542, 10.54847 ], [ 72.62514, 10.54847 ], [ 72.62514, 10.54819 ], [ 72.62486, 10.54819 ], [ 72.62486, 10.54792 ], [ 72.62458, 10.54793 ], [ 72.62458, 10.54764 ], [ 72.62431, 10.54764 ], [ 72.62431, 10.54708 ], [ 72.62403, 10.54708 ], [ 72.62403, 10.54681 ], [ 72.62375, 10.54681 ], [ 72.62375, 10.54653 ], [ 72.62347, 10.54653 ], [ 72.62347, 10.54625 ], [ 72.62319, 10.54625 ], [ 72.62319, 10.54597 ], [ 72.62292, 10.54597 ], [ 72.62292, 10.54569 ], [ 72.62264, 10.54569 ], [ 72.62264, 10.54542 ], [ 72.62236, 10.54542 ], [ 72.62236, 10.54514 ], [ 72.62209, 10.54514 ], [ 72.62209, 10.54458 ], [ 72.6218, 10.54458 ], [ 72.6218, 10.54403 ], [ 72.62153, 10.54403 ], [ 72.62153, 10.54375 ], [ 72.62125, 10.54375 ], [ 72.62125, 10.54347 ], [ 72.62097, 10.54347 ], [ 72.62097, 10.54319 ], [ 72.6207, 10.54319 ], [ 72.6207, 10.54292 ], [ 72.62041, 10.54292 ], [ 72.62041, 10.54264 ], [ 72.62015, 10.54264 ], [ 72.62015, 10.54236 ], [ 72.61986, 10.54236 ], [ 72.61986, 10.54208 ], [ 72.61958, 10.54208 ], [ 72.61958, 10.54181 ], [ 72.61903, 10.54181 ], [ 72.61903, 10.54153 ], [ 72.61875, 10.54153 ], [ 72.61875, 10.54125 ], [ 72.61819, 10.54125 ], [ 72.61819, 10.54097 ], [ 72.61792, 10.54097 ], [ 72.61792, 10.54069 ], [ 72.61708, 10.54069 ], [ 72.61708, 10.54042 ], [ 72.61625, 10.54042 ], [ 72.61625, 10.54069 ], [ 72.61542, 10.54069 ], [ 72.61542, 10.54097 ], [ 72.61514, 10.54097 ], [ 72.61514, 10.54236 ], [ 72.61542, 10.54236 ], [ 72.61542, 10.54292 ], [ 72.61569, 10.54292 ], [ 72.61569, 10.54319 ], [ 72.61597, 10.54319 ], [ 72.61597, 10.54347 ], [ 72.61625, 10.54347 ], [ 72.61625, 10.54403 ], [ 72.61653, 10.54403 ], [ 72.61653, 10.54458 ], [ 72.61681, 10.54458 ], [ 72.61681, 10.54487 ], [ 72.61736, 10.54487 ], [ 72.61736, 10.54514 ], [ 72.61792, 10.54514 ], [ 72.61792, 10.54542 ], [ 72.61847, 10.54542 ], [ 72.61847, 10.54569 ], [ 72.61931, 10.54569 ], [ 72.61931, 10.54597 ], [ 72.61986, 10.54597 ], [ 72.61986, 10.54625 ], [ 72.62041, 10.54625 ], [ 72.62041, 10.54653 ], [ 72.6208, 10.54653 ], [ 72.62236, 10.54653 ], [ 72.62236, 10.54681 ], [ 72.62292, 10.54681 ], [ 72.62292, 10.54708 ], [ 72.62319, 10.54708 ], [ 72.62319, 10.54764 ], [ 72.62347, 10.54764 ], [ 72.62347, 10.54793 ], [ 72.62375, 10.54792 ], [ 72.62375, 10.54847 ], [ 72.62403, 10.54847 ], [ 72.62403, 10.54903 ], [ 72.62431, 10.54903 ], [ 72.62431, 10.54958 ], [ 72.62458, 10.54958 ], [ 72.62458, 10.55042 ], [ 72.62486, 10.55042 ], [ 72.62486, 10.5507 ], [ 72.62514, 10.5507 ], [ 72.62514, 10.55125 ], [ 72.62542, 10.55125 ], [ 72.62542, 10.55153 ], [ 72.62569, 10.55153 ], [ 72.62569, 10.55208 ], [ 72.62597, 10.55208 ], [ 72.62597, 10.55236 ], [ 72.62625, 10.55236 ], [ 72.62625, 10.55264 ], [ 72.62653, 10.55264 ], [ 72.62653, 10.5532 ], [ 72.62681, 10.55319 ], [ 72.62681, 10.55403 ], [ 72.62708, 10.55403 ], [ 72.62708, 10.55458 ], [ 72.62736, 10.55458 ], [ 72.62736, 10.55486 ], [ 72.62764, 10.55486 ], [ 72.62764, 10.55542 ], [ 72.62791, 10.55542 ], [ 72.62791, 10.55597 ], [ 72.6282, 10.55597 ], [ 72.6282, 10.55625 ], [ 72.62847, 10.55625 ], [ 72.62847, 10.55653 ], [ 72.62903, 10.55653 ], [ 72.62903, 10.55708 ], [ 72.6293, 10.55708 ], [ 72.6293, 10.55736 ], [ 72.62959, 10.55736 ], [ 72.62959, 10.55792 ], [ 72.62986, 10.55792 ], [ 72.62986, 10.5582 ], [ 72.63014, 10.5582 ], [ 72.63014, 10.55875 ], [ 72.63042, 10.55875 ], [ 72.63042, 10.55903 ], [ 72.63069, 10.55903 ], [ 72.63069, 10.55958 ], [ 72.63097, 10.55958 ], [ 72.63097, 10.56014 ], [ 72.63125, 10.56014 ], [ 72.63125, 10.56069 ], [ 72.63153, 10.56069 ], [ 72.63153, 10.56097 ], [ 72.63181, 10.56097 ], [ 72.63181, 10.56153 ], [ 72.63208, 10.56153 ], [ 72.63208, 10.56208 ], [ 72.63236, 10.56208 ], [ 72.63236, 10.56236 ], [ 72.63264, 10.56236 ], [ 72.63264, 10.56264 ], [ 72.63292, 10.56264 ], [ 72.63292, 10.56319 ], [ 72.63319, 10.56319 ], [ 72.63319, 10.56347 ], [ 72.63347, 10.56347 ], [ 72.63347, 10.56403 ], [ 72.63375, 10.56403 ], [ 72.63375, 10.56458 ], [ 72.63403, 10.56458 ], [ 72.63403, 10.56514 ], [ 72.63431, 10.56514 ], [ 72.63431, 10.5657 ], [ 72.63458, 10.56568 ], [ 72.63458, 10.56653 ], [ 72.63486, 10.56653 ], [ 72.63486, 10.56708 ], [ 72.63513, 10.56708 ], [ 72.63513, 10.56736 ], [ 72.63541, 10.56736 ], [ 72.63541, 10.56792 ], [ 72.6357, 10.56792 ], [ 72.6357, 10.56819 ], [ 72.63597, 10.56819 ], [ 72.63597, 10.56903 ], [ 72.63625, 10.56903 ], [ 72.63625, 10.56958 ], [ 72.63653, 10.56958 ], [ 72.63653, 10.57042 ], [ 72.6368, 10.57042 ], [ 72.6368, 10.57125 ], [ 72.63708, 10.57125 ], [ 72.63708, 10.57181 ], [ 72.63736, 10.57181 ], [ 72.63736, 10.57236 ], [ 72.63764, 10.57236 ], [ 72.63764, 10.57292 ], [ 72.63792, 10.57292 ], [ 72.63792, 10.57347 ], [ 72.63819, 10.57347 ], [ 72.63819, 10.57403 ], [ 72.63847, 10.57403 ], [ 72.63847, 10.57431 ], [ 72.63847, 10.57625 ], [ 72.63875, 10.57625 ], [ 72.63875, 10.57653 ], [ 72.63931, 10.57653 ], [ 72.63931, 10.57681 ], [ 72.63958, 10.5768 ], [ 72.63958, 10.57708 ], [ 72.64014, 10.57708 ], [ 72.64014, 10.57736 ], [ 72.64114, 10.57736 ], [ 72.64208, 10.57736 ] ] ], [ [ [ 72.16875, 10.81486 ], [ 72.16875, 10.81347 ], [ 72.16903, 10.81347 ], [ 72.16903, 10.81319 ], [ 72.1693, 10.81319 ], [ 72.1693, 10.81236 ], [ 72.16876, 10.81236 ], [ 72.16876, 10.81208 ], [ 72.16792, 10.81208 ], [ 72.16792, 10.81236 ], [ 72.16736, 10.81236 ], [ 72.16736, 10.81208 ], [ 72.16708, 10.81208 ], [ 72.16708, 10.81236 ], [ 72.16681, 10.81236 ], [ 72.16681, 10.81208 ], [ 72.16514, 10.81208 ], [ 72.16514, 10.81292 ], [ 72.16541, 10.81292 ], [ 72.16541, 10.81319 ], [ 72.16569, 10.81319 ], [ 72.16569, 10.81347 ], [ 72.16597, 10.81347 ], [ 72.16597, 10.81375 ], [ 72.16653, 10.81375 ], [ 72.16653, 10.81403 ], [ 72.16708, 10.81403 ], [ 72.16708, 10.81431 ], [ 72.16764, 10.81431 ], [ 72.16764, 10.81458 ], [ 72.1682, 10.81458 ], [ 72.1682, 10.81486 ], [ 72.16875, 10.81486 ] ] ], [ [ [ 72.17264, 10.81986 ], [ 72.17264, 10.81903 ], [ 72.17236, 10.81903 ], [ 72.17236, 10.81792 ], [ 72.17208, 10.81792 ], [ 72.17208, 10.81764 ], [ 72.17182, 10.81764 ], [ 72.17182, 10.81736 ], [ 72.17097, 10.81736 ], [ 72.17097, 10.81819 ], [ 72.17125, 10.81819 ], [ 72.17125, 10.81847 ], [ 72.17153, 10.81847 ], [ 72.17153, 10.81903 ], [ 72.17182, 10.81903 ], [ 72.17182, 10.81931 ], [ 72.17208, 10.8193 ], [ 72.17208, 10.81958 ], [ 72.17236, 10.81958 ], [ 72.17236, 10.81986 ], [ 72.17264, 10.81986 ] ] ], [ [ [ 73.67847, 10.82153 ], [ 73.67847, 10.82069 ], [ 73.67736, 10.82069 ], [ 73.67736, 10.82042 ], [ 73.67709, 10.82042 ], [ 73.67709, 10.81986 ], [ 73.67736, 10.81986 ], [ 73.67736, 10.81903 ], [ 73.67709, 10.81903 ], [ 73.67709, 10.81847 ], [ 73.6768, 10.81847 ], [ 73.6768, 10.81792 ], [ 73.67709, 10.81792 ], [ 73.67709, 10.81764 ], [ 73.67736, 10.81764 ], [ 73.67736, 10.81792 ], [ 73.67792, 10.81792 ], [ 73.67792, 10.81819 ], [ 73.67847, 10.81819 ], [ 73.67847, 10.81847 ], [ 73.67986, 10.81847 ], [ 73.67986, 10.81819 ], [ 73.68097, 10.81819 ], [ 73.68097, 10.81792 ], [ 73.68153, 10.81792 ], [ 73.68153, 10.81764 ], [ 73.68291, 10.81764 ], [ 73.68291, 10.81792 ], [ 73.68653, 10.81792 ], [ 73.68653, 10.81764 ], [ 73.68708, 10.81764 ], [ 73.68708, 10.81736 ], [ 73.68819, 10.81736 ], [ 73.68819, 10.81764 ], [ 73.68875, 10.81764 ], [ 73.68875, 10.81792 ], [ 73.68958, 10.81792 ], [ 73.68958, 10.81819 ], [ 73.69153, 10.81819 ], [ 73.69153, 10.81847 ], [ 73.6918, 10.81847 ], [ 73.6918, 10.81819 ], [ 73.69458, 10.81819 ], [ 73.69458, 10.81792 ], [ 73.69514, 10.81792 ], [ 73.69514, 10.81819 ], [ 73.69597, 10.81819 ], [ 73.69597, 10.81792 ], [ 73.69847, 10.81792 ], [ 73.69847, 10.81764 ], [ 73.70014, 10.81764 ], [ 73.70014, 10.81736 ], [ 73.70069, 10.81736 ], [ 73.70069, 10.81708 ], [ 73.70181, 10.81708 ], [ 73.70181, 10.81681 ], [ 73.70236, 10.81681 ], [ 73.70236, 10.81625 ], [ 73.70264, 10.81625 ], [ 73.70264, 10.81486 ], [ 73.70236, 10.81486 ], [ 73.70236, 10.81458 ], [ 73.70208, 10.81458 ], [ 73.70208, 10.81431 ], [ 73.70181, 10.81431 ], [ 73.70181, 10.81375 ], [ 73.70153, 10.81375 ], [ 73.70153, 10.81347 ], [ 73.70125, 10.81347 ], [ 73.70125, 10.81319 ], [ 73.70069, 10.81319 ], [ 73.70069, 10.81292 ], [ 73.69986, 10.81292 ], [ 73.69986, 10.81263 ], [ 73.69875, 10.81264 ], [ 73.69875, 10.81236 ], [ 73.6982, 10.81236 ], [ 73.6982, 10.81208 ], [ 73.69736, 10.81208 ], [ 73.69736, 10.81181 ], [ 73.69653, 10.81181 ], [ 73.69653, 10.81153 ], [ 73.69486, 10.81153 ], [ 73.69486, 10.81125 ], [ 73.69431, 10.81125 ], [ 73.69431, 10.81097 ], [ 73.69375, 10.81097 ], [ 73.69375, 10.81069 ], [ 73.69347, 10.81069 ], [ 73.69347, 10.81042 ], [ 73.69236, 10.81042 ], [ 73.69236, 10.81014 ], [ 73.69152, 10.81014 ], [ 73.69152, 10.80986 ], [ 73.6907, 10.80986 ], [ 73.6907, 10.80958 ], [ 73.68986, 10.80959 ], [ 73.68986, 10.80931 ], [ 73.68931, 10.80931 ], [ 73.68931, 10.80903 ], [ 73.68792, 10.80903 ], [ 73.68792, 10.80875 ], [ 73.68736, 10.80875 ], [ 73.68736, 10.80847 ], [ 73.68708, 10.80847 ], [ 73.68708, 10.80819 ], [ 73.68681, 10.80819 ], [ 73.68681, 10.80792 ], [ 73.68653, 10.80792 ], [ 73.68653, 10.80764 ], [ 73.68597, 10.80764 ], [ 73.68597, 10.80736 ], [ 73.68459, 10.80736 ], [ 73.68459, 10.80708 ], [ 73.68347, 10.80708 ], [ 73.68347, 10.80681 ], [ 73.68236, 10.80682 ], [ 73.68236, 10.80653 ], [ 73.68153, 10.80653 ], [ 73.68153, 10.80625 ], [ 73.68069, 10.80625 ], [ 73.68069, 10.80597 ], [ 73.67931, 10.80597 ], [ 73.67931, 10.8057 ], [ 73.67764, 10.8057 ], [ 73.67764, 10.80542 ], [ 73.67597, 10.80542 ], [ 73.67597, 10.80514 ], [ 73.67458, 10.80514 ], [ 73.67458, 10.80486 ], [ 73.67292, 10.80486 ], [ 73.67292, 10.80458 ], [ 73.67264, 10.80458 ], [ 73.67264, 10.80486 ], [ 73.67208, 10.80486 ], [ 73.67208, 10.80458 ], [ 73.67152, 10.80458 ], [ 73.67152, 10.80486 ], [ 73.67125, 10.80486 ], [ 73.67125, 10.80458 ], [ 73.67097, 10.80458 ], [ 73.67097, 10.80486 ], [ 73.66986, 10.80486 ], [ 73.66986, 10.80514 ], [ 73.6682, 10.80514 ], [ 73.6682, 10.80542 ], [ 73.66736, 10.80542 ], [ 73.66736, 10.8057 ], [ 73.66708, 10.8057 ], [ 73.66708, 10.80597 ], [ 73.66625, 10.80597 ], [ 73.66625, 10.80625 ], [ 73.66514, 10.80625 ], [ 73.66514, 10.80653 ], [ 73.66458, 10.80653 ], [ 73.66458, 10.80682 ], [ 73.66431, 10.80681 ], [ 73.66431, 10.80708 ], [ 73.66418, 10.80708 ], [ 73.66375, 10.80708 ], [ 73.66375, 10.80736 ], [ 73.66319, 10.80736 ], [ 73.66319, 10.80764 ], [ 73.66292, 10.80764 ], [ 73.66292, 10.80792 ], [ 73.66264, 10.80792 ], [ 73.66264, 10.80819 ], [ 73.66236, 10.80819 ], [ 73.66236, 10.80847 ], [ 73.66209, 10.80847 ], [ 73.66209, 10.80903 ], [ 73.6618, 10.80903 ], [ 73.6618, 10.80959 ], [ 73.66154, 10.80959 ], [ 73.66154, 10.81042 ], [ 73.66125, 10.81042 ], [ 73.66125, 10.81125 ], [ 73.66097, 10.81125 ], [ 73.66097, 10.81181 ], [ 73.6607, 10.81181 ], [ 73.6607, 10.81264 ], [ 73.66042, 10.81264 ], [ 73.66042, 10.81347 ], [ 73.66014, 10.81347 ], [ 73.66014, 10.81625 ], [ 73.66042, 10.81625 ], [ 73.66042, 10.81653 ], [ 73.6607, 10.81653 ], [ 73.6607, 10.81681 ], [ 73.66097, 10.81681 ], [ 73.66097, 10.81708 ], [ 73.66125, 10.81708 ], [ 73.66125, 10.81736 ], [ 73.66154, 10.81736 ], [ 73.66154, 10.81764 ], [ 73.66209, 10.81764 ], [ 73.66209, 10.81792 ], [ 73.66264, 10.81792 ], [ 73.66264, 10.81819 ], [ 73.66348, 10.81819 ], [ 73.66348, 10.81847 ], [ 73.66431, 10.81847 ], [ 73.66431, 10.81876 ], [ 73.66764, 10.81876 ], [ 73.66764, 10.81903 ], [ 73.66792, 10.81903 ], [ 73.66792, 10.81876 ], [ 73.66875, 10.81876 ], [ 73.66875, 10.81847 ], [ 73.67042, 10.81847 ], [ 73.67042, 10.81819 ], [ 73.67181, 10.81819 ], [ 73.67181, 10.81847 ], [ 73.67208, 10.81847 ], [ 73.67208, 10.81819 ], [ 73.67458, 10.81819 ], [ 73.67458, 10.81847 ], [ 73.67486, 10.81847 ], [ 73.67486, 10.81819 ], [ 73.67514, 10.81819 ], [ 73.67514, 10.81847 ], [ 73.67542, 10.81847 ], [ 73.67542, 10.81876 ], [ 73.6757, 10.81876 ], [ 73.6757, 10.81931 ], [ 73.67597, 10.8193 ], [ 73.67597, 10.82069 ], [ 73.67625, 10.8207 ], [ 73.67625, 10.82125 ], [ 73.6768, 10.82125 ], [ 73.6768, 10.82153 ], [ 73.67847, 10.82153 ] ] ], [ [ [ 72.17264, 10.81986 ], [ 72.17264, 10.82014 ], [ 72.17292, 10.82014 ], [ 72.17292, 10.82097 ], [ 72.17319, 10.82097 ], [ 72.17319, 10.82125 ], [ 72.17347, 10.82125 ], [ 72.17347, 10.82153 ], [ 72.17375, 10.82153 ], [ 72.17375, 10.82182 ], [ 72.17403, 10.82181 ], [ 72.17403, 10.82236 ], [ 72.17431, 10.82236 ], [ 72.17431, 10.82292 ], [ 72.17458, 10.82292 ], [ 72.17458, 10.82347 ], [ 72.17514, 10.82347 ], [ 72.17514, 10.82403 ], [ 72.17542, 10.82403 ], [ 72.17542, 10.82458 ], [ 72.1757, 10.82457 ], [ 72.1757, 10.82514 ], [ 72.17597, 10.82514 ], [ 72.17597, 10.8257 ], [ 72.17625, 10.82569 ], [ 72.17625, 10.82625 ], [ 72.17653, 10.82625 ], [ 72.17653, 10.82653 ], [ 72.1768, 10.82653 ], [ 72.1768, 10.82708 ], [ 72.17709, 10.82708 ], [ 72.17709, 10.82736 ], [ 72.17736, 10.82736 ], [ 72.17736, 10.82792 ], [ 72.17764, 10.82792 ], [ 72.17764, 10.82819 ], [ 72.17792, 10.82819 ], [ 72.17792, 10.82875 ], [ 72.17819, 10.82875 ], [ 72.17819, 10.82931 ], [ 72.17847, 10.82931 ], [ 72.17847, 10.82986 ], [ 72.17875, 10.82986 ], [ 72.17875, 10.83014 ], [ 72.17903, 10.83014 ], [ 72.17903, 10.8307 ], [ 72.17931, 10.83069 ], [ 72.17931, 10.83125 ], [ 72.17958, 10.83125 ], [ 72.17958, 10.83181 ], [ 72.17986, 10.83181 ], [ 72.17986, 10.83208 ], [ 72.18014, 10.83208 ], [ 72.18014, 10.83264 ], [ 72.18042, 10.83264 ], [ 72.18042, 10.8332 ], [ 72.18069, 10.8332 ], [ 72.18069, 10.83347 ], [ 72.18097, 10.83347 ], [ 72.18097, 10.83403 ], [ 72.18125, 10.83403 ], [ 72.18125, 10.83458 ], [ 72.18153, 10.83458 ], [ 72.18153, 10.83486 ], [ 72.18181, 10.83486 ], [ 72.18181, 10.83542 ], [ 72.18208, 10.83542 ], [ 72.18208, 10.83625 ], [ 72.18236, 10.83625 ], [ 72.18236, 10.83653 ], [ 72.18264, 10.83653 ], [ 72.18264, 10.83764 ], [ 72.18291, 10.83764 ], [ 72.18291, 10.83847 ], [ 72.1832, 10.83847 ], [ 72.1832, 10.83875 ], [ 72.18347, 10.83875 ], [ 72.18347, 10.83931 ], [ 72.18375, 10.83931 ], [ 72.18375, 10.83986 ], [ 72.18403, 10.83986 ], [ 72.18403, 10.84069 ], [ 72.1843, 10.84069 ], [ 72.1843, 10.84097 ], [ 72.18459, 10.84097 ], [ 72.18459, 10.84153 ], [ 72.18486, 10.84153 ], [ 72.18486, 10.84181 ], [ 72.18514, 10.84181 ], [ 72.18514, 10.84208 ], [ 72.18542, 10.84208 ], [ 72.18542, 10.84264 ], [ 72.18569, 10.84264 ], [ 72.18569, 10.84319 ], [ 72.18597, 10.84319 ], [ 72.18597, 10.84375 ], [ 72.18625, 10.84375 ], [ 72.18625, 10.84459 ], [ 72.18653, 10.84459 ], [ 72.18653, 10.84486 ], [ 72.18682, 10.84486 ], [ 72.18682, 10.84542 ], [ 72.18708, 10.84542 ], [ 72.18708, 10.8457 ], [ 72.18736, 10.8457 ], [ 72.18736, 10.84653 ], [ 72.18764, 10.84653 ], [ 72.18764, 10.84708 ], [ 72.18792, 10.84708 ], [ 72.18792, 10.84764 ], [ 72.18819, 10.84764 ], [ 72.18819, 10.8482 ], [ 72.18847, 10.8482 ], [ 72.18847, 10.84875 ], [ 72.18875, 10.84874 ], [ 72.18875, 10.84931 ], [ 72.18903, 10.84931 ], [ 72.18903, 10.85042 ], [ 72.18931, 10.85042 ], [ 72.18931, 10.8518 ], [ 72.18957, 10.8518 ], [ 72.18957, 10.85292 ], [ 72.18986, 10.85292 ], [ 72.18986, 10.85347 ], [ 72.18957, 10.85347 ], [ 72.18957, 10.85431 ], [ 72.18986, 10.85431 ], [ 72.18986, 10.85487 ], [ 72.19014, 10.85487 ], [ 72.19014, 10.85653 ], [ 72.19041, 10.85653 ], [ 72.19041, 10.85736 ], [ 72.1907, 10.85736 ], [ 72.1907, 10.85847 ], [ 72.19097, 10.85847 ], [ 72.19097, 10.86153 ], [ 72.19125, 10.86153 ], [ 72.19125, 10.86208 ], [ 72.19153, 10.86208 ], [ 72.19153, 10.86264 ], [ 72.1918, 10.86264 ], [ 72.1918, 10.86375 ], [ 72.19209, 10.86374 ], [ 72.19209, 10.86431 ], [ 72.19236, 10.86431 ], [ 72.19236, 10.86597 ], [ 72.19264, 10.86597 ], [ 72.19264, 10.86736 ], [ 72.19292, 10.86736 ], [ 72.19292, 10.86764 ], [ 72.19319, 10.86764 ], [ 72.19319, 10.86792 ], [ 72.19347, 10.86792 ], [ 72.19347, 10.86819 ], [ 72.19375, 10.86819 ], [ 72.19375, 10.86875 ], [ 72.19403, 10.86875 ], [ 72.19403, 10.87014 ], [ 72.19431, 10.87014 ], [ 72.19431, 10.87069 ], [ 72.19458, 10.87069 ], [ 72.19458, 10.87097 ], [ 72.19486, 10.87097 ], [ 72.19486, 10.87125 ], [ 72.19514, 10.87125 ], [ 72.19514, 10.87181 ], [ 72.19542, 10.8718 ], [ 72.19542, 10.87208 ], [ 72.19569, 10.87208 ], [ 72.19569, 10.87236 ], [ 72.19597, 10.87236 ], [ 72.19597, 10.87293 ], [ 72.19625, 10.87293 ], [ 72.19625, 10.87375 ], [ 72.19653, 10.87375 ], [ 72.19653, 10.87403 ], [ 72.19681, 10.87403 ], [ 72.19681, 10.87431 ], [ 72.19736, 10.87431 ], [ 72.19736, 10.87458 ], [ 72.19791, 10.87458 ], [ 72.19791, 10.87486 ], [ 72.1982, 10.87486 ], [ 72.1982, 10.87514 ], [ 72.19847, 10.87514 ], [ 72.19847, 10.87542 ], [ 72.19875, 10.87542 ], [ 72.19875, 10.8757 ], [ 72.19903, 10.8757 ], [ 72.19903, 10.87597 ], [ 72.1993, 10.87597 ], [ 72.1993, 10.87653 ], [ 72.19958, 10.87653 ], [ 72.19958, 10.87681 ], [ 72.19986, 10.87681 ], [ 72.19986, 10.87708 ], [ 72.20042, 10.87708 ], [ 72.20042, 10.87736 ], [ 72.20069, 10.87736 ], [ 72.20069, 10.87764 ], [ 72.20153, 10.87764 ], [ 72.20153, 10.87792 ], [ 72.20403, 10.87792 ], [ 72.20403, 10.87764 ], [ 72.20597, 10.87764 ], [ 72.20597, 10.87736 ], [ 72.20653, 10.87736 ], [ 72.20653, 10.87514 ], [ 72.20625, 10.87514 ], [ 72.20625, 10.87458 ], [ 72.20597, 10.87458 ], [ 72.20597, 10.87375 ], [ 72.2057, 10.87375 ], [ 72.2057, 10.87319 ], [ 72.20541, 10.87319 ], [ 72.20541, 10.87264 ], [ 72.20514, 10.87264 ], [ 72.20514, 10.87208 ], [ 72.20486, 10.87208 ], [ 72.20486, 10.8718 ], [ 72.20458, 10.87181 ], [ 72.20458, 10.87125 ], [ 72.20431, 10.87125 ], [ 72.20431, 10.87042 ], [ 72.20403, 10.87042 ], [ 72.20403, 10.86987 ], [ 72.20375, 10.86987 ], [ 72.20375, 10.86875 ], [ 72.20348, 10.86875 ], [ 72.20348, 10.86847 ], [ 72.20319, 10.86847 ], [ 72.20319, 10.86819 ], [ 72.20292, 10.86819 ], [ 72.20292, 10.86736 ], [ 72.20264, 10.86736 ], [ 72.20264, 10.86708 ], [ 72.20236, 10.86708 ], [ 72.20236, 10.86681 ], [ 72.2018, 10.86681 ], [ 72.2018, 10.86625 ], [ 72.20153, 10.86625 ], [ 72.20153, 10.86569 ], [ 72.20125, 10.86569 ], [ 72.20125, 10.86542 ], [ 72.20097, 10.86542 ], [ 72.20097, 10.86486 ], [ 72.20069, 10.86486 ], [ 72.20069, 10.86431 ], [ 72.20042, 10.86431 ], [ 72.20042, 10.86374 ], [ 72.20014, 10.86375 ], [ 72.20014, 10.86292 ], [ 72.19986, 10.86292 ], [ 72.19986, 10.86264 ], [ 72.19958, 10.86264 ], [ 72.19958, 10.86236 ], [ 72.1993, 10.86236 ], [ 72.1993, 10.86181 ], [ 72.19903, 10.86181 ], [ 72.19903, 10.86153 ], [ 72.19874, 10.86153 ], [ 72.19874, 10.86097 ], [ 72.19847, 10.86097 ], [ 72.19847, 10.8607 ], [ 72.1982, 10.8607 ], [ 72.1982, 10.86014 ], [ 72.19791, 10.86014 ], [ 72.19791, 10.85958 ], [ 72.19764, 10.85958 ], [ 72.19764, 10.85903 ], [ 72.19736, 10.85903 ], [ 72.19736, 10.85875 ], [ 72.19708, 10.85875 ], [ 72.19708, 10.85847 ], [ 72.19681, 10.85847 ], [ 72.19681, 10.85819 ], [ 72.19653, 10.85819 ], [ 72.19653, 10.85792 ], [ 72.19625, 10.85793 ], [ 72.19625, 10.85736 ], [ 72.19597, 10.85736 ], [ 72.19597, 10.85681 ], [ 72.1957, 10.85681 ], [ 72.1957, 10.85625 ], [ 72.19542, 10.85625 ], [ 72.19542, 10.85597 ], [ 72.19514, 10.85597 ], [ 72.19514, 10.85569 ], [ 72.19486, 10.85569 ], [ 72.19486, 10.85542 ], [ 72.19458, 10.85542 ], [ 72.19458, 10.85487 ], [ 72.19431, 10.85487 ], [ 72.19431, 10.85431 ], [ 72.19403, 10.85431 ], [ 72.19403, 10.85375 ], [ 72.19375, 10.85375 ], [ 72.19375, 10.85347 ], [ 72.19347, 10.85347 ], [ 72.19347, 10.8532 ], [ 72.19319, 10.8532 ], [ 72.19319, 10.85264 ], [ 72.19292, 10.85264 ], [ 72.19292, 10.85236 ], [ 72.19264, 10.85236 ], [ 72.19264, 10.85208 ], [ 72.19236, 10.85208 ], [ 72.19236, 10.85153 ], [ 72.19209, 10.85153 ], [ 72.19209, 10.85125 ], [ 72.1918, 10.85125 ], [ 72.1918, 10.85069 ], [ 72.19153, 10.85069 ], [ 72.19153, 10.85042 ], [ 72.19125, 10.85042 ], [ 72.19125, 10.84986 ], [ 72.19097, 10.84986 ], [ 72.19097, 10.84958 ], [ 72.1907, 10.84958 ], [ 72.1907, 10.84931 ], [ 72.19041, 10.84931 ], [ 72.19041, 10.84874 ], [ 72.19014, 10.84875 ], [ 72.19014, 10.84847 ], [ 72.18986, 10.84847 ], [ 72.18986, 10.84792 ], [ 72.18957, 10.84792 ], [ 72.18957, 10.84708 ], [ 72.18931, 10.84708 ], [ 72.18931, 10.84653 ], [ 72.18903, 10.84653 ], [ 72.18903, 10.84625 ], [ 72.18875, 10.84625 ], [ 72.18875, 10.84597 ], [ 72.18847, 10.84597 ], [ 72.18847, 10.84542 ], [ 72.18819, 10.84542 ], [ 72.18819, 10.84514 ], [ 72.18792, 10.84514 ], [ 72.18792, 10.84431 ], [ 72.18764, 10.84431 ], [ 72.18764, 10.84375 ], [ 72.18736, 10.84375 ], [ 72.18736, 10.84347 ], [ 72.18708, 10.84347 ], [ 72.18708, 10.84292 ], [ 72.18682, 10.84292 ], [ 72.18682, 10.84236 ], [ 72.18653, 10.84236 ], [ 72.18653, 10.84208 ], [ 72.18625, 10.84208 ], [ 72.18625, 10.84153 ], [ 72.18597, 10.84153 ], [ 72.18597, 10.84069 ], [ 72.18569, 10.84069 ], [ 72.18569, 10.84014 ], [ 72.18542, 10.84014 ], [ 72.18542, 10.83957 ], [ 72.18514, 10.83958 ], [ 72.18514, 10.83931 ], [ 72.18486, 10.83931 ], [ 72.18486, 10.83875 ], [ 72.18459, 10.83875 ], [ 72.18459, 10.83819 ], [ 72.1843, 10.83819 ], [ 72.1843, 10.83792 ], [ 72.18403, 10.83792 ], [ 72.18403, 10.83736 ], [ 72.18375, 10.83736 ], [ 72.18375, 10.83681 ], [ 72.18347, 10.83681 ], [ 72.18347, 10.83625 ], [ 72.1832, 10.83625 ], [ 72.1832, 10.83569 ], [ 72.18291, 10.83569 ], [ 72.18291, 10.83514 ], [ 72.18264, 10.83514 ], [ 72.18264, 10.83486 ], [ 72.18236, 10.83486 ], [ 72.18236, 10.83403 ], [ 72.18208, 10.83403 ], [ 72.18208, 10.83319 ], [ 72.18181, 10.8332 ], [ 72.18181, 10.83208 ], [ 72.18153, 10.83208 ], [ 72.18153, 10.83153 ], [ 72.18125, 10.83153 ], [ 72.18125, 10.83097 ], [ 72.18097, 10.83097 ], [ 72.18097, 10.83042 ], [ 72.1807, 10.83042 ], [ 72.1807, 10.83014 ], [ 72.18042, 10.83014 ], [ 72.18042, 10.82958 ], [ 72.18014, 10.82958 ], [ 72.18014, 10.82903 ], [ 72.17986, 10.82903 ], [ 72.17986, 10.82847 ], [ 72.17958, 10.82847 ], [ 72.17958, 10.82792 ], [ 72.17931, 10.82792 ], [ 72.17931, 10.82763 ], [ 72.17875, 10.82764 ], [ 72.17875, 10.82708 ], [ 72.17847, 10.82708 ], [ 72.17847, 10.82653 ], [ 72.17819, 10.82653 ], [ 72.17819, 10.82597 ], [ 72.17792, 10.82597 ], [ 72.17792, 10.8257 ], [ 72.17764, 10.8257 ], [ 72.17764, 10.82486 ], [ 72.17736, 10.82486 ], [ 72.17736, 10.82458 ], [ 72.17709, 10.82458 ], [ 72.17709, 10.8243 ], [ 72.1768, 10.82431 ], [ 72.1768, 10.82403 ], [ 72.17653, 10.82403 ], [ 72.17653, 10.82375 ], [ 72.17625, 10.82375 ], [ 72.17625, 10.82347 ], [ 72.17597, 10.82347 ], [ 72.17597, 10.8232 ], [ 72.1757, 10.8232 ], [ 72.1757, 10.82292 ], [ 72.17542, 10.82292 ], [ 72.17542, 10.82264 ], [ 72.17514, 10.82264 ], [ 72.17514, 10.82236 ], [ 72.17486, 10.82236 ], [ 72.17486, 10.82208 ], [ 72.17458, 10.82208 ], [ 72.17458, 10.82181 ], [ 72.17431, 10.82182 ], [ 72.17431, 10.82153 ], [ 72.17403, 10.82153 ], [ 72.17403, 10.82069 ], [ 72.17375, 10.82069 ], [ 72.17375, 10.82042 ], [ 72.17347, 10.82042 ], [ 72.17347, 10.82014 ], [ 72.17319, 10.82014 ], [ 72.17319, 10.81986 ], [ 72.17264, 10.81986 ] ] ], [ [ [ 72.29125, 10.94597 ], [ 72.29125, 10.94514 ], [ 72.29041, 10.94515 ], [ 72.29041, 10.94486 ], [ 72.28931, 10.94486 ], [ 72.28931, 10.94458 ], [ 72.28875, 10.94458 ], [ 72.28875, 10.94431 ], [ 72.28848, 10.94431 ], [ 72.28848, 10.94375 ], [ 72.28819, 10.94375 ], [ 72.28819, 10.94264 ], [ 72.28848, 10.94264 ], [ 72.28848, 10.94209 ], [ 72.28875, 10.94209 ], [ 72.28875, 10.94125 ], [ 72.28902, 10.94125 ], [ 72.28902, 10.94097 ], [ 72.28931, 10.94097 ], [ 72.28931, 10.93958 ], [ 72.28958, 10.93958 ], [ 72.28958, 10.93931 ], [ 72.28986, 10.93931 ], [ 72.28986, 10.93875 ], [ 72.29014, 10.93875 ], [ 72.29014, 10.93819 ], [ 72.29041, 10.93819 ], [ 72.29041, 10.93764 ], [ 72.2907, 10.93764 ], [ 72.2907, 10.93681 ], [ 72.29097, 10.93681 ], [ 72.29097, 10.93625 ], [ 72.2907, 10.93625 ], [ 72.2907, 10.93596 ], [ 72.29041, 10.93597 ], [ 72.29041, 10.93569 ], [ 72.29014, 10.93569 ], [ 72.29014, 10.93542 ], [ 72.28958, 10.93542 ], [ 72.28958, 10.93514 ], [ 72.28819, 10.93514 ], [ 72.28819, 10.93486 ], [ 72.2857, 10.93486 ], [ 72.2857, 10.93514 ], [ 72.28486, 10.93514 ], [ 72.28486, 10.93542 ], [ 72.2843, 10.93542 ], [ 72.2843, 10.93597 ], [ 72.28403, 10.93596 ], [ 72.28403, 10.93764 ], [ 72.2843, 10.93764 ], [ 72.2843, 10.94014 ], [ 72.28458, 10.94014 ], [ 72.28458, 10.94125 ], [ 72.28486, 10.94125 ], [ 72.28486, 10.94236 ], [ 72.28514, 10.94236 ], [ 72.28514, 10.94347 ], [ 72.28542, 10.94347 ], [ 72.28542, 10.94431 ], [ 72.2857, 10.94431 ], [ 72.2857, 10.94486 ], [ 72.28596, 10.94486 ], [ 72.28596, 10.94515 ], [ 72.28625, 10.94515 ], [ 72.28625, 10.94542 ], [ 72.28653, 10.94542 ], [ 72.28653, 10.94569 ], [ 72.2868, 10.94569 ], [ 72.2868, 10.94597 ], [ 72.29125, 10.94597 ] ] ], [ [ [ 72.32653, 10.95319 ], [ 72.32653, 10.95236 ], [ 72.32625, 10.95236 ], [ 72.32625, 10.9518 ], [ 72.32597, 10.95181 ], [ 72.32597, 10.95153 ], [ 72.32569, 10.95153 ], [ 72.32569, 10.95125 ], [ 72.32513, 10.95125 ], [ 72.32513, 10.95096 ], [ 72.32458, 10.95097 ], [ 72.32458, 10.95069 ], [ 72.3243, 10.95069 ], [ 72.3243, 10.95042 ], [ 72.32403, 10.95042 ], [ 72.32403, 10.95014 ], [ 72.32375, 10.95014 ], [ 72.32375, 10.94986 ], [ 72.32347, 10.94986 ], [ 72.32347, 10.94958 ], [ 72.3232, 10.94958 ], [ 72.3232, 10.94903 ], [ 72.32291, 10.94903 ], [ 72.32291, 10.94875 ], [ 72.32236, 10.94875 ], [ 72.32236, 10.94819 ], [ 72.32181, 10.94819 ], [ 72.32181, 10.94792 ], [ 72.32153, 10.94792 ], [ 72.32153, 10.94764 ], [ 72.32125, 10.94764 ], [ 72.32125, 10.94736 ], [ 72.32097, 10.94736 ], [ 72.32097, 10.94708 ], [ 72.32069, 10.94708 ], [ 72.32069, 10.94681 ], [ 72.32042, 10.94681 ], [ 72.32042, 10.94653 ], [ 72.32014, 10.94653 ], [ 72.32014, 10.94597 ], [ 72.31986, 10.94597 ], [ 72.31986, 10.94569 ], [ 72.31958, 10.94569 ], [ 72.31958, 10.94542 ], [ 72.31903, 10.94542 ], [ 72.31903, 10.94515 ], [ 72.31875, 10.94515 ], [ 72.31875, 10.94486 ], [ 72.31847, 10.94486 ], [ 72.31847, 10.94458 ], [ 72.31819, 10.94458 ], [ 72.31819, 10.94431 ], [ 72.31792, 10.94431 ], [ 72.31792, 10.94403 ], [ 72.31764, 10.94403 ], [ 72.31764, 10.94375 ], [ 72.31709, 10.94375 ], [ 72.31709, 10.94347 ], [ 72.31653, 10.94347 ], [ 72.31653, 10.94319 ], [ 72.31597, 10.94319 ], [ 72.31597, 10.94292 ], [ 72.31514, 10.94292 ], [ 72.31514, 10.94264 ], [ 72.31403, 10.94264 ], [ 72.31403, 10.94292 ], [ 72.31375, 10.94292 ], [ 72.31375, 10.94319 ], [ 72.31347, 10.94319 ], [ 72.31347, 10.94486 ], [ 72.31375, 10.94486 ], [ 72.31375, 10.94597 ], [ 72.31347, 10.94597 ], [ 72.31347, 10.94653 ], [ 72.31375, 10.94653 ], [ 72.31375, 10.94736 ], [ 72.31403, 10.94736 ], [ 72.31403, 10.94764 ], [ 72.31431, 10.94764 ], [ 72.31431, 10.94792 ], [ 72.31458, 10.94792 ], [ 72.31458, 10.94819 ], [ 72.31486, 10.94819 ], [ 72.31486, 10.94847 ], [ 72.31541, 10.94847 ], [ 72.31541, 10.94875 ], [ 72.3168, 10.94875 ], [ 72.3168, 10.94903 ], [ 72.31875, 10.94903 ], [ 72.31875, 10.94931 ], [ 72.31958, 10.94931 ], [ 72.31958, 10.94958 ], [ 72.32069, 10.94958 ], [ 72.32069, 10.94986 ], [ 72.32153, 10.94986 ], [ 72.32153, 10.95014 ], [ 72.32209, 10.95014 ], [ 72.32209, 10.95042 ], [ 72.32236, 10.95042 ], [ 72.32236, 10.95069 ], [ 72.3232, 10.95069 ], [ 72.3232, 10.95097 ], [ 72.32347, 10.95096 ], [ 72.32347, 10.95153 ], [ 72.32458, 10.95153 ], [ 72.32458, 10.95181 ], [ 72.32514, 10.9518 ], [ 72.32514, 10.95208 ], [ 72.32542, 10.95208 ], [ 72.32542, 10.95236 ], [ 72.32569, 10.95236 ], [ 72.32569, 10.95292 ], [ 72.32597, 10.95292 ], [ 72.32597, 10.95319 ], [ 72.32653, 10.95319 ] ] ], [ [ [ 72.33375, 10.95847 ], [ 72.33375, 10.95819 ], [ 72.3343, 10.95819 ], [ 72.3343, 10.95597 ], [ 72.33403, 10.95597 ], [ 72.33403, 10.9557 ], [ 72.33375, 10.9557 ], [ 72.33375, 10.95542 ], [ 72.33347, 10.95542 ], [ 72.33347, 10.95514 ], [ 72.3318, 10.95514 ], [ 72.3318, 10.9557 ], [ 72.33208, 10.95569 ], [ 72.33208, 10.95681 ], [ 72.33236, 10.95681 ], [ 72.33236, 10.95764 ], [ 72.33208, 10.95764 ], [ 72.33208, 10.95847 ], [ 72.33375, 10.95847 ] ] ], [ [ [ 72.73154, 11.13625 ], [ 72.73154, 11.13597 ], [ 72.73236, 11.13597 ], [ 72.73236, 11.13569 ], [ 72.73292, 11.13569 ], [ 72.73292, 11.13542 ], [ 72.73347, 11.13542 ], [ 72.73347, 11.13514 ], [ 72.73375, 11.13514 ], [ 72.73375, 11.13486 ], [ 72.73402, 11.13486 ], [ 72.73402, 11.13431 ], [ 72.73431, 11.13431 ], [ 72.73431, 11.13264 ], [ 72.73402, 11.13264 ], [ 72.73402, 11.13097 ], [ 72.73375, 11.13097 ], [ 72.73375, 11.13014 ], [ 72.73347, 11.13014 ], [ 72.73347, 11.12931 ], [ 72.73319, 11.12931 ], [ 72.73319, 11.12876 ], [ 72.73292, 11.12876 ], [ 72.73292, 11.12836 ], [ 72.73292, 11.12792 ], [ 72.73264, 11.12792 ], [ 72.73264, 11.12736 ], [ 72.73236, 11.12736 ], [ 72.73236, 11.12681 ], [ 72.73209, 11.12681 ], [ 72.73209, 11.12625 ], [ 72.7318, 11.12625 ], [ 72.7318, 11.12569 ], [ 72.73153, 11.12569 ], [ 72.73153, 11.12514 ], [ 72.73125, 11.12514 ], [ 72.73125, 11.12431 ], [ 72.73097, 11.12431 ], [ 72.73097, 11.12375 ], [ 72.7307, 11.12375 ], [ 72.7307, 11.12319 ], [ 72.73042, 11.12319 ], [ 72.73042, 11.12292 ], [ 72.73014, 11.12292 ], [ 72.73014, 11.12263 ], [ 72.72986, 11.12264 ], [ 72.72986, 11.12236 ], [ 72.72958, 11.12236 ], [ 72.72958, 11.12181 ], [ 72.72932, 11.12181 ], [ 72.72931, 11.12123 ], [ 72.72931, 11.12097 ], [ 72.72903, 11.12097 ], [ 72.72903, 11.12042 ], [ 72.72875, 11.12042 ], [ 72.72875, 11.11986 ], [ 72.72903, 11.11986 ], [ 72.72903, 11.11958 ], [ 72.72791, 11.11959 ], [ 72.72791, 11.11903 ], [ 72.72764, 11.11903 ], [ 72.72764, 11.11875 ], [ 72.72736, 11.11875 ], [ 72.72736, 11.11847 ], [ 72.72708, 11.11847 ], [ 72.72708, 11.11819 ], [ 72.72681, 11.11819 ], [ 72.72681, 11.11792 ], [ 72.72652, 11.11792 ], [ 72.72652, 11.11764 ], [ 72.72598, 11.11764 ], [ 72.72598, 11.11736 ], [ 72.72569, 11.11736 ], [ 72.72569, 11.11708 ], [ 72.72542, 11.11708 ], [ 72.72542, 11.11653 ], [ 72.72514, 11.11653 ], [ 72.72514, 11.11625 ], [ 72.72486, 11.11625 ], [ 72.72486, 11.11597 ], [ 72.7243, 11.11597 ], [ 72.7243, 11.1157 ], [ 72.72375, 11.1157 ], [ 72.72375, 11.11542 ], [ 72.72347, 11.11542 ], [ 72.72347, 11.11514 ], [ 72.7232, 11.11514 ], [ 72.7232, 11.11486 ], [ 72.72292, 11.11486 ], [ 72.72292, 11.11458 ], [ 72.72264, 11.11458 ], [ 72.72264, 11.11431 ], [ 72.72235, 11.11431 ], [ 72.72235, 11.11403 ], [ 72.72181, 11.11403 ], [ 72.7218, 11.11375 ], [ 72.72153, 11.11375 ], [ 72.72153, 11.11346 ], [ 72.72097, 11.11347 ], [ 72.72097, 11.11319 ], [ 72.7207, 11.11319 ], [ 72.7207, 11.11292 ], [ 72.72041, 11.11292 ], [ 72.72041, 11.11236 ], [ 72.72014, 11.11236 ], [ 72.72014, 11.11208 ], [ 72.72041, 11.11208 ], [ 72.72041, 11.11181 ], [ 72.7207, 11.11181 ], [ 72.7207, 11.11153 ], [ 72.72097, 11.11153 ], [ 72.72097, 11.11125 ], [ 72.7207, 11.11125 ], [ 72.7207, 11.11069 ], [ 72.72014, 11.11069 ], [ 72.72014, 11.11097 ], [ 72.71986, 11.11097 ], [ 72.71986, 11.11125 ], [ 72.71902, 11.11125 ], [ 72.71902, 11.11153 ], [ 72.71986, 11.11153 ], [ 72.71986, 11.11208 ], [ 72.71819, 11.11208 ], [ 72.71819, 11.11292 ], [ 72.71792, 11.11292 ], [ 72.71792, 11.11319 ], [ 72.71764, 11.11319 ], [ 72.71764, 11.11375 ], [ 72.71736, 11.11375 ], [ 72.71736, 11.11403 ], [ 72.71709, 11.11403 ], [ 72.71709, 11.11431 ], [ 72.7168, 11.11431 ], [ 72.7168, 11.11458 ], [ 72.71653, 11.11458 ], [ 72.71653, 11.11486 ], [ 72.71625, 11.11486 ], [ 72.71625, 11.11542 ], [ 72.71597, 11.11542 ], [ 72.71597, 11.1157 ], [ 72.7157, 11.11569 ], [ 72.71569, 11.11625 ], [ 72.71542, 11.11625 ], [ 72.71542, 11.11682 ], [ 72.71514, 11.11682 ], [ 72.71514, 11.11792 ], [ 72.71542, 11.11792 ], [ 72.71542, 11.12153 ], [ 72.71569, 11.12153 ], [ 72.7157, 11.12236 ], [ 72.71597, 11.12236 ], [ 72.71597, 11.12347 ], [ 72.71625, 11.12347 ], [ 72.71625, 11.12431 ], [ 72.71597, 11.12431 ], [ 72.71597, 11.12514 ], [ 72.71625, 11.12514 ], [ 72.71625, 11.12542 ], [ 72.71653, 11.12542 ], [ 72.71653, 11.12569 ], [ 72.71709, 11.12569 ], [ 72.71709, 11.12597 ], [ 72.71736, 11.12597 ], [ 72.71736, 11.12653 ], [ 72.71764, 11.12653 ], [ 72.71764, 11.12708 ], [ 72.71792, 11.12708 ], [ 72.71792, 11.12764 ], [ 72.71819, 11.12764 ], [ 72.71819, 11.12792 ], [ 72.71848, 11.12792 ], [ 72.71848, 11.1282 ], [ 72.71902, 11.1282 ], [ 72.71902, 11.12847 ], [ 72.71958, 11.12847 ], [ 72.71958, 11.12876 ], [ 72.71986, 11.12876 ], [ 72.71986, 11.12931 ], [ 72.72014, 11.12931 ], [ 72.72014, 11.12958 ], [ 72.72041, 11.12958 ], [ 72.72041, 11.12986 ], [ 72.7207, 11.12986 ], [ 72.7207, 11.13014 ], [ 72.72097, 11.13014 ], [ 72.72097, 11.13042 ], [ 72.72153, 11.13042 ], [ 72.72153, 11.13069 ], [ 72.72208, 11.13069 ], [ 72.72208, 11.13097 ], [ 72.72235, 11.13097 ], [ 72.72235, 11.13125 ], [ 72.72264, 11.13125 ], [ 72.72264, 11.13153 ], [ 72.72292, 11.13153 ], [ 72.72292, 11.13182 ], [ 72.7232, 11.13181 ], [ 72.7232, 11.13208 ], [ 72.72403, 11.13208 ], [ 72.72403, 11.13236 ], [ 72.72459, 11.13236 ], [ 72.72459, 11.13264 ], [ 72.72486, 11.13264 ], [ 72.72486, 11.13292 ], [ 72.72542, 11.13292 ], [ 72.72542, 11.13319 ], [ 72.72569, 11.13319 ], [ 72.72569, 11.13347 ], [ 72.72598, 11.13347 ], [ 72.72598, 11.13375 ], [ 72.72625, 11.13375 ], [ 72.72625, 11.13403 ], [ 72.72681, 11.13403 ], [ 72.72681, 11.13431 ], [ 72.72708, 11.13431 ], [ 72.72708, 11.13458 ], [ 72.72764, 11.13458 ], [ 72.72764, 11.13486 ], [ 72.72791, 11.13486 ], [ 72.72791, 11.13514 ], [ 72.7282, 11.13514 ], [ 72.7282, 11.13542 ], [ 72.72875, 11.13542 ], [ 72.72875, 11.13569 ], [ 72.72903, 11.13569 ], [ 72.72903, 11.13597 ], [ 72.73014, 11.13597 ], [ 72.73014, 11.13625 ], [ 72.73154, 11.13625 ] ] ], [ [ [ 72.1057, 11.21292 ], [ 72.1057, 11.21264 ], [ 72.10597, 11.21264 ], [ 72.10597, 11.21208 ], [ 72.10625, 11.21208 ], [ 72.10625, 11.21097 ], [ 72.10597, 11.21097 ], [ 72.10597, 11.20986 ], [ 72.1057, 11.20986 ], [ 72.1057, 11.20931 ], [ 72.10541, 11.20931 ], [ 72.10541, 11.20875 ], [ 72.10514, 11.20875 ], [ 72.10514, 11.20847 ], [ 72.10458, 11.20847 ], [ 72.10458, 11.20875 ], [ 72.10431, 11.20875 ], [ 72.10431, 11.20819 ], [ 72.10375, 11.2082 ], [ 72.10375, 11.20847 ], [ 72.10347, 11.20847 ], [ 72.10347, 11.20875 ], [ 72.10375, 11.20875 ], [ 72.10375, 11.20931 ], [ 72.10403, 11.20931 ], [ 72.10403, 11.21125 ], [ 72.10431, 11.21125 ], [ 72.10431, 11.21153 ], [ 72.10458, 11.21153 ], [ 72.10458, 11.21236 ], [ 72.10514, 11.21236 ], [ 72.10514, 11.21292 ], [ 72.1057, 11.21292 ] ] ], [ [ [ 72.10291, 11.21514 ], [ 72.10291, 11.21486 ], [ 72.1032, 11.21486 ], [ 72.1032, 11.21458 ], [ 72.10375, 11.21458 ], [ 72.10375, 11.21431 ], [ 72.10403, 11.21431 ], [ 72.10403, 11.21403 ], [ 72.10458, 11.21403 ], [ 72.10458, 11.21375 ], [ 72.10486, 11.21375 ], [ 72.10486, 11.21319 ], [ 72.10458, 11.21319 ], [ 72.10458, 11.21292 ], [ 72.10431, 11.21292 ], [ 72.10431, 11.21264 ], [ 72.10403, 11.21264 ], [ 72.10403, 11.21292 ], [ 72.10347, 11.21292 ], [ 72.10347, 11.21319 ], [ 72.1032, 11.21319 ], [ 72.1032, 11.21347 ], [ 72.10235, 11.21347 ], [ 72.10235, 11.21375 ], [ 72.10152, 11.21375 ], [ 72.10152, 11.21403 ], [ 72.10098, 11.21403 ], [ 72.10098, 11.21431 ], [ 72.10014, 11.21431 ], [ 72.10014, 11.21486 ], [ 72.10042, 11.21486 ], [ 72.10042, 11.21514 ], [ 72.10291, 11.21514 ] ] ], [ [ [ 72.79014, 11.25986 ], [ 72.79014, 11.25958 ], [ 72.79041, 11.25958 ], [ 72.79041, 11.25903 ], [ 72.7907, 11.25903 ], [ 72.7907, 11.25819 ], [ 72.79097, 11.25819 ], [ 72.79097, 11.25792 ], [ 72.7907, 11.25792 ], [ 72.7907, 11.25542 ], [ 72.79041, 11.25542 ], [ 72.79041, 11.25431 ], [ 72.79014, 11.25431 ], [ 72.79014, 11.25375 ], [ 72.78986, 11.25375 ], [ 72.78986, 11.25319 ], [ 72.78958, 11.25319 ], [ 72.78958, 11.25264 ], [ 72.78931, 11.25264 ], [ 72.78931, 11.25181 ], [ 72.78902, 11.25181 ], [ 72.78902, 11.25153 ], [ 72.78876, 11.25153 ], [ 72.78876, 11.25069 ], [ 72.78848, 11.2507 ], [ 72.78848, 11.24958 ], [ 72.78819, 11.24958 ], [ 72.78819, 11.24875 ], [ 72.78792, 11.24875 ], [ 72.78792, 11.24819 ], [ 72.78764, 11.24819 ], [ 72.78764, 11.24792 ], [ 72.78736, 11.24792 ], [ 72.78736, 11.24708 ], [ 72.78709, 11.24708 ], [ 72.78709, 11.2468 ], [ 72.7868, 11.24681 ], [ 72.7868, 11.24596 ], [ 72.78653, 11.24597 ], [ 72.78653, 11.24569 ], [ 72.78625, 11.24569 ], [ 72.78625, 11.24486 ], [ 72.78597, 11.24486 ], [ 72.78597, 11.24431 ], [ 72.78569, 11.24431 ], [ 72.78569, 11.24347 ], [ 72.78542, 11.24347 ], [ 72.78542, 11.24236 ], [ 72.78514, 11.24236 ], [ 72.78514, 11.24125 ], [ 72.78486, 11.24125 ], [ 72.78486, 11.24042 ], [ 72.78458, 11.24042 ], [ 72.78458, 11.24015 ], [ 72.78403, 11.24015 ], [ 72.78403, 11.23931 ], [ 72.78375, 11.23931 ], [ 72.78375, 11.23764 ], [ 72.78347, 11.23764 ], [ 72.78347, 11.23736 ], [ 72.7832, 11.23736 ], [ 72.7832, 11.23597 ], [ 72.78291, 11.23597 ], [ 72.78291, 11.23514 ], [ 72.78263, 11.23514 ], [ 72.78263, 11.23431 ], [ 72.78236, 11.23431 ], [ 72.78236, 11.23347 ], [ 72.78208, 11.23347 ], [ 72.78208, 11.23208 ], [ 72.78181, 11.23208 ], [ 72.78181, 11.2318 ], [ 72.78152, 11.23181 ], [ 72.78152, 11.23098 ], [ 72.78125, 11.23098 ], [ 72.78125, 11.23042 ], [ 72.78098, 11.23042 ], [ 72.78098, 11.22931 ], [ 72.78069, 11.22931 ], [ 72.78069, 11.22875 ], [ 72.78098, 11.22875 ], [ 72.78098, 11.22847 ], [ 72.78069, 11.22847 ], [ 72.78069, 11.22708 ], [ 72.78042, 11.22708 ], [ 72.78042, 11.22653 ], [ 72.78014, 11.22653 ], [ 72.78014, 11.22569 ], [ 72.77986, 11.22569 ], [ 72.77986, 11.22486 ], [ 72.77959, 11.22486 ], [ 72.77959, 11.22375 ], [ 72.7793, 11.22375 ], [ 72.7793, 11.22319 ], [ 72.77959, 11.2232 ], [ 72.77959, 11.22292 ], [ 72.7793, 11.22292 ], [ 72.7793, 11.22236 ], [ 72.77903, 11.22236 ], [ 72.77903, 11.22181 ], [ 72.77875, 11.22181 ], [ 72.77875, 11.22042 ], [ 72.77847, 11.22042 ], [ 72.77847, 11.21958 ], [ 72.7782, 11.21958 ], [ 72.7782, 11.21736 ], [ 72.77792, 11.21736 ], [ 72.77792, 11.21681 ], [ 72.77764, 11.21681 ], [ 72.77764, 11.21598 ], [ 72.77736, 11.21598 ], [ 72.77736, 11.21542 ], [ 72.77708, 11.21542 ], [ 72.77708, 11.21431 ], [ 72.77653, 11.21431 ], [ 72.77653, 11.21403 ], [ 72.77625, 11.21403 ], [ 72.77625, 11.21347 ], [ 72.77597, 11.21347 ], [ 72.77597, 11.21264 ], [ 72.7757, 11.21264 ], [ 72.7757, 11.21208 ], [ 72.77541, 11.21208 ], [ 72.77541, 11.21181 ], [ 72.77514, 11.21181 ], [ 72.77514, 11.21153 ], [ 72.77486, 11.21153 ], [ 72.77486, 11.21125 ], [ 72.77431, 11.21125 ], [ 72.77431, 11.21097 ], [ 72.77402, 11.21097 ], [ 72.77402, 11.21069 ], [ 72.77375, 11.21069 ], [ 72.77375, 11.21014 ], [ 72.77348, 11.21014 ], [ 72.77348, 11.20985 ], [ 72.77319, 11.20986 ], [ 72.77319, 11.20931 ], [ 72.77292, 11.20931 ], [ 72.77292, 11.20903 ], [ 72.77264, 11.20903 ], [ 72.77264, 11.20819 ], [ 72.77236, 11.2082 ], [ 72.77236, 11.20792 ], [ 72.77209, 11.20792 ], [ 72.77209, 11.20764 ], [ 72.7718, 11.20764 ], [ 72.7718, 11.20736 ], [ 72.77153, 11.20736 ], [ 72.77153, 11.20708 ], [ 72.77125, 11.20708 ], [ 72.77125, 11.20681 ], [ 72.77097, 11.20681 ], [ 72.77097, 11.20625 ], [ 72.77069, 11.20625 ], [ 72.77069, 11.20569 ], [ 72.77042, 11.20569 ], [ 72.77042, 11.20486 ], [ 72.77014, 11.20486 ], [ 72.77014, 11.20458 ], [ 72.76986, 11.20458 ], [ 72.76986, 11.2043 ], [ 72.76958, 11.20431 ], [ 72.76958, 11.20404 ], [ 72.7693, 11.20404 ], [ 72.7693, 11.20319 ], [ 72.76903, 11.20319 ], [ 72.76903, 11.20181 ], [ 72.76875, 11.20181 ], [ 72.76875, 11.20125 ], [ 72.76847, 11.20125 ], [ 72.76847, 11.20069 ], [ 72.7682, 11.2007 ], [ 72.7682, 11.20042 ], [ 72.76791, 11.20042 ], [ 72.76791, 11.19931 ], [ 72.76765, 11.19931 ], [ 72.76765, 11.19819 ], [ 72.76736, 11.1982 ], [ 72.76736, 11.19764 ], [ 72.76708, 11.19764 ], [ 72.76708, 11.19597 ], [ 72.76681, 11.19597 ], [ 72.76681, 11.19542 ], [ 72.76653, 11.19542 ], [ 72.76653, 11.19514 ], [ 72.76625, 11.19514 ], [ 72.76625, 11.19347 ], [ 72.76569, 11.19347 ], [ 72.76569, 11.19264 ], [ 72.76542, 11.19264 ], [ 72.76542, 11.19208 ], [ 72.76514, 11.19208 ], [ 72.76514, 11.19181 ], [ 72.76486, 11.19181 ], [ 72.76486, 11.19097 ], [ 72.76514, 11.19097 ], [ 72.76514, 11.19014 ], [ 72.76486, 11.19014 ], [ 72.76486, 11.18903 ], [ 72.76514, 11.18903 ], [ 72.76514, 11.18875 ], [ 72.76458, 11.18875 ], [ 72.76458, 11.18847 ], [ 72.76431, 11.18847 ], [ 72.76431, 11.18819 ], [ 72.76403, 11.18819 ], [ 72.76403, 11.18653 ], [ 72.76375, 11.18653 ], [ 72.76375, 11.18486 ], [ 72.76347, 11.18486 ], [ 72.76347, 11.18375 ], [ 72.76319, 11.18375 ], [ 72.76319, 11.18292 ], [ 72.76292, 11.18293 ], [ 72.76292, 11.18208 ], [ 72.76264, 11.18208 ], [ 72.76264, 11.18097 ], [ 72.76236, 11.18097 ], [ 72.76236, 11.18042 ], [ 72.76208, 11.18042 ], [ 72.76208, 11.18014 ], [ 72.76125, 11.18014 ], [ 72.76125, 11.18458 ], [ 72.76153, 11.18458 ], [ 72.76153, 11.18569 ], [ 72.7618, 11.18568 ], [ 72.7618, 11.18681 ], [ 72.76208, 11.18681 ], [ 72.76208, 11.19097 ], [ 72.76236, 11.19097 ], [ 72.76236, 11.19181 ], [ 72.76264, 11.19181 ], [ 72.76264, 11.19264 ], [ 72.76292, 11.19264 ], [ 72.76292, 11.19347 ], [ 72.76319, 11.19347 ], [ 72.76319, 11.19431 ], [ 72.76347, 11.1943 ], [ 72.76347, 11.19458 ], [ 72.76375, 11.19458 ], [ 72.76375, 11.19569 ], [ 72.76403, 11.1957 ], [ 72.76403, 11.19653 ], [ 72.76431, 11.19653 ], [ 72.76431, 11.19847 ], [ 72.76459, 11.19847 ], [ 72.76459, 11.19875 ], [ 72.76486, 11.19875 ], [ 72.76486, 11.19903 ], [ 72.76514, 11.19903 ], [ 72.76514, 11.19931 ], [ 72.76542, 11.19931 ], [ 72.76542, 11.20014 ], [ 72.76569, 11.20014 ], [ 72.76569, 11.2007 ], [ 72.76598, 11.2007 ], [ 72.76598, 11.20208 ], [ 72.76625, 11.20208 ], [ 72.76625, 11.20375 ], [ 72.76653, 11.20375 ], [ 72.76653, 11.20404 ], [ 72.76681, 11.20403 ], [ 72.76681, 11.20458 ], [ 72.76708, 11.20458 ], [ 72.76708, 11.20542 ], [ 72.76736, 11.20542 ], [ 72.76736, 11.20625 ], [ 72.76765, 11.20625 ], [ 72.76765, 11.20681 ], [ 72.76791, 11.20681 ], [ 72.76791, 11.20764 ], [ 72.7682, 11.20764 ], [ 72.7682, 11.20847 ], [ 72.76847, 11.20847 ], [ 72.76847, 11.20958 ], [ 72.76875, 11.20958 ], [ 72.76875, 11.21014 ], [ 72.76903, 11.21014 ], [ 72.76903, 11.21069 ], [ 72.7693, 11.21069 ], [ 72.7693, 11.21097 ], [ 72.76958, 11.21097 ], [ 72.76958, 11.21181 ], [ 72.76986, 11.21181 ], [ 72.76986, 11.21319 ], [ 72.77014, 11.21319 ], [ 72.77014, 11.21375 ], [ 72.77042, 11.21375 ], [ 72.77042, 11.21514 ], [ 72.77069, 11.21514 ], [ 72.77069, 11.21569 ], [ 72.77097, 11.21569 ], [ 72.77097, 11.21625 ], [ 72.77125, 11.21625 ], [ 72.77125, 11.21764 ], [ 72.77153, 11.21764 ], [ 72.77153, 11.21819 ], [ 72.7718, 11.21819 ], [ 72.7718, 11.21875 ], [ 72.77209, 11.21875 ], [ 72.77209, 11.21958 ], [ 72.77236, 11.21958 ], [ 72.77236, 11.21986 ], [ 72.77264, 11.21986 ], [ 72.77264, 11.22042 ], [ 72.77292, 11.22042 ], [ 72.77292, 11.22208 ], [ 72.77319, 11.22208 ], [ 72.77319, 11.22292 ], [ 72.77348, 11.22292 ], [ 72.77348, 11.22347 ], [ 72.77375, 11.22347 ], [ 72.77375, 11.22431 ], [ 72.77348, 11.22431 ], [ 72.77348, 11.22458 ], [ 72.77319, 11.22458 ], [ 72.77319, 11.22625 ], [ 72.77431, 11.22625 ], [ 72.77431, 11.22653 ], [ 72.77458, 11.22653 ], [ 72.77458, 11.22708 ], [ 72.77486, 11.22708 ], [ 72.77486, 11.22792 ], [ 72.77514, 11.22792 ], [ 72.77514, 11.22958 ], [ 72.77541, 11.22958 ], [ 72.77541, 11.23042 ], [ 72.7757, 11.23042 ], [ 72.7757, 11.23125 ], [ 72.77597, 11.23125 ], [ 72.77597, 11.23292 ], [ 72.77625, 11.23292 ], [ 72.77625, 11.23431 ], [ 72.77653, 11.23431 ], [ 72.77653, 11.23514 ], [ 72.7768, 11.23514 ], [ 72.7768, 11.2357 ], [ 72.77708, 11.23569 ], [ 72.77708, 11.23653 ], [ 72.77736, 11.23653 ], [ 72.77736, 11.23792 ], [ 72.77764, 11.23792 ], [ 72.77764, 11.23847 ], [ 72.77792, 11.23847 ], [ 72.77792, 11.23903 ], [ 72.77819, 11.23903 ], [ 72.77819, 11.23986 ], [ 72.77792, 11.23986 ], [ 72.77792, 11.24097 ], [ 72.77819, 11.24097 ], [ 72.7782, 11.24125 ], [ 72.77847, 11.24125 ], [ 72.77847, 11.24181 ], [ 72.77875, 11.24181 ], [ 72.77875, 11.24208 ], [ 72.77903, 11.24208 ], [ 72.77903, 11.24264 ], [ 72.7793, 11.24264 ], [ 72.7793, 11.24319 ], [ 72.77959, 11.24319 ], [ 72.77959, 11.24403 ], [ 72.77986, 11.24403 ], [ 72.77986, 11.24458 ], [ 72.78014, 11.24458 ], [ 72.78014, 11.24486 ], [ 72.78042, 11.24486 ], [ 72.78042, 11.24569 ], [ 72.78069, 11.24569 ], [ 72.78069, 11.24653 ], [ 72.78098, 11.24653 ], [ 72.78098, 11.24708 ], [ 72.78125, 11.24708 ], [ 72.78125, 11.24736 ], [ 72.78152, 11.24736 ], [ 72.78152, 11.24819 ], [ 72.78181, 11.24819 ], [ 72.78181, 11.24847 ], [ 72.78208, 11.24847 ], [ 72.78208, 11.24931 ], [ 72.78236, 11.24931 ], [ 72.78236, 11.24986 ], [ 72.78263, 11.24986 ], [ 72.78263, 11.25042 ], [ 72.78291, 11.25042 ], [ 72.78291, 11.25097 ], [ 72.7832, 11.25097 ], [ 72.7832, 11.25181 ], [ 72.78347, 11.25181 ], [ 72.78347, 11.25236 ], [ 72.78375, 11.25236 ], [ 72.78375, 11.25292 ], [ 72.78403, 11.25292 ], [ 72.78403, 11.25375 ], [ 72.7843, 11.25375 ], [ 72.7843, 11.25431 ], [ 72.78458, 11.25431 ], [ 72.78458, 11.25486 ], [ 72.78486, 11.25486 ], [ 72.78486, 11.25515 ], [ 72.78514, 11.25515 ], [ 72.78514, 11.25542 ], [ 72.78542, 11.25542 ], [ 72.78542, 11.25597 ], [ 72.78569, 11.25597 ], [ 72.78569, 11.25653 ], [ 72.78597, 11.25653 ], [ 72.78597, 11.25708 ], [ 72.78625, 11.25708 ], [ 72.78625, 11.25736 ], [ 72.78653, 11.25736 ], [ 72.78653, 11.25764 ], [ 72.7868, 11.25764 ], [ 72.7868, 11.25792 ], [ 72.78709, 11.25792 ], [ 72.78709, 11.25819 ], [ 72.78792, 11.25819 ], [ 72.78792, 11.25847 ], [ 72.78876, 11.25847 ], [ 72.78876, 11.25875 ], [ 72.78931, 11.25875 ], [ 72.78931, 11.25958 ], [ 72.78958, 11.25958 ], [ 72.78958, 11.25986 ], [ 72.79014, 11.25986 ] ] ], [ [ [ 73.00097, 11.48819 ], [ 73.00097, 11.48792 ], [ 73.00153, 11.48792 ], [ 73.00153, 11.48681 ], [ 73.00208, 11.48681 ], [ 73.00208, 11.48569 ], [ 73.00236, 11.48569 ], [ 73.00236, 11.48486 ], [ 73.00181, 11.48486 ], [ 73.00181, 11.48458 ], [ 73.00125, 11.48458 ], [ 73.00125, 11.48486 ], [ 73.00097, 11.48486 ], [ 73.00097, 11.48542 ], [ 73.00069, 11.48542 ], [ 73.00069, 11.48708 ], [ 73.00042, 11.48708 ], [ 73.00042, 11.48792 ], [ 73.00069, 11.48792 ], [ 73.00069, 11.48819 ], [ 73.00097, 11.48819 ] ] ], [ [ [ 72.99986, 11.49792 ], [ 72.99986, 11.49736 ], [ 73.00014, 11.49736 ], [ 73.00014, 11.49764 ], [ 73.00153, 11.49764 ], [ 73.00153, 11.49736 ], [ 73.00208, 11.49736 ], [ 73.00208, 11.49708 ], [ 73.0022, 11.49708 ], [ 73.00236, 11.49708 ], [ 73.00236, 11.49681 ], [ 73.00264, 11.49681 ], [ 73.00264, 11.49653 ], [ 73.00291, 11.49653 ], [ 73.00291, 11.49625 ], [ 73.0032, 11.49625 ], [ 73.0032, 11.49597 ], [ 73.00375, 11.49597 ], [ 73.00375, 11.49542 ], [ 73.00403, 11.49542 ], [ 73.00403, 11.49514 ], [ 73.0043, 11.49514 ], [ 73.0043, 11.49458 ], [ 73.00459, 11.49458 ], [ 73.00459, 11.49403 ], [ 73.00486, 11.49403 ], [ 73.00486, 11.49347 ], [ 73.00514, 11.49347 ], [ 73.00514, 11.49319 ], [ 73.00542, 11.49319 ], [ 73.00542, 11.49292 ], [ 73.00569, 11.49293 ], [ 73.00569, 11.49264 ], [ 73.00597, 11.49264 ], [ 73.00597, 11.49236 ], [ 73.00625, 11.49236 ], [ 73.00625, 11.49208 ], [ 73.00653, 11.49208 ], [ 73.00653, 11.49153 ], [ 73.00681, 11.49153 ], [ 73.00681, 11.49125 ], [ 73.00708, 11.49125 ], [ 73.00708, 11.49069 ], [ 73.00736, 11.49069 ], [ 73.00736, 11.49014 ], [ 73.00764, 11.49014 ], [ 73.00764, 11.48987 ], [ 73.00792, 11.48987 ], [ 73.00792, 11.48931 ], [ 73.00818, 11.48931 ], [ 73.00818, 11.48875 ], [ 73.00847, 11.48875 ], [ 73.00847, 11.48819 ], [ 73.00875, 11.48819 ], [ 73.00875, 11.48736 ], [ 73.00903, 11.48736 ], [ 73.00903, 11.48625 ], [ 73.00931, 11.48625 ], [ 73.00931, 11.48514 ], [ 73.00958, 11.48514 ], [ 73.00958, 11.48374 ], [ 73.00931, 11.48375 ], [ 73.00931, 11.48236 ], [ 73.00958, 11.48236 ], [ 73.00958, 11.48181 ], [ 73.00986, 11.48181 ], [ 73.00986, 11.48042 ], [ 73.01014, 11.48042 ], [ 73.01014, 11.47986 ], [ 73.00986, 11.47986 ], [ 73.00986, 11.47792 ], [ 73.01014, 11.47793 ], [ 73.01014, 11.47736 ], [ 73.01041, 11.47736 ], [ 73.01041, 11.47514 ], [ 73.0107, 11.47514 ], [ 73.0107, 11.47403 ], [ 73.01097, 11.47403 ], [ 73.01097, 11.47347 ], [ 73.01125, 11.47347 ], [ 73.01125, 11.47236 ], [ 73.01153, 11.47236 ], [ 73.01153, 11.47153 ], [ 73.01125, 11.47153 ], [ 73.01125, 11.47097 ], [ 73.01097, 11.47097 ], [ 73.01097, 11.47042 ], [ 73.0107, 11.47042 ], [ 73.0107, 11.46986 ], [ 73.01041, 11.46986 ], [ 73.01041, 11.46958 ], [ 73.01014, 11.46958 ], [ 73.01014, 11.46931 ], [ 73.00986, 11.46931 ], [ 73.00986, 11.46903 ], [ 73.00958, 11.46903 ], [ 73.00958, 11.46874 ], [ 73.00931, 11.46875 ], [ 73.00931, 11.46847 ], [ 73.00875, 11.46847 ], [ 73.00875, 11.46819 ], [ 73.00819, 11.46819 ], [ 73.00819, 11.46792 ], [ 73.00764, 11.46792 ], [ 73.00764, 11.46764 ], [ 73.00708, 11.46764 ], [ 73.00708, 11.46792 ], [ 73.00681, 11.46792 ], [ 73.00681, 11.46819 ], [ 73.00653, 11.46819 ], [ 73.00653, 11.47014 ], [ 73.00681, 11.47014 ], [ 73.00681, 11.47042 ], [ 73.00708, 11.47042 ], [ 73.00708, 11.47097 ], [ 73.00736, 11.47097 ], [ 73.00736, 11.4718 ], [ 73.00708, 11.4718 ], [ 73.00708, 11.47264 ], [ 73.00681, 11.47264 ], [ 73.00681, 11.47347 ], [ 73.00653, 11.47347 ], [ 73.00653, 11.47403 ], [ 73.00625, 11.47403 ], [ 73.00625, 11.47458 ], [ 73.00597, 11.47458 ], [ 73.00597, 11.47542 ], [ 73.00569, 11.47542 ], [ 73.00569, 11.47625 ], [ 73.00541, 11.47625 ], [ 73.00541, 11.47681 ], [ 73.00514, 11.47681 ], [ 73.00514, 11.47793 ], [ 73.00486, 11.47793 ], [ 73.00486, 11.47875 ], [ 73.00459, 11.47875 ], [ 73.00459, 11.47931 ], [ 73.0043, 11.47931 ], [ 73.0043, 11.48014 ], [ 73.00403, 11.48014 ], [ 73.00403, 11.48097 ], [ 73.00375, 11.48097 ], [ 73.00375, 11.48319 ], [ 73.00347, 11.48319 ], [ 73.00347, 11.48455 ], [ 73.00347, 11.48542 ], [ 73.0032, 11.48542 ], [ 73.0032, 11.48764 ], [ 73.00291, 11.48764 ], [ 73.00291, 11.48819 ], [ 73.00264, 11.48819 ], [ 73.00264, 11.48847 ], [ 73.00236, 11.48847 ], [ 73.00237, 11.48875 ], [ 73.00208, 11.48875 ], [ 73.00208, 11.48953 ], [ 73.00208, 11.49069 ], [ 73.00197, 11.49069 ], [ 73.00181, 11.49069 ], [ 73.00181, 11.49153 ], [ 73.00153, 11.49153 ], [ 73.00153, 11.49181 ], [ 73.00125, 11.49181 ], [ 73.00125, 11.49208 ], [ 73.00042, 11.49208 ], [ 73.00042, 11.49236 ], [ 73.00014, 11.49236 ], [ 72.99986, 11.49236 ], [ 72.99958, 11.49236 ], [ 72.99958, 11.49208 ], [ 72.99903, 11.49208 ], [ 72.99903, 11.49236 ], [ 72.99875, 11.49236 ], [ 72.99875, 11.49264 ], [ 72.99847, 11.49264 ], [ 72.99847, 11.49319 ], [ 72.99819, 11.49319 ], [ 72.99819, 11.49375 ], [ 72.99792, 11.49375 ], [ 72.99792, 11.49431 ], [ 72.99764, 11.4943 ], [ 72.99764, 11.49458 ], [ 72.99736, 11.49458 ], [ 72.99736, 11.49514 ], [ 72.99709, 11.49514 ], [ 72.99709, 11.49542 ], [ 72.9968, 11.49542 ], [ 72.9968, 11.49653 ], [ 72.99709, 11.49653 ], [ 72.99709, 11.49681 ], [ 72.99736, 11.49681 ], [ 72.99736, 11.49708 ], [ 72.99764, 11.49708 ], [ 72.99764, 11.49736 ], [ 72.99819, 11.49736 ], [ 72.99819, 11.49764 ], [ 72.99875, 11.49764 ], [ 72.99875, 11.49792 ], [ 72.99986, 11.49792 ] ] ], [ [ [ 72.18625, 11.60126 ], [ 72.18625, 11.60097 ], [ 72.18653, 11.60097 ], [ 72.18653, 11.60042 ], [ 72.18708, 11.60042 ], [ 72.18708, 11.60014 ], [ 72.18736, 11.60014 ], [ 72.18736, 11.59986 ], [ 72.18792, 11.59986 ], [ 72.18792, 11.59958 ], [ 72.18819, 11.59958 ], [ 72.18819, 11.5993 ], [ 72.18847, 11.59931 ], [ 72.18847, 11.59903 ], [ 72.18875, 11.59903 ], [ 72.18875, 11.59875 ], [ 72.18903, 11.59875 ], [ 72.18903, 11.59819 ], [ 72.18931, 11.59819 ], [ 72.18931, 11.59764 ], [ 72.18957, 11.59764 ], [ 72.18957, 11.59681 ], [ 72.18931, 11.59681 ], [ 72.18931, 11.59625 ], [ 72.18903, 11.59625 ], [ 72.18903, 11.59597 ], [ 72.18597, 11.59597 ], [ 72.18597, 11.59625 ], [ 72.18569, 11.59625 ], [ 72.18569, 11.59653 ], [ 72.18542, 11.59653 ], [ 72.18542, 11.59708 ], [ 72.18514, 11.59708 ], [ 72.18514, 11.59736 ], [ 72.18486, 11.59736 ], [ 72.18486, 11.59792 ], [ 72.18459, 11.59792 ], [ 72.18459, 11.59847 ], [ 72.1843, 11.59847 ], [ 72.1843, 11.60014 ], [ 72.18459, 11.60014 ], [ 72.18459, 11.60069 ], [ 72.18486, 11.60069 ], [ 72.18486, 11.60107 ], [ 72.18486, 11.60126 ], [ 72.18509, 11.60126 ], [ 72.18625, 11.60126 ] ] ], [ [ [ 72.71403, 11.70625 ], [ 72.71403, 11.70597 ], [ 72.7143, 11.70597 ], [ 72.7143, 11.70542 ], [ 72.71458, 11.70542 ], [ 72.71458, 11.70514 ], [ 72.71486, 11.70514 ], [ 72.71486, 11.70486 ], [ 72.71514, 11.70486 ], [ 72.71514, 11.70403 ], [ 72.71542, 11.70403 ], [ 72.71542, 11.70375 ], [ 72.7157, 11.70375 ], [ 72.7157, 11.70346 ], [ 72.71597, 11.70347 ], [ 72.71597, 11.70319 ], [ 72.71625, 11.70319 ], [ 72.71625, 11.70236 ], [ 72.71653, 11.70236 ], [ 72.71653, 11.70208 ], [ 72.7168, 11.70208 ], [ 72.7168, 11.69903 ], [ 72.71654, 11.69903 ], [ 72.71654, 11.69875 ], [ 72.7168, 11.69875 ], [ 72.7168, 11.69819 ], [ 72.71709, 11.69819 ], [ 72.71709, 11.69736 ], [ 72.71736, 11.69736 ], [ 72.71736, 11.69687 ], [ 72.71709, 11.69681 ], [ 72.71709, 11.69644 ], [ 72.71709, 11.69458 ], [ 72.7168, 11.69458 ], [ 72.7168, 11.69364 ], [ 72.7168, 11.69319 ], [ 72.71653, 11.69319 ], [ 72.71653, 11.69208 ], [ 72.71625, 11.69208 ], [ 72.71625, 11.69153 ], [ 72.71597, 11.69154 ], [ 72.71597, 11.69097 ], [ 72.7157, 11.69097 ], [ 72.7157, 11.69042 ], [ 72.71542, 11.69042 ], [ 72.71542, 11.69014 ], [ 72.71514, 11.69014 ], [ 72.71514, 11.68958 ], [ 72.71486, 11.68958 ], [ 72.71486, 11.68931 ], [ 72.71458, 11.68931 ], [ 72.71458, 11.68903 ], [ 72.7143, 11.68903 ], [ 72.7143, 11.68848 ], [ 72.71403, 11.68848 ], [ 72.71403, 11.68819 ], [ 72.71375, 11.6882 ], [ 72.71375, 11.68785 ], [ 72.71375, 11.68764 ], [ 72.71359, 11.68764 ], [ 72.71347, 11.68764 ], [ 72.71347, 11.68737 ], [ 72.7132, 11.68736 ], [ 72.7132, 11.68708 ], [ 72.71291, 11.68708 ], [ 72.71291, 11.6868 ], [ 72.71264, 11.68681 ], [ 72.71264, 11.68653 ], [ 72.71236, 11.68653 ], [ 72.71236, 11.68625 ], [ 72.71208, 11.68625 ], [ 72.71208, 11.68569 ], [ 72.71181, 11.68569 ], [ 72.71181, 11.68542 ], [ 72.71152, 11.68542 ], [ 72.71152, 11.68514 ], [ 72.71125, 11.68514 ], [ 72.71125, 11.68458 ], [ 72.71098, 11.68458 ], [ 72.71098, 11.68431 ], [ 72.71069, 11.68431 ], [ 72.71069, 11.68403 ], [ 72.71041, 11.68403 ], [ 72.71041, 11.68319 ], [ 72.71014, 11.6832 ], [ 72.71014, 11.68264 ], [ 72.70986, 11.68264 ], [ 72.70986, 11.68235 ], [ 72.70959, 11.68236 ], [ 72.70959, 11.68208 ], [ 72.7093, 11.68208 ], [ 72.7093, 11.6818 ], [ 72.70903, 11.68181 ], [ 72.70903, 11.68153 ], [ 72.70875, 11.68153 ], [ 72.70875, 11.68125 ], [ 72.70847, 11.68125 ], [ 72.70847, 11.68097 ], [ 72.70792, 11.68097 ], [ 72.70792, 11.68069 ], [ 72.70708, 11.68069 ], [ 72.70708, 11.68042 ], [ 72.70597, 11.68042 ], [ 72.70597, 11.68069 ], [ 72.70486, 11.68069 ], [ 72.70486, 11.68097 ], [ 72.70458, 11.68097 ], [ 72.70458, 11.68125 ], [ 72.70403, 11.68125 ], [ 72.70403, 11.68236 ], [ 72.70431, 11.68235 ], [ 72.70431, 11.68375 ], [ 72.70458, 11.68375 ], [ 72.70458, 11.68403 ], [ 72.70514, 11.68403 ], [ 72.70514, 11.68431 ], [ 72.70597, 11.68431 ], [ 72.70597, 11.68458 ], [ 72.70653, 11.68458 ], [ 72.70653, 11.68486 ], [ 72.7068, 11.68486 ], [ 72.7068, 11.68514 ], [ 72.70708, 11.68514 ], [ 72.70708, 11.68542 ], [ 72.70736, 11.68542 ], [ 72.70736, 11.68597 ], [ 72.70764, 11.68597 ], [ 72.70764, 11.68681 ], [ 72.70792, 11.68681 ], [ 72.70792, 11.68764 ], [ 72.70819, 11.68764 ], [ 72.70819, 11.6882 ], [ 72.70847, 11.68819 ], [ 72.70847, 11.69042 ], [ 72.70875, 11.69042 ], [ 72.70875, 11.69125 ], [ 72.70903, 11.69125 ], [ 72.70903, 11.69181 ], [ 72.7093, 11.6918 ], [ 72.7093, 11.69208 ], [ 72.70959, 11.69208 ], [ 72.70959, 11.69264 ], [ 72.70986, 11.69264 ], [ 72.70986, 11.69375 ], [ 72.70959, 11.69375 ], [ 72.70959, 11.69431 ], [ 72.7093, 11.69431 ], [ 72.7093, 11.69514 ], [ 72.70986, 11.69514 ], [ 72.70986, 11.69486 ], [ 72.71014, 11.69486 ], [ 72.71014, 11.69458 ], [ 72.71069, 11.69458 ], [ 72.71069, 11.69486 ], [ 72.71098, 11.69486 ], [ 72.71098, 11.69542 ], [ 72.71125, 11.69542 ], [ 72.71125, 11.69597 ], [ 72.71152, 11.69597 ], [ 72.71152, 11.69625 ], [ 72.71181, 11.69625 ], [ 72.71181, 11.69736 ], [ 72.71208, 11.69736 ], [ 72.71208, 11.69792 ], [ 72.71236, 11.69792 ], [ 72.71236, 11.69847 ], [ 72.71264, 11.69847 ], [ 72.71264, 11.69958 ], [ 72.71291, 11.69958 ], [ 72.71291, 11.70069 ], [ 72.7132, 11.70069 ], [ 72.7132, 11.70125 ], [ 72.71347, 11.70125 ], [ 72.71347, 11.70153 ], [ 72.71375, 11.70153 ], [ 72.71375, 11.70181 ], [ 72.71403, 11.7018 ], [ 72.71403, 11.70208 ], [ 72.7143, 11.70208 ], [ 72.7143, 11.70236 ], [ 72.71458, 11.70236 ], [ 72.71458, 11.70264 ], [ 72.71486, 11.70264 ], [ 72.71486, 11.70319 ], [ 72.71458, 11.70319 ], [ 72.71458, 11.70403 ], [ 72.7143, 11.70403 ], [ 72.7143, 11.70458 ], [ 72.71403, 11.70458 ], [ 72.71403, 11.70514 ], [ 72.71375, 11.70514 ], [ 72.71375, 11.70542 ], [ 72.71347, 11.70542 ], [ 72.71347, 11.70625 ], [ 72.71403, 11.70625 ] ] ] ] } },
{ "type": "Feature", "properties": { "source": "https://simplemaps.com", "id": "INJK", "name": "Jammu and Kashmir" }, "geometry": { "type": "MultiPolygon", "coordinates": [ [ [ [ 76.77486, 33.24834 ], [ 76.78045, 33.23965 ], [ 76.77752, 33.22449 ], [ 76.74829, 33.17901 ], [ 76.73075, 33.17597 ], [ 76.72522, 33.17884 ], [ 76.71419, 33.17744 ], [ 76.71178, 33.17907 ], [ 76.71029, 33.17597 ], [ 76.70444, 33.17294 ], [ 76.66937, 33.16991 ], [ 76.64598, 33.16081 ], [ 76.63318, 33.16347 ], [ 76.62701, 33.16248 ], [ 76.59959, 33.17376 ], [ 76.58619, 33.20422 ], [ 76.56762, 33.20705 ], [ 76.56295, 33.20618 ], [ 76.56125, 33.20634 ], [ 76.56121, 33.20629 ], [ 76.55244, 33.20023 ], [ 76.51736, 33.1972 ], [ 76.48813, 33.17901 ], [ 76.4589, 33.17901 ], [ 76.4472, 33.18204 ], [ 76.44719, 33.18204 ], [ 76.44181, 33.18047 ], [ 76.42178, 33.18181 ], [ 76.41483, 33.18507 ], [ 76.4092, 33.18507 ], [ 76.37705, 33.15778 ], [ 76.3332, 33.13049 ], [ 76.30981, 33.1214 ], [ 76.29227, 33.1032 ], [ 76.27181, 33.05166 ], [ 76.25427, 33.03347 ], [ 76.1695, 33.02134 ], [ 76.14611, 33.00921 ], [ 76.11104, 33.00618 ], [ 76.09642, 32.96676 ], [ 76.0438, 32.93644 ], [ 76.03503, 32.91825 ], [ 75.96195, 32.88489 ], [ 75.95026, 32.88489 ], [ 75.94882, 32.88638 ], [ 75.93857, 32.89702 ], [ 75.9298, 32.90612 ], [ 75.9181, 32.91521 ], [ 75.88303, 32.93037 ], [ 75.85087, 32.93644 ], [ 75.83933, 32.93345 ], [ 75.83918, 32.93341 ], [ 75.82456, 32.93037 ], [ 75.81579, 32.90309 ], [ 75.8041, 32.89399 ], [ 75.80995, 32.86973 ], [ 75.83625, 32.84244 ], [ 75.8918, 32.81516 ], [ 75.91518, 32.76967 ], [ 75.9298, 32.75755 ], [ 75.92687, 32.72116 ], [ 75.91226, 32.69084 ], [ 75.92103, 32.67265 ], [ 75.94149, 32.65749 ], [ 75.93857, 32.64233 ], [ 75.90349, 32.59078 ], [ 75.87133, 32.55743 ], [ 75.86175, 32.54583 ], [ 75.85379, 32.5362 ], [ 75.8421, 32.50891 ], [ 75.82164, 32.48769 ], [ 75.79533, 32.47556 ], [ 75.76025, 32.4695 ], [ 75.7281, 32.41795 ], [ 75.70179, 32.39976 ], [ 75.66379, 32.38763 ], [ 75.60825, 32.38157 ], [ 75.58194, 32.37247 ], [ 75.54393, 32.34821 ], [ 75.53224, 32.2997 ], [ 75.52055, 32.28151 ], [ 75.50886, 32.27848 ], [ 75.50713, 32.28384 ], [ 75.5056, 32.28134 ], [ 75.5045, 32.27953 ], [ 75.49002, 32.28798 ], [ 75.49023, 32.31021 ], [ 75.46776, 32.31756 ], [ 75.47205, 32.33368 ], [ 75.47085, 32.33305 ], [ 75.42993, 32.32396 ], [ 75.42229, 32.32528 ], [ 75.41499, 32.32427 ], [ 75.37853, 32.3288 ], [ 75.34527, 32.33916 ], [ 75.34401, 32.34021 ], [ 75.33872, 32.34215 ], [ 75.32478, 32.34215 ], [ 75.3247, 32.34215 ], [ 75.31885, 32.33305 ], [ 75.28962, 32.35428 ], [ 75.28669, 32.36641 ], [ 75.25746, 32.36337 ], [ 75.25746, 32.3846 ], [ 75.237, 32.38157 ], [ 75.19315, 32.39673 ], [ 75.20192, 32.41189 ], [ 75.19023, 32.42098 ], [ 75.16392, 32.41795 ], [ 75.13176, 32.40279 ], [ 75.12299, 32.44524 ], [ 75.10838, 32.47253 ], [ 75.09084, 32.46343 ], [ 75.07038, 32.47556 ], [ 75.05284, 32.47556 ], [ 75.0353, 32.48769 ], [ 75.02068, 32.48466 ], [ 75.01776, 32.46647 ], [ 74.9973, 32.44827 ], [ 74.9593, 32.44827 ], [ 74.93591, 32.46343 ], [ 74.89499, 32.4604 ], [ 74.87745, 32.48163 ], [ 74.84821, 32.48163 ], [ 74.81606, 32.48769 ], [ 74.7956, 32.4695 ], [ 74.76929, 32.47556 ], [ 74.75175, 32.4695 ], [ 74.71082, 32.47253 ], [ 74.7079, 32.48466 ], [ 74.68452, 32.48163 ], [ 74.67867, 32.50285 ], [ 74.69036, 32.52104 ], [ 74.66113, 32.53924 ], [ 74.65236, 32.55743 ], [ 74.64944, 32.58775 ], [ 74.63482, 32.60291 ], [ 74.64944, 32.61201 ], [ 74.65236, 32.6302 ], [ 74.69328, 32.65445 ], [ 74.66113, 32.67265 ], [ 74.64944, 32.6969 ], [ 74.65821, 32.72723 ], [ 74.6699, 32.74542 ], [ 74.68452, 32.78787 ], [ 74.69913, 32.80909 ], [ 74.70498, 32.83032 ], [ 74.65236, 32.82728 ], [ 74.6319, 32.8 ], [ 74.63482, 32.77877 ], [ 74.61728, 32.75451 ], [ 74.58805, 32.74542 ], [ 74.55589, 32.75755 ], [ 74.5442, 32.74239 ], [ 74.5062, 32.74542 ], [ 74.45358, 32.78483 ], [ 74.40389, 32.77877 ], [ 74.38635, 32.75755 ], [ 74.36004, 32.76058 ], [ 74.33081, 32.77574 ], [ 74.30158, 32.80606 ], [ 74.3045, 32.82122 ], [ 74.25481, 32.83941 ], [ 74.2168, 32.84548 ], [ 74.20219, 32.86973 ], [ 74.17296, 32.88489 ], [ 74.12326, 32.89702 ], [ 74.05895, 32.90915 ], [ 74.0531, 32.93037 ], [ 74.0151, 32.93037 ], [ 73.98879, 32.93644 ], [ 73.99756, 32.9607 ], [ 73.97126, 32.96676 ], [ 73.95956, 32.98798 ], [ 73.92448, 32.98495 ], [ 73.89818, 33.00314 ], [ 73.82217, 33.00618 ], [ 73.80756, 32.97282 ], [ 73.77832, 32.97586 ], [ 73.79002, 32.99708 ], [ 73.74032, 33.04256 ], [ 73.73448, 33.06682 ], [ 73.69355, 33.08804 ], [ 73.6497, 33.08501 ], [ 73.63216, 33.08804 ], [ 73.62632, 33.10017 ], [ 73.62632, 33.13959 ], [ 73.65555, 33.16991 ], [ 73.65847, 33.20933 ], [ 73.62632, 33.22146 ], [ 73.62632, 33.23662 ], [ 73.60586, 33.25178 ], [ 73.59709, 33.27906 ], [ 73.60293, 33.29119 ], [ 73.58832, 33.30635 ], [ 73.58832, 33.32151 ], [ 73.56493, 33.34274 ], [ 73.55908, 33.367 ], [ 73.56201, 33.39125 ], [ 73.59124, 33.42157 ], [ 73.58832, 33.4428 ], [ 73.62632, 33.46099 ], [ 73.59709, 33.48828 ], [ 73.60586, 33.51557 ], [ 73.63216, 33.53073 ], [ 73.61755, 33.54286 ], [ 73.62047, 33.57621 ], [ 73.58832, 33.60653 ], [ 73.56201, 33.62472 ], [ 73.56785, 33.64898 ], [ 73.56201, 33.67627 ], [ 73.59124, 33.69749 ], [ 73.59709, 33.71569 ], [ 73.59416, 33.74904 ], [ 73.55908, 33.77633 ], [ 73.55908, 33.79149 ], [ 73.5737, 33.8491 ], [ 73.59124, 33.88548 ], [ 73.57955, 33.90974 ], [ 73.55031, 33.93096 ], [ 73.51524, 34.0007 ], [ 73.50939, 34.06134 ], [ 73.4977, 34.07954 ], [ 73.49477, 34.14018 ], [ 73.48893, 34.17656 ], [ 73.48893, 34.22811 ], [ 73.47723, 34.23417 ], [ 73.47139, 34.26449 ], [ 73.44508, 34.30997 ], [ 73.42754, 34.35242 ], [ 73.40123, 34.35849 ], [ 73.39539, 34.38274 ], [ 73.41, 34.39184 ], [ 73.42462, 34.43732 ], [ 73.42169, 34.47067 ], [ 73.43339, 34.4919 ], [ 73.43046, 34.52525 ], [ 73.44216, 34.53738 ], [ 73.44216, 34.56467 ], [ 73.4597, 34.57983 ], [ 73.5357, 34.5768 ], [ 73.55324, 34.59196 ], [ 73.61755, 34.58589 ], [ 73.63801, 34.5677 ], [ 73.6497, 34.5677 ], [ 73.6614, 34.58893 ], [ 73.65847, 34.60712 ], [ 73.69647, 34.6526 ], [ 73.66432, 34.67079 ], [ 73.69355, 34.71931 ], [ 73.70232, 34.71931 ], [ 73.73155, 34.77085 ], [ 73.77248, 34.79814 ], [ 73.82217, 34.79511 ], [ 73.84263, 34.81633 ], [ 73.9011, 34.8224 ], [ 73.92741, 34.81936 ], [ 73.93618, 34.83452 ], [ 73.96541, 34.84362 ], [ 73.97126, 34.86181 ], [ 74.01803, 34.87697 ], [ 74.04141, 34.89517 ], [ 74.03849, 34.91639 ], [ 74.07357, 34.93762 ], [ 74.06187, 34.99219 ], [ 74.1028, 35.01342 ], [ 74.09695, 35.03464 ], [ 74.06772, 35.0498 ], [ 74.09403, 35.09832 ], [ 74.12911, 35.10438 ], [ 74.13495, 35.11348 ], [ 74.12295, 35.12265 ], [ 74.12664, 35.12485 ], [ 74.20259, 35.14091 ], [ 74.2241, 35.14303 ], [ 74.26975, 35.13788 ], [ 74.2949, 35.14 ], [ 74.35469, 35.13283 ], [ 74.39661, 35.11768 ], [ 74.42095, 35.11576 ], [ 74.43256, 35.10485 ], [ 74.44781, 35.08415 ], [ 74.46004, 35.07981 ], [ 74.48922, 35.07948 ], [ 74.53417, 35.1117 ], [ 74.57952, 35.12765 ], [ 74.60335, 35.13927 ], [ 74.61588, 35.13988 ], [ 74.62365, 35.14644 ], [ 74.63789, 35.15502 ], [ 74.64941, 35.14058 ], [ 74.70334, 35.09842 ], [ 74.73465, 35.09023 ], [ 74.77596, 35.06094 ], [ 74.81515, 35.04721 ], [ 74.80333, 35.02489 ], [ 74.79414, 35.00163 ], [ 74.7905, 34.96123 ], [ 74.79161, 34.95083 ], [ 74.78798, 34.93598 ], [ 74.79131, 34.91377 ], [ 74.8103, 34.94033 ], [ 74.82232, 34.93558 ], [ 74.8408, 34.93457 ], [ 74.85625, 34.92801 ], [ 74.871, 34.91316 ], [ 74.88473, 34.8973 ], [ 74.9116, 34.88652 ], [ 74.93786, 34.87733 ], [ 74.94533, 34.87713 ], [ 74.95967, 34.87612 ], [ 74.98533, 34.86996 ], [ 75.00512, 34.86339 ], [ 75.02249, 34.85652 ], [ 75.03734, 34.84622 ], [ 75.0534, 34.83703 ], [ 75.05784, 34.83218 ], [ 75.05643, 34.82451 ], [ 75.05724, 34.8237 ], [ 75.06431, 34.82653 ], [ 75.07198, 34.82976 ], [ 75.07027, 34.8338 ], [ 75.06693, 34.84016 ], [ 75.06976, 34.8444 ], [ 75.06804, 34.85228 ], [ 75.07027, 34.85865 ], [ 75.06774, 34.86269 ], [ 75.06774, 34.86723 ], [ 75.07128, 34.86844 ], [ 75.07208, 34.87188 ], [ 75.07441, 34.8739 ], [ 75.07562, 34.87763 ], [ 75.07936, 34.87965 ], [ 75.07845, 34.88359 ], [ 75.08208, 34.88622 ], [ 75.08016, 34.88905 ], [ 75.07511, 34.88945 ], [ 75.06835, 34.89612 ], [ 75.08047, 34.89834 ], [ 75.08986, 34.9043 ], [ 75.10269, 34.90106 ], [ 75.10541, 34.88985 ], [ 75.11491, 34.88551 ], [ 75.11632, 34.88137 ], [ 75.11784, 34.87794 ], [ 75.11885, 34.87592 ], [ 75.12188, 34.87652 ], [ 75.13289, 34.87218 ], [ 75.13794, 34.86976 ], [ 75.14511, 34.86551 ], [ 75.14258, 34.85753 ], [ 75.14824, 34.84935 ], [ 75.1449, 34.84693 ], [ 75.14541, 34.83663 ], [ 75.15107, 34.83289 ], [ 75.15642, 34.83531 ], [ 75.16369, 34.83441 ], [ 75.17551, 34.83582 ], [ 75.17672, 34.83319 ], [ 75.1854, 34.82956 ], [ 75.19783, 34.82264 ], [ 75.19763, 34.81941 ], [ 75.2051, 34.8182 ], [ 75.21247, 34.81476 ], [ 75.22257, 34.81284 ], [ 75.22237, 34.80749 ], [ 75.22994, 34.80527 ], [ 75.23166, 34.80254 ], [ 75.23459, 34.80143 ], [ 75.23701, 34.79678 ], [ 75.24307, 34.79133 ], [ 75.24711, 34.7881 ], [ 75.24732, 34.78416 ], [ 75.24459, 34.77987 ], [ 75.24762, 34.77199 ], [ 75.25004, 34.76633 ], [ 75.24853, 34.75916 ], [ 75.25035, 34.74926 ], [ 75.2556, 34.73916 ], [ 75.26216, 34.72816 ], [ 75.26166, 34.72371 ], [ 75.26257, 34.72058 ], [ 75.25893, 34.71735 ], [ 75.2555, 34.71321 ], [ 75.25721, 34.70866 ], [ 75.25095, 34.7026 ], [ 75.25267, 34.69806 ], [ 75.25206, 34.69447 ], [ 75.25671, 34.69043 ], [ 75.2559, 34.68609 ], [ 75.24166, 34.68195 ], [ 75.23853, 34.6766 ], [ 75.22984, 34.67195 ], [ 75.22873, 34.66983 ], [ 75.22631, 34.66498 ], [ 75.2255, 34.66084 ], [ 75.20514, 34.64428 ], [ 75.20485, 34.64308 ], [ 75.20731, 34.63822 ], [ 75.2096, 34.64588 ], [ 75.21091, 34.64571 ], [ 75.21354, 34.64359 ], [ 75.2168, 34.64382 ], [ 75.2176, 34.64308 ], [ 75.22726, 34.64102 ], [ 75.23394, 34.64096 ], [ 75.23629, 34.64233 ], [ 75.25555, 34.63742 ], [ 75.25783, 34.63879 ], [ 75.262, 34.63765 ], [ 75.26452, 34.63822 ], [ 75.26606, 34.63725 ], [ 75.26789, 34.6341 ], [ 75.26955, 34.63045 ], [ 75.27012, 34.62713 ], [ 75.26812, 34.62456 ], [ 75.26818, 34.6217 ], [ 75.26715, 34.61993 ], [ 75.26172, 34.61742 ], [ 75.25709, 34.61713 ], [ 75.25658, 34.61862 ], [ 75.25509, 34.61919 ], [ 75.25343, 34.61702 ], [ 75.25109, 34.6129 ], [ 75.24783, 34.60376 ], [ 75.24835, 34.6013 ], [ 75.25412, 34.59873 ], [ 75.26115, 34.59993 ], [ 75.2636, 34.60267 ], [ 75.26561, 34.60244 ], [ 75.26852, 34.59884 ], [ 75.27143, 34.59747 ], [ 75.27841, 34.59495 ], [ 75.28567, 34.59547 ], [ 75.28921, 34.58974 ], [ 75.29201, 34.58808 ], [ 75.29773, 34.58728 ], [ 75.30053, 34.58614 ], [ 75.30601, 34.57934 ], [ 75.30813, 34.57899 ], [ 75.31127, 34.57728 ], [ 75.31407, 34.57151 ], [ 75.31933, 34.56476 ], [ 75.32802, 34.56802 ], [ 75.3319, 34.56751 ], [ 75.34053, 34.56396 ], [ 75.34562, 34.56179 ], [ 75.35156, 34.55396 ], [ 75.35979, 34.54276 ], [ 75.3653, 34.5398 ], [ 75.43054, 34.47792 ], [ 75.37378, 34.38876 ], [ 75.37839, 34.381 ], [ 75.37348, 34.37461 ], [ 75.38567, 34.36867 ], [ 75.38076, 34.36228 ], [ 75.38537, 34.3547 ], [ 75.37764, 34.34876 ], [ 75.38314, 34.34074 ], [ 75.3873, 34.32974 ], [ 75.39622, 34.32172 ], [ 75.39577, 34.31919 ], [ 75.39042, 34.31073 ], [ 75.39042, 34.30389 ], [ 75.39592, 34.2923 ], [ 75.4029, 34.28368 ], [ 75.4289, 34.28383 ], [ 75.44614, 34.28101 ], [ 75.45461, 34.2877 ], [ 75.45936, 34.28294 ], [ 75.47214, 34.2816 ], [ 75.4812, 34.27254 ], [ 75.48254, 34.26482 ], [ 75.4864, 34.25234 ], [ 75.49368, 34.24208 ], [ 75.49563, 34.23362 ], [ 75.50572, 34.23429 ], [ 75.51324, 34.2277 ], [ 75.52615, 34.22757 ], [ 75.53193, 34.22555 ], [ 75.54094, 34.22273 ], [ 75.54955, 34.21399 ], [ 75.56743, 34.20982 ], [ 75.58007, 34.21412 ], [ 75.59499, 34.19691 ], [ 75.65442, 34.24182 ], [ 75.66357, 34.23255 ], [ 75.67768, 34.22878 ], [ 75.68992, 34.23133 ], [ 75.69597, 34.22811 ], [ 75.69718, 34.22354 ], [ 75.69731, 34.18848 ], [ 75.69342, 34.17799 ], [ 75.6875, 34.16777 ], [ 75.69073, 34.15433 ], [ 75.70081, 34.14061 ], [ 75.71264, 34.11547 ], [ 75.73147, 34.10975 ], [ 75.74518, 34.09994 ], [ 75.74827, 34.09187 ], [ 75.7593, 34.07318 ], [ 75.76858, 34.05947 ], [ 75.78848, 34.04616 ], [ 75.8069, 34.04239 ], [ 75.81106, 34.04387 ], [ 75.82128, 34.04602 ], [ 75.83446, 34.02787 ], [ 75.8428, 34.0233 ], [ 75.85718, 34.02189 ], [ 75.86417, 34.01328 ], [ 75.86001, 33.99876 ], [ 75.85422, 33.98881 ], [ 75.85234, 33.9802 ], [ 75.85705, 33.97039 ], [ 75.86323, 33.97899 ], [ 75.87762, 33.97778 ], [ 75.90075, 33.98101 ], [ 75.91298, 33.98531 ], [ 75.94108, 33.98639 ], [ 75.97161, 33.98034 ], [ 75.97887, 33.98074 ], [ 75.97752, 33.99029 ], [ 75.97577, 33.99876 ], [ 75.97927, 34.00091 ], [ 76.00024, 34.00131 ], [ 76.01194, 34.00131 ], [ 76.02135, 33.99742 ], [ 76.02794, 33.99002 ], [ 76.03789, 33.96474 ], [ 76.03453, 33.95345 ], [ 76.03937, 33.94377 ], [ 76.04609, 33.93046 ], [ 76.07823, 33.89913 ], [ 76.08374, 33.88837 ], [ 76.12583, 33.85607 ], [ 76.14196, 33.84504 ], [ 76.15003, 33.83671 ], [ 76.15285, 33.81856 ], [ 76.16926, 33.7961 ], [ 76.19655, 33.77714 ], [ 76.22317, 33.77378 ], [ 76.23971, 33.7719 ], [ 76.25208, 33.76262 ], [ 76.25867, 33.75536 ], [ 76.26875, 33.7327 ], [ 76.26741, 33.72101 ], [ 76.26405, 33.70514 ], [ 76.26512, 33.69492 ], [ 76.26808, 33.68309 ], [ 76.26674, 33.6804 ], [ 76.26943, 33.6761 ], [ 76.28448, 33.66131 ], [ 76.27574, 33.65311 ], [ 76.27346, 33.64585 ], [ 76.2303, 33.63173 ], [ 76.22895, 33.62756 ], [ 76.23716, 33.61922 ], [ 76.24159, 33.6086 ], [ 76.24011, 33.60282 ], [ 76.22855, 33.60322 ], [ 76.22613, 33.60027 ], [ 76.2303, 33.58803 ], [ 76.22331, 33.577 ], [ 76.20663, 33.57378 ], [ 76.22492, 33.55119 ], [ 76.23568, 33.55011 ], [ 76.26042, 33.56517 ], [ 76.30721, 33.57055 ], [ 76.29954, 33.59819 ], [ 76.30303, 33.6044 ], [ 76.30662, 33.60911 ], [ 76.31185, 33.60984 ], [ 76.31509, 33.60851 ], [ 76.31802, 33.6059 ], [ 76.32231, 33.6036 ], [ 76.32524, 33.60374 ], [ 76.33149, 33.60545 ], [ 76.33341, 33.60817 ], [ 76.33522, 33.60987 ], [ 76.33822, 33.6096 ], [ 76.343, 33.60813 ], [ 76.34718, 33.60535 ], [ 76.35416, 33.60514 ], [ 76.35848, 33.60357 ], [ 76.35887, 33.60116 ], [ 76.35991, 33.596 ], [ 76.36399, 33.58892 ], [ 76.37425, 33.582 ], [ 76.37627, 33.57966 ], [ 76.38056, 33.57705 ], [ 76.38094, 33.57558 ], [ 76.38004, 33.57398 ], [ 76.3776, 33.57164 ], [ 76.37418, 33.56686 ], [ 76.37725, 33.55975 ], [ 76.38018, 33.5526 ], [ 76.38576, 33.55172 ], [ 76.39249, 33.54981 ], [ 76.4018, 33.54483 ], [ 76.40742, 33.54357 ], [ 76.41617, 33.53911 ], [ 76.42576, 33.5374 ], [ 76.43682, 33.5434 ], [ 76.43999, 33.54873 ], [ 76.44278, 33.55812 ], [ 76.44439, 33.56171 ], [ 76.44683, 33.56352 ], [ 76.44983, 33.56356 ], [ 76.4552, 33.55773 ], [ 76.46207, 33.55191 ], [ 76.46483, 33.54783 ], [ 76.46298, 33.54361 ], [ 76.45817, 33.53904 ], [ 76.46005, 33.53482 ], [ 76.46315, 33.53103 ], [ 76.47288, 33.52786 ], [ 76.4807, 33.52702 ], [ 76.49102, 33.5168 ], [ 76.49786, 33.51694 ], [ 76.50326, 33.51558 ], [ 76.5057, 33.51283 ], [ 76.50623, 33.51028 ], [ 76.50836, 33.504 ], [ 76.50888, 33.4994 ], [ 76.51198, 33.49647 ], [ 76.51777, 33.49574 ], [ 76.52342, 33.49304 ], [ 76.5252, 33.48669 ], [ 76.52785, 33.48429 ], [ 76.5334, 33.48185 ], [ 76.54229, 33.47044 ], [ 76.54972, 33.46545 ], [ 76.55886, 33.4642 ], [ 76.56733, 33.46435 ], [ 76.57012, 33.46369 ], [ 76.57536, 33.4548 ], [ 76.57693, 33.4489 ], [ 76.57773, 33.44249 ], [ 76.57947, 33.4384 ], [ 76.57801, 33.43122 ], [ 76.58034, 33.42731 ], [ 76.58254, 33.42613 ], [ 76.59255, 33.42623 ], [ 76.59778, 33.42993 ], [ 76.60124, 33.43178 ], [ 76.60563, 33.43244 ], [ 76.60856, 33.43408 ], [ 76.61198, 33.43778 ], [ 76.61557, 33.44032 ], [ 76.61784, 33.4405 ], [ 76.62541, 33.43774 ], [ 76.6283, 33.43574 ], [ 76.62907, 33.43239 ], [ 76.62848, 33.42939 ], [ 76.62862, 33.42681 ], [ 76.63158, 33.42074 ], [ 76.63556, 33.41875 ], [ 76.63695, 33.41568 ], [ 76.63643, 33.41268 ], [ 76.63336, 33.4094 ], [ 76.63594, 33.40658 ], [ 76.63845, 33.40079 ], [ 76.64002, 33.39193 ], [ 76.64448, 33.38921 ], [ 76.64598, 33.38753 ], [ 76.64993, 33.38449 ], [ 76.65167, 33.37835 ], [ 76.65195, 33.37148 ], [ 76.6538, 33.36862 ], [ 76.65732, 33.36625 ], [ 76.65819, 33.36346 ], [ 76.65837, 33.35959 ], [ 76.6607, 33.35575 ], [ 76.66827, 33.35282 ], [ 76.67183, 33.34954 ], [ 76.67298, 33.34756 ], [ 76.67183, 33.34511 ], [ 76.67207, 33.3419 ], [ 76.67336, 33.34033 ], [ 76.6786, 33.33837 ], [ 76.68344, 33.33583 ], [ 76.68547, 33.33398 ], [ 76.68951, 33.33084 ], [ 76.69471, 33.32934 ], [ 76.6989, 33.32829 ], [ 76.70699, 33.32892 ], [ 76.70967, 33.33035 ], [ 76.71581, 33.33039 ], [ 76.7254, 33.31445 ], [ 76.72544, 33.31155 ], [ 76.72774, 33.3081 ], [ 76.72784, 33.30618 ], [ 76.72833, 33.30458 ], [ 76.72997, 33.30234 ], [ 76.73151, 33.29959 ], [ 76.73001, 33.2975 ], [ 76.72858, 33.29086 ], [ 76.72652, 33.28849 ], [ 76.72662, 33.28315 ], [ 76.73241, 33.28141 ], [ 76.73227, 33.27684 ], [ 76.73517, 33.27189 ], [ 76.73778, 33.26945 ], [ 76.73869, 33.26767 ], [ 76.73723, 33.26442 ], [ 76.73677, 33.26114 ], [ 76.73789, 33.26073 ], [ 76.74521, 33.25584 ], [ 76.74954, 33.25242 ], [ 76.75547, 33.24887 ], [ 76.76283, 33.24848 ], [ 76.76335, 33.24845 ], [ 76.77416, 33.24859 ], [ 76.77486, 33.24834 ] ] ] ] } },
{ "type": "Feature", "properties": { "source": "https://simplemaps.com", "id": "INLA", "name": "Ladakh" }, "geometry": { "type": "MultiPolygon", "coordinates": [ [ [ [ 78.3991, 32.52628 ], [ 78.39405, 32.52104 ], [ 78.37359, 32.50891 ], [ 78.32682, 32.47253 ], [ 78.32389, 32.47556 ], [ 78.31746, 32.48157 ], [ 78.29466, 32.50285 ], [ 78.31805, 32.52711 ], [ 78.31513, 32.57259 ], [ 78.33559, 32.57562 ], [ 78.40574, 32.6211 ], [ 78.38821, 32.63323 ], [ 78.38236, 32.66962 ], [ 78.38528, 32.6969 ], [ 78.39697, 32.7151 ], [ 78.38821, 32.73026 ], [ 78.39113, 32.75755 ], [ 78.38236, 32.76058 ], [ 78.37241, 32.76058 ], [ 78.3619, 32.76058 ], [ 78.30636, 32.73329 ], [ 78.31513, 32.7151 ], [ 78.30343, 32.70297 ], [ 78.25374, 32.69084 ], [ 78.24205, 32.67265 ], [ 78.21866, 32.66052 ], [ 78.20112, 32.66052 ], [ 78.19836, 32.66625 ], [ 78.1982, 32.66658 ], [ 78.18943, 32.67265 ], [ 78.17481, 32.67568 ], [ 78.17251, 32.67568 ], [ 78.16897, 32.67568 ], [ 78.15435, 32.66658 ], [ 78.14558, 32.64536 ], [ 78.13389, 32.63929 ], [ 78.12512, 32.64536 ], [ 78.12448, 32.64624 ], [ 78.11635, 32.65749 ], [ 78.10758, 32.65749 ], [ 78.10352, 32.65433 ], [ 78.09589, 32.64839 ], [ 78.09004, 32.64233 ], [ 78.08419, 32.6211 ], [ 78.04911, 32.62413 ], [ 78.05788, 32.59685 ], [ 78.04619, 32.58472 ], [ 77.99942, 32.58472 ], [ 77.99357, 32.58775 ], [ 77.99357, 32.58795 ], [ 77.98705, 32.5882 ], [ 77.9767, 32.59194 ], [ 77.92021, 32.67951 ], [ 77.90325, 32.6931 ], [ 77.91793, 32.75692 ], [ 77.91513, 32.76606 ], [ 77.90893, 32.77212 ], [ 77.90484, 32.77271 ], [ 77.90003, 32.77271 ], [ 77.89568, 32.77496 ], [ 77.89088, 32.77451 ], [ 77.8809, 32.77541 ], [ 77.86697, 32.79029 ], [ 77.86127, 32.81616 ], [ 77.8476, 32.82841 ], [ 77.83357, 32.83415 ], [ 77.8328, 32.83335 ], [ 77.82695, 32.83335 ], [ 77.82142, 32.83909 ], [ 77.81882, 32.83853 ], [ 77.81432, 32.83617 ], [ 77.80821, 32.83604 ], [ 77.799, 32.84584 ], [ 77.76143, 32.86483 ], [ 77.77274, 32.89091 ], [ 77.79017, 32.90543 ], [ 77.75957, 32.92741 ], [ 77.71249, 32.9718 ], [ 77.69988, 32.96904 ], [ 77.69501, 32.97782 ], [ 77.69087, 32.97942 ], [ 77.68208, 32.97815 ], [ 77.68079, 32.97282 ], [ 77.67787, 32.96676 ], [ 77.6691, 32.95463 ], [ 77.64279, 32.9425 ], [ 77.61063, 32.93947 ], [ 77.58725, 32.91825 ], [ 77.56679, 32.91218 ], [ 77.53756, 32.88489 ], [ 77.51125, 32.87883 ], [ 77.50248, 32.88489 ], [ 77.47324, 32.86064 ], [ 77.4674, 32.86064 ], [ 77.45645, 32.86291 ], [ 77.45522, 32.86174 ], [ 77.43617, 32.86589 ], [ 77.43224, 32.87045 ], [ 77.43123, 32.8758 ], [ 77.42647, 32.8758 ], [ 77.42063, 32.87883 ], [ 77.41938, 32.88012 ], [ 77.41775, 32.87921 ], [ 77.41013, 32.87822 ], [ 77.40385, 32.88111 ], [ 77.39724, 32.87883 ], [ 77.37678, 32.8576 ], [ 77.37386, 32.82425 ], [ 77.35339, 32.81516 ], [ 77.34462, 32.81819 ], [ 77.34024, 32.82046 ], [ 77.33596, 32.81891 ], [ 77.32162, 32.82239 ], [ 77.30516, 32.85405 ], [ 77.28874, 32.85262 ], [ 77.27434, 32.85976 ], [ 77.2701, 32.8664 ], [ 77.26912, 32.86722 ], [ 77.2657, 32.86367 ], [ 77.25693, 32.86367 ], [ 77.254, 32.86973 ], [ 77.25285, 32.87054 ], [ 77.24758, 32.86493 ], [ 77.22408, 32.8827 ], [ 77.22826, 32.89557 ], [ 77.1818, 32.91545 ], [ 77.15743, 32.91324 ], [ 77.13638, 32.95777 ], [ 77.13639, 32.98046 ], [ 77.12007, 32.98271 ], [ 77.11831, 32.98304 ], [ 77.11369, 32.97586 ], [ 77.09323, 32.97282 ], [ 77.09056, 32.9756 ], [ 77.09031, 32.97586 ], [ 77.08446, 32.98495 ], [ 77.07569, 32.98495 ], [ 77.0523, 32.99708 ], [ 77.04516, 32.99461 ], [ 77.04353, 32.99405 ], [ 77.03769, 32.99102 ], [ 77.01723, 32.98798 ], [ 77.00846, 32.99102 ], [ 77.00738, 32.99213 ], [ 77.00553, 32.99405 ], [ 76.99969, 33.00011 ], [ 76.98507, 33.00618 ], [ 76.97922, 33.01224 ], [ 76.93245, 33.0365 ], [ 76.90907, 33.07895 ], [ 76.90322, 33.09714 ], [ 76.88568, 33.11836 ], [ 76.87691, 33.11533 ], [ 76.8764, 33.1148 ], [ 76.87107, 33.10927 ], [ 76.8623, 33.1123 ], [ 76.85769, 33.11469 ], [ 76.85257, 33.11155 ], [ 76.83411, 33.12056 ], [ 76.82917, 33.13772 ], [ 76.80346, 33.15569 ], [ 76.79813, 33.1733 ], [ 76.80331, 33.19385 ], [ 76.81859, 33.20557 ], [ 76.81108, 33.21546 ], [ 76.81786, 33.23114 ], [ 76.82254, 33.23662 ], [ 76.82137, 33.23662 ], [ 76.81553, 33.23965 ], [ 76.81031, 33.24505 ], [ 76.80383, 33.25178 ], [ 76.79506, 33.25481 ], [ 76.78132, 33.25481 ], [ 76.78045, 33.25481 ], [ 76.7746, 33.24874 ], [ 76.77486, 33.24834 ], [ 76.77416, 33.24859 ], [ 76.76335, 33.24845 ], [ 76.76283, 33.24848 ], [ 76.75547, 33.24887 ], [ 76.74954, 33.25242 ], [ 76.74521, 33.25584 ], [ 76.73789, 33.26073 ], [ 76.73677, 33.26114 ], [ 76.73723, 33.26442 ], [ 76.73869, 33.26767 ], [ 76.73778, 33.26945 ], [ 76.73517, 33.27189 ], [ 76.73227, 33.27684 ], [ 76.73241, 33.28141 ], [ 76.72662, 33.28315 ], [ 76.72652, 33.28849 ], [ 76.72858, 33.29086 ], [ 76.73001, 33.2975 ], [ 76.73151, 33.29959 ], [ 76.72997, 33.30234 ], [ 76.72833, 33.30458 ], [ 76.72784, 33.30618 ], [ 76.72774, 33.3081 ], [ 76.72544, 33.31155 ], [ 76.7254, 33.31445 ], [ 76.71581, 33.33039 ], [ 76.70967, 33.33035 ], [ 76.70699, 33.32892 ], [ 76.6989, 33.32829 ], [ 76.69471, 33.32934 ], [ 76.68951, 33.33084 ], [ 76.68547, 33.33398 ], [ 76.68344, 33.33583 ], [ 76.6786, 33.33837 ], [ 76.67336, 33.34033 ], [ 76.67207, 33.3419 ], [ 76.67183, 33.34511 ], [ 76.67298, 33.34756 ], [ 76.67183, 33.34954 ], [ 76.66827, 33.35282 ], [ 76.6607, 33.35575 ], [ 76.65837, 33.35959 ], [ 76.65819, 33.36346 ], [ 76.65732, 33.36625 ], [ 76.6538, 33.36862 ], [ 76.65195, 33.37148 ], [ 76.65167, 33.37835 ], [ 76.64993, 33.38449 ], [ 76.64598, 33.38753 ], [ 76.64448, 33.38921 ], [ 76.64002, 33.39193 ], [ 76.63845, 33.40079 ], [ 76.63594, 33.40658 ], [ 76.63336, 33.4094 ], [ 76.63643, 33.41268 ], [ 76.63695, 33.41568 ], [ 76.63556, 33.41875 ], [ 76.63158, 33.42074 ], [ 76.62862, 33.42681 ], [ 76.62848, 33.42939 ], [ 76.62907, 33.43239 ], [ 76.6283, 33.43574 ], [ 76.62541, 33.43774 ], [ 76.61784, 33.4405 ], [ 76.61557, 33.44032 ], [ 76.61198, 33.43778 ], [ 76.60856, 33.43408 ], [ 76.60563, 33.43244 ], [ 76.60124, 33.43178 ], [ 76.59778, 33.42993 ], [ 76.59255, 33.42623 ], [ 76.58254, 33.42613 ], [ 76.58034, 33.42731 ], [ 76.57801, 33.43122 ], [ 76.57947, 33.4384 ], [ 76.57773, 33.44249 ], [ 76.57693, 33.4489 ], [ 76.57536, 33.4548 ], [ 76.57012, 33.46369 ], [ 76.56733, 33.46435 ], [ 76.55886, 33.4642 ], [ 76.54972, 33.46545 ], [ 76.54229, 33.47044 ], [ 76.5334, 33.48185 ], [ 76.52785, 33.48429 ], [ 76.5252, 33.48669 ], [ 76.52342, 33.49304 ], [ 76.51777, 33.49574 ], [ 76.51198, 33.49647 ], [ 76.50888, 33.4994 ], [ 76.50836, 33.504 ], [ 76.50623, 33.51028 ], [ 76.5057, 33.51283 ], [ 76.50326, 33.51558 ], [ 76.49786, 33.51694 ], [ 76.49102, 33.5168 ], [ 76.4807, 33.52702 ], [ 76.47288, 33.52786 ], [ 76.46315, 33.53103 ], [ 76.46005, 33.53482 ], [ 76.45817, 33.53904 ], [ 76.46298, 33.54361 ], [ 76.46483, 33.54783 ], [ 76.46207, 33.55191 ], [ 76.4552, 33.55773 ], [ 76.44983, 33.56356 ], [ 76.44683, 33.56352 ], [ 76.44439, 33.56171 ], [ 76.44278, 33.55812 ], [ 76.43999, 33.54873 ], [ 76.43682, 33.5434 ], [ 76.42576, 33.5374 ], [ 76.41617, 33.53911 ], [ 76.40742, 33.54357 ], [ 76.4018, 33.54483 ], [ 76.39249, 33.54981 ], [ 76.38576, 33.55172 ], [ 76.38018, 33.5526 ], [ 76.37725, 33.55975 ], [ 76.37418, 33.56686 ], [ 76.3776, 33.57164 ], [ 76.38004, 33.57398 ], [ 76.38094, 33.57558 ], [ 76.38056, 33.57705 ], [ 76.37627, 33.57966 ], [ 76.37425, 33.582 ], [ 76.36399, 33.58892 ], [ 76.35991, 33.596 ], [ 76.35887, 33.60116 ], [ 76.35848, 33.60357 ], [ 76.35416, 33.60514 ], [ 76.34718, 33.60535 ], [ 76.343, 33.60813 ], [ 76.33822, 33.6096 ], [ 76.33522, 33.60987 ], [ 76.33341, 33.60817 ], [ 76.33149, 33.60545 ], [ 76.32524, 33.60374 ], [ 76.32231, 33.6036 ], [ 76.31802, 33.6059 ], [ 76.31509, 33.60851 ], [ 76.31185, 33.60984 ], [ 76.30662, 33.60911 ], [ 76.30303, 33.6044 ], [ 76.29954, 33.59819 ], [ 76.30721, 33.57055 ], [ 76.26042, 33.56517 ], [ 76.23568, 33.55011 ], [ 76.22492, 33.55119 ], [ 76.20663, 33.57378 ], [ 76.22331, 33.577 ], [ 76.2303, 33.58803 ], [ 76.22613, 33.60027 ], [ 76.22855, 33.60322 ], [ 76.24011, 33.60282 ], [ 76.24159, 33.6086 ], [ 76.23716, 33.61922 ], [ 76.22895, 33.62756 ], [ 76.2303, 33.63173 ], [ 76.27346, 33.64585 ], [ 76.27574, 33.65311 ], [ 76.28448, 33.66131 ], [ 76.26943, 33.6761 ], [ 76.26674, 33.6804 ], [ 76.26808, 33.68309 ], [ 76.26512, 33.69492 ], [ 76.26405, 33.70514 ], [ 76.26741, 33.72101 ], [ 76.26875, 33.7327 ], [ 76.25867, 33.75536 ], [ 76.25208, 33.76262 ], [ 76.23971, 33.7719 ], [ 76.22317, 33.77378 ], [ 76.19655, 33.77714 ], [ 76.16926, 33.7961 ], [ 76.15285, 33.81856 ], [ 76.15003, 33.83671 ], [ 76.14196, 33.84504 ], [ 76.12583, 33.85607 ], [ 76.08374, 33.88837 ], [ 76.07823, 33.89913 ], [ 76.04609, 33.93046 ], [ 76.03937, 33.94377 ], [ 76.03453, 33.95345 ], [ 76.03789, 33.96474 ], [ 76.02794, 33.99002 ], [ 76.02135, 33.99742 ], [ 76.01194, 34.00131 ], [ 76.00024, 34.00131 ], [ 75.97927, 34.00091 ], [ 75.97577, 33.99876 ], [ 75.97752, 33.99029 ], [ 75.97887, 33.98074 ], [ 75.97161, 33.98034 ], [ 75.94108, 33.98639 ], [ 75.91298, 33.98531 ], [ 75.90075, 33.98101 ], [ 75.87762, 33.97778 ], [ 75.86323, 33.97899 ], [ 75.85705, 33.97039 ], [ 75.85234, 33.9802 ], [ 75.85422, 33.98881 ], [ 75.86001, 33.99876 ], [ 75.86417, 34.01328 ], [ 75.85718, 34.02189 ], [ 75.8428, 34.0233 ], [ 75.83446, 34.02787 ], [ 75.82128, 34.04602 ], [ 75.81106, 34.04387 ], [ 75.8069, 34.04239 ], [ 75.78848, 34.04616 ], [ 75.76858, 34.05947 ], [ 75.7593, 34.07318 ], [ 75.74827, 34.09187 ], [ 75.74518, 34.09994 ], [ 75.73147, 34.10975 ], [ 75.71264, 34.11547 ], [ 75.70081, 34.14061 ], [ 75.69073, 34.15433 ], [ 75.6875, 34.16777 ], [ 75.69342, 34.17799 ], [ 75.69731, 34.18848 ], [ 75.69718, 34.22354 ], [ 75.69597, 34.22811 ], [ 75.68992, 34.23133 ], [ 75.67768, 34.22878 ], [ 75.66357, 34.23255 ], [ 75.65442, 34.24182 ], [ 75.59499, 34.19691 ], [ 75.58007, 34.21412 ], [ 75.56743, 34.20982 ], [ 75.54955, 34.21399 ], [ 75.54094, 34.22273 ], [ 75.53193, 34.22555 ], [ 75.52615, 34.22757 ], [ 75.51324, 34.2277 ], [ 75.50572, 34.23429 ], [ 75.49563, 34.23362 ], [ 75.49368, 34.24208 ], [ 75.4864, 34.25234 ], [ 75.48254, 34.26482 ], [ 75.4812, 34.27254 ], [ 75.47214, 34.2816 ], [ 75.45936, 34.28294 ], [ 75.45461, 34.2877 ], [ 75.44614, 34.28101 ], [ 75.4289, 34.28383 ], [ 75.4029, 34.28368 ], [ 75.39592, 34.2923 ], [ 75.39042, 34.30389 ], [ 75.39042, 34.31073 ], [ 75.39577, 34.31919 ], [ 75.39622, 34.32172 ], [ 75.3873, 34.32974 ], [ 75.38314, 34.34074 ], [ 75.37764, 34.34876 ], [ 75.38537, 34.3547 ], [ 75.38076, 34.36228 ], [ 75.38567, 34.36867 ], [ 75.37348, 34.37461 ], [ 75.37839, 34.381 ], [ 75.37378, 34.38876 ], [ 75.43054, 34.47792 ], [ 75.3653, 34.5398 ], [ 75.35979, 34.54276 ], [ 75.35156, 34.55396 ], [ 75.34562, 34.56179 ], [ 75.34053, 34.56396 ], [ 75.3319, 34.56751 ], [ 75.32802, 34.56802 ], [ 75.31933, 34.56476 ], [ 75.31407, 34.57151 ], [ 75.31127, 34.57728 ], [ 75.30813, 34.57899 ], [ 75.30601, 34.57934 ], [ 75.30053, 34.58614 ], [ 75.29773, 34.58728 ], [ 75.29201, 34.58808 ], [ 75.28921, 34.58974 ], [ 75.28567, 34.59547 ], [ 75.27841, 34.59495 ], [ 75.27143, 34.59747 ], [ 75.26852, 34.59884 ], [ 75.26561, 34.60244 ], [ 75.2636, 34.60267 ], [ 75.26115, 34.59993 ], [ 75.25412, 34.59873 ], [ 75.24835, 34.6013 ], [ 75.24783, 34.60376 ], [ 75.25109, 34.6129 ], [ 75.25343, 34.61702 ], [ 75.25509, 34.61919 ], [ 75.25658, 34.61862 ], [ 75.25709, 34.61713 ], [ 75.26172, 34.61742 ], [ 75.26715, 34.61993 ], [ 75.26818, 34.6217 ], [ 75.26812, 34.62456 ], [ 75.27012, 34.62713 ], [ 75.26955, 34.63045 ], [ 75.26789, 34.6341 ], [ 75.26606, 34.63725 ], [ 75.26452, 34.63822 ], [ 75.262, 34.63765 ], [ 75.25783, 34.63879 ], [ 75.25555, 34.63742 ], [ 75.23629, 34.64233 ], [ 75.23394, 34.64096 ], [ 75.22726, 34.64102 ], [ 75.2176, 34.64308 ], [ 75.2168, 34.64382 ], [ 75.21354, 34.64359 ], [ 75.21091, 34.64571 ], [ 75.2096, 34.64588 ], [ 75.20731, 34.63822 ], [ 75.20485, 34.64308 ], [ 75.20514, 34.64428 ], [ 75.2255, 34.66084 ], [ 75.22631, 34.66498 ], [ 75.22873, 34.66983 ], [ 75.22984, 34.67195 ], [ 75.23853, 34.6766 ], [ 75.24166, 34.68195 ], [ 75.2559, 34.68609 ], [ 75.25671, 34.69043 ], [ 75.25206, 34.69447 ], [ 75.25267, 34.69806 ], [ 75.25095, 34.7026 ], [ 75.25721, 34.70866 ], [ 75.2555, 34.71321 ], [ 75.25893, 34.71735 ], [ 75.26257, 34.72058 ], [ 75.26166, 34.72371 ], [ 75.26216, 34.72816 ], [ 75.2556, 34.73916 ], [ 75.25035, 34.74926 ], [ 75.24853, 34.75916 ], [ 75.25004, 34.76633 ], [ 75.24762, 34.77199 ], [ 75.24459, 34.77987 ], [ 75.24732, 34.78416 ], [ 75.24711, 34.7881 ], [ 75.24307, 34.79133 ], [ 75.23701, 34.79678 ], [ 75.23459, 34.80143 ], [ 75.23166, 34.80254 ], [ 75.22994, 34.80527 ], [ 75.22237, 34.80749 ], [ 75.22257, 34.81284 ], [ 75.21247, 34.81476 ], [ 75.2051, 34.8182 ], [ 75.19763, 34.81941 ], [ 75.19783, 34.82264 ], [ 75.1854, 34.82956 ], [ 75.17672, 34.83319 ], [ 75.17551, 34.83582 ], [ 75.16369, 34.83441 ], [ 75.15642, 34.83531 ], [ 75.15107, 34.83289 ], [ 75.14541, 34.83663 ], [ 75.1449, 34.84693 ], [ 75.14824, 34.84935 ], [ 75.14258, 34.85753 ], [ 75.14511, 34.86551 ], [ 75.13794, 34.86976 ], [ 75.13289, 34.87218 ], [ 75.12188, 34.87652 ], [ 75.11885, 34.87592 ], [ 75.11784, 34.87794 ], [ 75.11632, 34.88137 ], [ 75.11491, 34.88551 ], [ 75.10541, 34.88985 ], [ 75.10269, 34.90106 ], [ 75.08986, 34.9043 ], [ 75.08047, 34.89834 ], [ 75.06835, 34.89612 ], [ 75.07511, 34.88945 ], [ 75.08016, 34.88905 ], [ 75.08208, 34.88622 ], [ 75.07845, 34.88359 ], [ 75.07936, 34.87965 ], [ 75.07562, 34.87763 ], [ 75.07441, 34.8739 ], [ 75.07208, 34.87188 ], [ 75.07128, 34.86844 ], [ 75.06774, 34.86723 ], [ 75.06774, 34.86269 ], [ 75.07027, 34.85865 ], [ 75.06804, 34.85228 ], [ 75.06976, 34.8444 ], [ 75.06693, 34.84016 ], [ 75.07027, 34.8338 ], [ 75.07198, 34.82976 ], [ 75.06431, 34.82653 ], [ 75.05724, 34.8237 ], [ 75.05643, 34.82451 ], [ 75.05784, 34.83218 ], [ 75.0534, 34.83703 ], [ 75.03734, 34.84622 ], [ 75.02249, 34.85652 ], [ 75.00512, 34.86339 ], [ 74.98533, 34.86996 ], [ 74.95967, 34.87612 ], [ 74.94533, 34.87713 ], [ 74.93786, 34.87733 ], [ 74.9116, 34.88652 ], [ 74.88473, 34.8973 ], [ 74.871, 34.91316 ], [ 74.85625, 34.92801 ], [ 74.8408, 34.93457 ], [ 74.82232, 34.93558 ], [ 74.8103, 34.94033 ], [ 74.79131, 34.91377 ], [ 74.78798, 34.93598 ], [ 74.79161, 34.95083 ], [ 74.7905, 34.96123 ], [ 74.79414, 35.00163 ], [ 74.80333, 35.02489 ], [ 74.81515, 35.04721 ], [ 74.77596, 35.06094 ], [ 74.73465, 35.09023 ], [ 74.70334, 35.09842 ], [ 74.64941, 35.14058 ], [ 74.63789, 35.15502 ], [ 74.62365, 35.14644 ], [ 74.61588, 35.13988 ], [ 74.60335, 35.13927 ], [ 74.57952, 35.12765 ], [ 74.53417, 35.1117 ], [ 74.48922, 35.07948 ], [ 74.46004, 35.07981 ], [ 74.44781, 35.08415 ], [ 74.43256, 35.10485 ], [ 74.42095, 35.11576 ], [ 74.39661, 35.11768 ], [ 74.35469, 35.13283 ], [ 74.2949, 35.14 ], [ 74.26975, 35.13788 ], [ 74.2241, 35.14303 ], [ 74.20259, 35.14091 ], [ 74.12664, 35.12485 ], [ 74.12295, 35.12265 ], [ 74.07941, 35.15593 ], [ 74.05018, 35.14683 ], [ 74.02972, 35.14986 ], [ 74.00926, 35.16502 ], [ 74.00049, 35.18321 ], [ 73.95956, 35.17412 ], [ 73.91864, 35.21354 ], [ 73.86602, 35.2105 ], [ 73.84848, 35.2287 ], [ 73.81048, 35.24386 ], [ 73.77832, 35.24386 ], [ 73.74909, 35.22263 ], [ 73.72863, 35.21657 ], [ 73.71401, 35.2287 ], [ 73.72571, 35.28327 ], [ 73.6994, 35.32269 ], [ 73.6994, 35.35908 ], [ 73.70817, 35.38333 ], [ 73.73448, 35.42275 ], [ 73.76371, 35.44701 ], [ 73.79586, 35.45913 ], [ 73.78709, 35.49855 ], [ 73.78709, 35.52584 ], [ 73.75494, 35.52887 ], [ 73.71986, 35.55313 ], [ 73.67309, 35.5501 ], [ 73.64093, 35.57132 ], [ 73.58247, 35.55616 ], [ 73.55908, 35.55616 ], [ 73.5357, 35.57132 ], [ 73.50354, 35.56526 ], [ 73.486, 35.57739 ], [ 73.40415, 35.56526 ], [ 73.36908, 35.60467 ], [ 73.30477, 35.6168 ], [ 73.24338, 35.65016 ], [ 73.21999, 35.67138 ], [ 73.18784, 35.68654 ], [ 73.15568, 35.7108 ], [ 73.13522, 35.71989 ], [ 73.13814, 35.76841 ], [ 73.13522, 35.79266 ], [ 73.15276, 35.83815 ], [ 73.12645, 35.85331 ], [ 73.09137, 35.88363 ], [ 73.07383, 35.88363 ], [ 73.05629, 35.8624 ], [ 73.02414, 35.85331 ], [ 73.00368, 35.8624 ], [ 72.98029, 35.85937 ], [ 72.95983, 35.84724 ], [ 72.91306, 35.84724 ], [ 72.90429, 35.85331 ], [ 72.90137, 35.88059 ], [ 72.85167, 35.87756 ], [ 72.83413, 35.88666 ], [ 72.82244, 35.87453 ], [ 72.79905, 35.86847 ], [ 72.79905, 35.85634 ], [ 72.7669, 35.84421 ], [ 72.74351, 35.85937 ], [ 72.72305, 35.85331 ], [ 72.69382, 35.83208 ], [ 72.66459, 35.84724 ], [ 72.64705, 35.86543 ], [ 72.60028, 35.8715 ], [ 72.56812, 35.90788 ], [ 72.5535, 35.90788 ], [ 72.53012, 35.92304 ], [ 72.53012, 35.95336 ], [ 72.55058, 35.96852 ], [ 72.55643, 35.99581 ], [ 72.57397, 35.99581 ], [ 72.58274, 36.02007 ], [ 72.59735, 36.02613 ], [ 72.58566, 36.05039 ], [ 72.55058, 36.05646 ], [ 72.53012, 36.07465 ], [ 72.53304, 36.108 ], [ 72.54766, 36.13226 ], [ 72.57397, 36.15045 ], [ 72.55058, 36.18077 ], [ 72.55935, 36.21109 ], [ 72.58566, 36.22928 ], [ 72.59443, 36.26264 ], [ 72.63535, 36.2778 ], [ 72.66459, 36.26264 ], [ 72.68213, 36.26264 ], [ 72.69382, 36.2778 ], [ 72.7172, 36.28083 ], [ 72.75228, 36.30509 ], [ 72.77859, 36.31115 ], [ 72.82244, 36.3536 ], [ 72.84582, 36.37179 ], [ 72.86629, 36.37179 ], [ 72.88675, 36.38998 ], [ 72.88967, 36.42334 ], [ 72.87798, 36.4385 ], [ 72.92767, 36.46275 ], [ 72.95398, 36.46579 ], [ 72.99491, 36.45972 ], [ 72.99198, 36.49611 ], [ 73.00075, 36.5143 ], [ 73.02122, 36.52643 ], [ 73.05629, 36.53552 ], [ 73.07383, 36.56281 ], [ 73.11184, 36.60829 ], [ 73.09137, 36.63558 ], [ 73.0943, 36.6659 ], [ 73.08553, 36.68106 ], [ 73.1323, 36.68713 ], [ 73.15861, 36.70532 ], [ 73.19953, 36.71745 ], [ 73.2083, 36.70229 ], [ 73.23461, 36.69926 ], [ 73.25215, 36.70835 ], [ 73.30477, 36.70835 ], [ 73.34277, 36.71745 ], [ 73.36031, 36.71442 ], [ 73.36908, 36.73261 ], [ 73.40708, 36.73261 ], [ 73.43631, 36.74474 ], [ 73.47139, 36.72958 ], [ 73.49477, 36.72655 ], [ 73.51524, 36.71442 ], [ 73.53278, 36.72048 ], [ 73.58539, 36.71442 ], [ 73.60586, 36.69926 ], [ 73.64093, 36.69016 ], [ 73.65263, 36.69623 ], [ 73.70817, 36.68713 ], [ 73.72571, 36.71139 ], [ 73.78417, 36.70229 ], [ 73.81048, 36.71745 ], [ 73.86602, 36.69926 ], [ 73.9011, 36.70532 ], [ 73.90694, 36.73261 ], [ 73.89525, 36.75384 ], [ 73.86894, 36.78416 ], [ 73.83386, 36.78719 ], [ 73.81048, 36.81144 ], [ 73.77832, 36.81448 ], [ 73.76371, 36.82661 ], [ 73.72571, 36.83267 ], [ 73.72278, 36.84783 ], [ 73.70232, 36.87209 ], [ 73.68186, 36.88421 ], [ 73.69355, 36.91454 ], [ 73.71694, 36.9115 ], [ 73.74909, 36.89634 ], [ 73.76078, 36.90544 ], [ 73.79002, 36.89331 ], [ 73.81048, 36.89634 ], [ 73.83094, 36.88421 ], [ 73.84263, 36.89938 ], [ 73.89233, 36.88725 ], [ 73.90402, 36.87512 ], [ 73.93033, 36.87815 ], [ 73.94495, 36.86905 ], [ 73.97126, 36.83873 ], [ 74.00049, 36.82357 ], [ 74.0268, 36.82661 ], [ 74.05603, 36.80538 ], [ 74.08818, 36.8357 ], [ 74.11741, 36.83267 ], [ 74.14372, 36.83873 ], [ 74.16126, 36.89938 ], [ 74.17296, 36.90544 ], [ 74.23142, 36.89634 ], [ 74.26357, 36.88725 ], [ 74.28111, 36.90241 ], [ 74.31912, 36.91757 ], [ 74.36881, 36.96002 ], [ 74.40681, 36.96911 ], [ 74.4302, 36.99034 ], [ 74.47697, 36.99337 ], [ 74.49451, 36.98731 ], [ 74.53251, 36.98731 ], [ 74.55882, 36.95092 ], [ 74.57636, 36.95092 ], [ 74.5939, 37.04492 ], [ 74.64067, 37.05704 ], [ 74.65821, 37.05704 ], [ 74.69328, 37.07827 ], [ 74.71959, 37.06311 ], [ 74.72836, 37.02672 ], [ 74.75175, 37.01156 ], [ 74.77221, 37.02975 ], [ 74.79852, 37.02369 ], [ 74.83944, 37.02369 ], [ 74.84237, 36.9964 ], [ 74.9096, 36.91757 ], [ 74.9856, 36.95698 ], [ 75.00899, 36.96305 ], [ 75.01776, 36.97518 ], [ 75.05868, 36.96305 ], [ 75.08792, 36.94182 ], [ 75.11422, 36.94789 ], [ 75.15223, 36.96608 ], [ 75.199, 37.01763 ], [ 75.20777, 37.03582 ], [ 75.23115, 37.03885 ], [ 75.25746, 37.05098 ], [ 75.28962, 37.04795 ], [ 75.30716, 37.05401 ], [ 75.34516, 37.05098 ], [ 75.34516, 36.99943 ], [ 75.351, 36.98124 ], [ 75.37439, 36.96002 ], [ 75.4007, 36.96911 ], [ 75.42701, 36.95698 ], [ 75.42701, 36.93576 ], [ 75.41239, 36.92363 ], [ 75.41531, 36.88725 ], [ 75.44455, 36.88725 ], [ 75.45332, 36.86905 ], [ 75.45916, 36.82964 ], [ 75.47962, 36.80538 ], [ 75.51763, 36.79022 ], [ 75.53809, 36.78719 ], [ 75.62286, 36.7508 ], [ 75.67548, 36.69623 ], [ 75.74856, 36.58707 ], [ 75.77487, 36.56888 ], [ 75.82456, 36.54765 ], [ 75.83918, 36.54765 ], [ 75.92395, 36.50217 ], [ 75.97949, 36.48701 ], [ 76.02626, 36.48701 ], [ 76.07888, 36.47488 ], [ 76.17242, 36.38998 ], [ 76.21627, 36.37482 ], [ 76.25427, 36.34754 ], [ 76.28643, 36.34754 ], [ 76.32443, 36.3627 ], [ 76.34489, 36.3627 ], [ 76.38289, 36.33844 ], [ 76.40043, 36.32025 ], [ 76.42966, 36.31115 ], [ 76.43551, 36.28993 ], [ 76.45013, 36.2687 ], [ 76.4472, 36.24748 ], [ 76.48228, 36.21109 ], [ 76.54951, 36.18987 ], [ 76.56413, 36.17167 ], [ 76.59629, 36.16561 ], [ 76.64306, 36.1838 ], [ 76.66644, 36.15651 ], [ 76.70737, 36.12619 ], [ 76.71614, 36.08678 ], [ 76.78045, 36.05646 ], [ 76.79799, 36.04129 ], [ 76.80968, 36.02007 ], [ 76.78337, 36.01704 ], [ 76.76583, 36.00491 ], [ 76.74245, 35.97156 ], [ 76.72198, 35.95336 ], [ 76.75706, 35.91698 ], [ 76.78045, 35.89879 ], [ 76.79799, 35.85634 ], [ 76.83014, 35.83511 ], [ 76.85645, 35.83208 ], [ 76.89445, 35.79873 ], [ 76.93538, 35.78357 ], [ 76.96753, 35.78357 ], [ 77.00261, 35.77447 ], [ 77.0523, 35.78054 ], [ 77.07569, 35.7957 ], [ 77.11661, 35.79873 ], [ 77.14292, 35.76841 ], [ 77.16631, 35.76538 ], [ 77.16923, 35.73202 ], [ 77.22185, 35.72899 ], [ 77.22477, 35.71383 ], [ 77.28616, 35.7108 ], [ 77.31539, 35.69867 ], [ 77.32708, 35.71989 ], [ 77.35924, 35.71686 ], [ 77.38263, 35.6926 ], [ 77.40016, 35.66228 ], [ 77.42355, 35.66228 ], [ 77.43817, 35.64106 ], [ 77.43817, 35.62287 ], [ 77.42647, 35.61074 ], [ 77.45571, 35.59255 ], [ 77.46448, 35.58042 ], [ 77.45863, 35.55616 ], [ 77.46448, 35.54403 ], [ 77.48786, 35.5319 ], [ 77.43524, 35.51674 ], [ 77.41186, 35.52584 ], [ 77.3914, 35.54706 ], [ 77.35924, 35.5501 ], [ 77.32124, 35.5319 ], [ 77.34462, 35.51068 ], [ 77.34755, 35.49249 ], [ 77.36801, 35.49249 ], [ 77.37678, 35.47733 ], [ 77.41478, 35.47429 ], [ 77.44986, 35.46217 ], [ 77.47617, 35.47733 ], [ 77.51709, 35.48946 ], [ 77.54048, 35.48036 ], [ 77.56971, 35.48642 ], [ 77.61356, 35.46823 ], [ 77.64864, 35.48946 ], [ 77.66618, 35.47126 ], [ 77.68371, 35.47733 ], [ 77.72172, 35.47429 ], [ 77.72756, 35.52281 ], [ 77.77141, 35.49552 ], [ 77.78895, 35.49552 ], [ 77.81234, 35.51371 ], [ 77.82695, 35.51068 ], [ 77.86495, 35.48036 ], [ 77.87957, 35.48642 ], [ 77.90588, 35.46823 ], [ 77.91757, 35.48946 ], [ 77.97019, 35.47429 ], [ 77.96434, 35.49855 ], [ 77.93219, 35.51674 ], [ 77.96726, 35.57132 ], [ 77.97019, 35.60164 ], [ 77.99065, 35.58042 ], [ 78.04619, 35.58648 ], [ 78.07835, 35.5501 ], [ 78.09296, 35.55616 ], [ 78.11635, 35.5501 ], [ 78.13096, 35.53797 ], [ 78.15727, 35.55313 ], [ 78.15143, 35.57132 ], [ 78.16604, 35.61377 ], [ 78.1865, 35.62287 ], [ 78.1982, 35.64712 ], [ 78.1982, 35.66835 ], [ 78.24205, 35.64712 ], [ 78.25666, 35.65016 ], [ 78.27128, 35.66835 ], [ 78.26835, 35.71686 ], [ 78.28005, 35.72596 ], [ 78.30343, 35.71989 ], [ 78.33851, 35.71989 ], [ 78.37944, 35.73202 ], [ 78.39697, 35.74415 ], [ 78.41744, 35.78054 ], [ 78.44082, 35.78357 ], [ 78.45836, 35.77447 ], [ 78.5139, 35.77144 ], [ 78.53437, 35.77447 ], [ 78.57821, 35.80479 ], [ 78.62498, 35.81995 ], [ 78.66006, 35.85634 ], [ 78.69222, 35.85634 ], [ 78.71853, 35.86847 ], [ 78.77699, 35.86847 ], [ 78.78576, 35.85937 ], [ 78.83253, 35.85634 ], [ 78.94654, 35.88059 ], [ 78.95823, 35.89272 ], [ 79.02254, 35.84724 ], [ 79.06346, 35.84724 ], [ 79.119, 35.83511 ], [ 79.14531, 35.84118 ], [ 79.19501, 35.88666 ], [ 79.18916, 35.9473 ], [ 79.21255, 35.97762 ], [ 79.23301, 35.98672 ], [ 79.29147, 35.98975 ], [ 79.36455, 35.98975 ], [ 79.38794, 35.97762 ], [ 79.40548, 35.91395 ], [ 79.42302, 35.89575 ], [ 79.45517, 35.88969 ], [ 79.50779, 35.88666 ], [ 79.56333, 35.85937 ], [ 79.58964, 35.85634 ], [ 79.64518, 35.83815 ], [ 79.65687, 35.83815 ], [ 79.70364, 35.81995 ], [ 79.72411, 35.80479 ], [ 79.75334, 35.79873 ], [ 79.79719, 35.79873 ], [ 79.84103, 35.7866 ], [ 79.87611, 35.78357 ], [ 79.90534, 35.81389 ], [ 79.93458, 35.82905 ], [ 79.97258, 35.84118 ], [ 80.01058, 35.83208 ], [ 80.04566, 35.7866 ], [ 80.0632, 35.74415 ], [ 80.08951, 35.72596 ], [ 80.09535, 35.7017 ], [ 80.11289, 35.67744 ], [ 80.22397, 35.64712 ], [ 80.27074, 35.62287 ], [ 80.29121, 35.60771 ], [ 80.31167, 35.55313 ], [ 80.32044, 35.49855 ], [ 80.32921, 35.46823 ], [ 80.29705, 35.46217 ], [ 80.28244, 35.44094 ], [ 80.28536, 35.39546 ], [ 80.26782, 35.33482 ], [ 80.23567, 35.27721 ], [ 80.22982, 35.2287 ], [ 80.22105, 35.2105 ], [ 80.18305, 35.16805 ], [ 80.1772, 35.14683 ], [ 80.18597, 35.06193 ], [ 80.17136, 34.98916 ], [ 80.15089, 34.94671 ], [ 80.10704, 34.86788 ], [ 80.08366, 34.84969 ], [ 80.06904, 34.81027 ], [ 80.07197, 34.71931 ], [ 80.0632, 34.71021 ], [ 80.02227, 34.69808 ], [ 79.99596, 34.69505 ], [ 79.94335, 34.67989 ], [ 79.91704, 34.68898 ], [ 79.85857, 34.68898 ], [ 79.82349, 34.6617 ], [ 79.81765, 34.6435 ], [ 79.80303, 34.6435 ], [ 79.77088, 34.62228 ], [ 79.78549, 34.60712 ], [ 79.78842, 34.58589 ], [ 79.77088, 34.58286 ], [ 79.75918, 34.56467 ], [ 79.81473, 34.52222 ], [ 79.81473, 34.501 ], [ 79.79719, 34.48583 ], [ 79.76795, 34.47977 ], [ 79.68026, 34.47977 ], [ 79.65103, 34.48887 ], [ 79.60718, 34.4919 ], [ 79.58087, 34.48887 ], [ 79.53702, 34.47674 ], [ 79.50779, 34.47371 ], [ 79.52825, 34.44642 ], [ 79.52825, 34.41913 ], [ 79.56041, 34.41003 ], [ 79.55456, 34.38881 ], [ 79.56333, 34.35849 ], [ 79.56041, 34.3312 ], [ 79.59256, 34.28269 ], [ 79.58672, 34.24327 ], [ 79.57795, 34.22811 ], [ 79.54579, 34.20688 ], [ 79.51948, 34.21295 ], [ 79.50779, 34.20688 ], [ 79.49025, 34.1614 ], [ 79.4961, 34.13714 ], [ 79.46102, 34.10076 ], [ 79.43471, 34.0947 ], [ 79.42009, 34.07954 ], [ 79.41425, 34.05528 ], [ 79.43763, 34.03405 ], [ 79.43471, 34.02193 ], [ 79.41132, 34.01586 ], [ 79.39963, 34.02799 ], [ 79.37625, 34.03405 ], [ 79.30609, 34.04315 ], [ 79.27101, 34.04012 ], [ 79.24763, 34.05225 ], [ 79.19793, 34.05225 ], [ 79.17747, 34.07347 ], [ 79.14824, 34.06437 ], [ 79.14824, 34.04618 ], [ 79.13362, 34.02496 ], [ 79.09562, 34.01889 ], [ 79.04592, 34.03405 ], [ 79.02254, 34.05225 ], [ 78.93777, 34.02193 ], [ 78.90561, 33.97038 ], [ 78.92315, 33.95522 ], [ 78.95238, 33.90367 ], [ 78.95238, 33.88851 ], [ 79.005, 33.79755 ], [ 79.01962, 33.77633 ], [ 79.043, 33.76723 ], [ 79.06054, 33.77026 ], [ 79.06931, 33.7551 ], [ 79.043, 33.74904 ], [ 79.043, 33.73691 ], [ 79.01962, 33.70659 ], [ 79.03715, 33.68536 ], [ 79.06346, 33.67627 ], [ 79.08393, 33.6884 ], [ 79.0927, 33.67627 ], [ 79.08977, 33.65808 ], [ 79.10731, 33.61259 ], [ 79.06639, 33.62775 ], [ 79.01962, 33.62472 ], [ 78.99915, 33.61259 ], [ 78.97869, 33.61259 ], [ 78.92315, 33.63382 ], [ 78.9173, 33.62169 ], [ 78.9173, 33.57924 ], [ 78.929, 33.56105 ], [ 78.94361, 33.5095 ], [ 78.93192, 33.47918 ], [ 78.93192, 33.4337 ], [ 78.95238, 33.40338 ], [ 78.95238, 33.38216 ], [ 78.97284, 33.37003 ], [ 78.99331, 33.33061 ], [ 79.02546, 33.33061 ], [ 79.06054, 33.30939 ], [ 79.11023, 33.29119 ], [ 79.20962, 33.29119 ], [ 79.25055, 33.29726 ], [ 79.27393, 33.28513 ], [ 79.31194, 33.273 ], [ 79.3324, 33.273 ], [ 79.37625, 33.2821 ], [ 79.45517, 33.25784 ], [ 79.45225, 33.22449 ], [ 79.44056, 33.19113 ], [ 79.41717, 33.16081 ], [ 79.38794, 33.11533 ], [ 79.37625, 33.08501 ], [ 79.39378, 33.05469 ], [ 79.39378, 33.0365 ], [ 79.36455, 33.02134 ], [ 79.34994, 33.00618 ], [ 79.36748, 32.99102 ], [ 79.38502, 32.98798 ], [ 79.38502, 32.96676 ], [ 79.42009, 32.96373 ], [ 79.46394, 32.92128 ], [ 79.48148, 32.89096 ], [ 79.51656, 32.85457 ], [ 79.56918, 32.78787 ], [ 79.60133, 32.77877 ], [ 79.61595, 32.76361 ], [ 79.62764, 32.73632 ], [ 79.57502, 32.67568 ], [ 79.56625, 32.67265 ], [ 79.51656, 32.60897 ], [ 79.46686, 32.57259 ], [ 79.46686, 32.56349 ], [ 79.4464, 32.53014 ], [ 79.41425, 32.52711 ], [ 79.39963, 32.53317 ], [ 79.39671, 32.56956 ], [ 79.34409, 32.59078 ], [ 79.32071, 32.59381 ], [ 79.30609, 32.56349 ], [ 79.27686, 32.53317 ], [ 79.25055, 32.53317 ], [ 79.24178, 32.50891 ], [ 79.19501, 32.48163 ], [ 79.14824, 32.48163 ], [ 79.1307, 32.4695 ], [ 79.14824, 32.43614 ], [ 79.14239, 32.41795 ], [ 79.12485, 32.41492 ], [ 79.12193, 32.3937 ], [ 79.09854, 32.38763 ], [ 79.06054, 32.39066 ], [ 79.01377, 32.37854 ], [ 78.99038, 32.33912 ], [ 78.97869, 32.34215 ], [ 78.96115, 32.36641 ], [ 78.90561, 32.39066 ], [ 78.85299, 32.44221 ], [ 78.82668, 32.43918 ], [ 78.82084, 32.46343 ], [ 78.80622, 32.48163 ], [ 78.79161, 32.53014 ], [ 78.77699, 32.55743 ], [ 78.77699, 32.57259 ], [ 78.79453, 32.58775 ], [ 78.79161, 32.61807 ], [ 78.76237, 32.65445 ], [ 78.76822, 32.68781 ], [ 78.7156, 32.65749 ], [ 78.66883, 32.65749 ], [ 78.65422, 32.64233 ], [ 78.6396, 32.60897 ], [ 78.62498, 32.59685 ], [ 78.58991, 32.61504 ], [ 78.57237, 32.61807 ], [ 78.53437, 32.60897 ], [ 78.49929, 32.58168 ], [ 78.47298, 32.58472 ], [ 78.44375, 32.56956 ], [ 78.42913, 32.54833 ], [ 78.42621, 32.53014 ], [ 78.40574, 32.53014 ], [ 78.3999, 32.52711 ], [ 78.3991, 32.52628 ] ], [ [ 76.82875, 33.24347 ], [ 76.82722, 33.24268 ], [ 76.82581, 33.23976 ], [ 76.82887, 33.24255 ], [ 76.82875, 33.24347 ] ] ] ] } }
]
}
